CustomerID,Total_Spending,Total_Orders,Total_Quantity,Last_Purchase,First_Purchase,Unique_Products,Recency,Frequency,Monetary,Average_Order_Value,Customer_Lifetime_Days,Purchase_Rate,Cluster,Hierarchical_Cluster
12346,77183.6,1,74215,2011-01-18 10:01:00,2011-01-18 10:01:00,1,326,1,77183.6,77183.6,0,1.0,1,0
12347,4310.0,7,2458,2011-12-07 15:52:00,2010-12-07 14:57:00,103,2,7,4310.0,615.7142857142857,365,0.01912568306010929,1,1
12348,1797.24,4,2341,2011-09-25 13:13:00,2010-12-16 19:09:00,22,75,4,1797.24,449.31,282,0.014134275618374558,1,0
12349,1757.55,1,631,2011-11-21 09:51:00,2011-11-21 09:51:00,73,19,1,1757.55,1757.55,0,1.0,0,0
12350,334.4,1,197,2011-02-02 16:01:00,2011-02-02 16:01:00,17,310,1,334.4,334.4,0,1.0,0,0
12352,2506.04,8,536,2011-11-03 14:37:00,2011-02-16 12:33:00,59,36,8,2506.04,313.255,260,0.03065134099616858,1,0
12353,89.0,1,20,2011-05-19 17:47:00,2011-05-19 17:47:00,4,204,1,89.0,89.0,0,1.0,0,0
12354,1079.4,1,530,2011-04-21 13:11:00,2011-04-21 13:11:00,58,232,1,1079.4,1079.4,0,1.0,0,0
12355,459.4,1,240,2011-05-09 13:49:00,2011-05-09 13:49:00,13,214,1,459.4,459.4,0,1.0,0,0
12356,2811.43,3,1591,2011-11-17 08:40:00,2011-01-18 09:50:00,53,23,3,2811.43,937.1433333333333,302,0.009900990099009901,1,0
12357,6207.67,1,2708,2011-11-06 16:07:00,2011-11-06 16:07:00,131,33,1,6207.67,6207.67,0,1.0,1,0
12358,1168.06,2,248,2011-12-08 10:26:00,2011-07-12 10:04:00,13,2,2,1168.06,584.03,149,0.013333333333333334,1,1
12359,6310.03,4,1609,2011-10-13 12:47:00,2011-01-12 12:43:00,214,58,4,6310.03,1577.5075,274,0.014545454545454545,1,0
12360,2662.06,3,1165,2011-10-18 15:22:00,2011-05-23 09:43:00,105,52,3,2662.06,887.3533333333334,148,0.020134228187919462,1,0
12361,189.9,1,91,2011-02-25 13:51:00,2011-02-25 13:51:00,10,287,1,189.9,189.9,0,1.0,0,0
12362,5226.23,10,2229,2011-12-06 15:40:00,2011-02-17 10:30:00,201,3,10,5226.23,522.6229999999999,292,0.034129692832764506,1,1
12363,552.0,2,408,2011-08-22 10:18:00,2011-04-11 13:29:00,23,110,2,552.0,276.0,132,0.015037593984962405,0,0
12364,1313.1,4,1506,2011-12-02 10:22:00,2011-08-19 15:24:00,70,8,4,1313.1,328.275,104,0.0380952380952381,1,1
12365,641.38,2,174,2011-02-21 14:04:00,2011-02-21 13:51:00,22,291,2,641.38,320.69,0,2.0,0,0
12367,168.9,1,173,2011-12-05 16:48:00,2011-12-05 16:48:00,11,4,1,168.9,168.9,0,1.0,0,1
12370,3541.94,4,2352,2011-10-19 14:51:00,2010-12-14 12:58:00,143,51,4,3541.94,885.485,309,0.012903225806451613,1,0
12371,1887.96,2,591,2011-10-26 10:16:00,2011-10-11 10:43:00,63,45,2,1887.96,943.98,14,0.13333333333333333,0,0
12372,1298.04,3,794,2011-09-29 12:12:00,2011-02-16 12:46:00,34,72,3,1298.04,432.68,224,0.013333333333333334,0,0
12373,364.6,1,197,2011-02-01 13:10:00,2011-02-01 13:10:00,14,311,1,364.6,364.6,0,1.0,0,0
12374,742.9300000000001,1,342,2011-11-14 15:37:00,2011-11-14 15:37:00,33,25,1,742.9300000000001,742.9300000000001,0,1.0,0,0
12375,457.5,2,178,2011-11-29 10:36:00,2011-09-02 14:23:00,14,11,2,457.5,228.75,87,0.022727272727272728,0,0
12377,1628.12,2,944,2011-01-28 15:45:00,2010-12-20 09:37:00,72,315,2,1628.12,814.06,39,0.05,0,0
12378,4008.62,1,2529,2011-08-02 10:34:00,2011-08-02 10:34:00,219,130,1,4008.62,4008.62,0,1.0,0,0
12379,852.24,2,407,2011-09-19 10:09:00,2011-06-22 16:32:00,39,82,2,852.24,426.12,88,0.02247191011235955,0,0
12380,2724.81,4,1127,2011-11-18 11:27:00,2011-06-07 09:49:00,77,22,4,2724.81,681.2025,164,0.024242424242424242,1,0
12381,1845.31,5,808,2011-12-05 12:44:00,2011-08-12 09:57:00,70,5,5,1845.31,369.062,115,0.04310344827586207,1,1
12383,1850.56,5,1532,2011-06-08 08:02:00,2010-12-22 14:28:00,84,185,5,1850.56,370.11199999999997,167,0.02976190476190476,1,0
12384,585.27,2,126,2011-11-11 08:39:00,2011-08-10 11:23:00,26,29,2,585.27,292.635,92,0.021505376344086023,0,0
12386,401.9,2,354,2011-01-06 12:37:00,2010-12-08 09:53:00,10,338,2,401.9,200.95,29,0.06666666666666667,0,0
12388,2780.66,6,1462,2011-11-24 12:30:00,2011-01-17 11:12:00,57,16,6,2780.66,463.4433333333333,311,0.019230769230769232,1,1
12390,549.84,1,353,2011-09-21 09:33:00,2011-09-21 09:33:00,32,80,1,549.84,549.84,0,1.0,0,0
12391,439.66,1,293,2011-11-18 12:07:00,2011-11-18 12:07:00,92,22,1,439.66,439.66,0,1.0,0,0
12393,1582.6000000000001,4,816,2011-09-28 15:41:00,2011-01-11 09:47:00,47,72,4,1582.6000000000001,395.65000000000003,260,0.01532567049808429,1,0
12394,1272.48,2,819,2011-10-07 08:08:00,2011-05-06 14:01:00,26,64,2,1272.48,636.24,153,0.012987012987012988,0,0
12395,3018.63,12,2118,2011-11-20 15:21:00,2010-12-03 16:35:00,91,19,12,3018.63,251.5525,351,0.03409090909090909,1,1
12397,2409.9,2,1263,2011-11-04 09:52:00,2011-07-27 14:21:00,110,36,2,2409.9,1204.95,99,0.02,1,0
12398,1635.6599999999999,1,1394,2011-10-25 10:27:00,2011-10-25 10:27:00,85,46,1,1635.6599999999999,1635.6599999999999,0,1.0,0,0
12399,1108.65,4,1178,2011-08-12 13:15:00,2011-03-23 09:42:00,47,119,4,1108.65,277.1625,142,0.027972027972027972,0,0
12401,84.3,1,11,2011-02-09 13:50:00,2011-02-09 13:50:00,5,303,1,84.3,84.3,0,1.0,0,0
12402,225.6,1,94,2011-01-20 13:49:00,2011-01-20 13:49:00,11,323,1,225.6,225.6,0,1.0,0,0
12403,427.7,1,96,2011-10-21 10:51:00,2011-10-21 10:51:00,5,50,1,427.7,427.7,0,1.0,0,0
12405,1710.39,1,857,2011-07-14 08:52:00,2011-07-14 08:52:00,54,149,1,1710.39,1710.39,0,1.0,0,0
12406,3415.3,2,1818,2011-11-17 19:22:00,2011-06-09 10:23:00,92,22,2,3415.3,1707.65,161,0.012345679012345678,1,0
12407,1708.1200000000001,5,1416,2011-10-21 10:11:00,2011-03-20 13:21:00,57,50,5,1708.1200000000001,341.624,214,0.023255813953488372,1,0
12408,2888.55,5,1409,2011-11-07 12:27:00,2011-03-24 14:46:00,81,33,5,2888.55,577.71,227,0.021929824561403508,1,0
12409,11072.67,3,5551,2011-09-22 10:38:00,2011-06-10 12:19:00,91,79,3,11072.67,3690.89,103,0.028846153846153848,1,0
12410,693.3299999999999,2,211,2011-02-04 10:39:00,2011-02-04 10:38:00,26,309,2,693.3299999999999,346.66499999999996,0,2.0,0,0
12412,1226.88,3,829,2011-09-26 10:16:00,2011-06-23 13:51:00,43,75,3,1226.88,408.96000000000004,94,0.031578947368421054,0,0
12413,758.1,3,286,2011-10-04 09:00:00,2011-01-06 16:12:00,29,67,3,758.1,252.70000000000002,270,0.01107011070110701,0,0
12414,562.41,3,300,2011-05-06 14:51:00,2011-02-02 14:51:00,16,217,3,562.41,187.47,93,0.031914893617021274,0,0
12415,124914.53,21,77374,2011-11-15 14:22:00,2011-01-06 11:12:00,444,24,21,124914.53,5948.310952380953,313,0.06687898089171974,1,1
12417,3649.1,9,1552,2011-12-06 14:52:00,2010-12-17 11:51:00,158,3,9,3649.1,405.4555555555555,354,0.02535211267605634,1,1
12418,668.58,1,407,2011-08-19 11:08:00,2011-08-19 11:08:00,34,113,1,668.58,668.58,0,1.0,0,0
12420,600.39,1,345,2011-10-07 08:55:00,2011-10-07 08:55:00,29,64,1,600.39,600.39,0,1.0,0,0
12421,807.04,4,484,2011-11-24 09:07:00,2011-01-24 15:09:00,32,16,4,807.04,201.76,303,0.013157894736842105,1,0
12422,803.5600000000001,3,370,2011-09-05 09:48:00,2011-01-19 09:13:00,39,96,3,803.5600000000001,267.85333333333335,229,0.013043478260869565,0,0
12423,1859.31,8,1339,2011-12-09 10:10:00,2010-12-21 10:54:00,97,1,8,1859.31,232.41375,352,0.0226628895184136,1,1
12424,1760.96,2,740,2011-06-30 12:06:00,2011-06-30 12:06:00,30,163,2,1760.96,880.48,0,2.0,0,0
12425,777.2,1,496,2011-09-22 17:31:00,2011-09-22 17:31:00,36,78,1,777.2,777.2,0,1.0,0,0
12426,582.73,1,258,2011-05-29 12:26:00,2011-05-29 12:26:00,30,195,1,582.73,582.73,0,1.0,0,0
12427,825.8,3,533,2011-11-18 08:56:00,2010-12-03 10:44:00,26,22,3,825.8,275.26666666666665,349,0.008571428571428572,1,0
12428,7956.46,9,3536,2011-11-14 08:22:00,2011-03-01 09:33:00,258,26,9,7956.46,884.0511111111111,257,0.03488372093023256,1,1
12429,3750.4,4,1557,2011-11-30 17:22:00,2010-12-09 12:05:00,82,9,4,3750.4,937.6,356,0.011204481792717087,1,1
12430,256.4,1,117,2011-10-27 15:09:00,2011-10-27 15:09:00,11,43,1,256.4,256.4,0,1.0,0,0
12431,6419.95,15,2896,2011-11-04 11:55:00,2010-12-01 10:03:00,163,36,15,6419.95,427.99666666666667,338,0.04424778761061947,1,1
12432,5059.32,5,1801,2011-10-28 11:43:00,2011-06-20 13:27:00,107,43,5,5059.32,1011.8639999999999,129,0.038461538461538464,1,0
12433,13375.87,7,11071,2011-12-09 10:02:00,2010-12-01 13:24:00,219,1,7,13375.87,1910.8385714285716,372,0.01876675603217158,1,1
12434,806.14,2,394,2011-09-16 12:38:00,2011-03-24 13:05:00,46,85,2,806.14,403.07,175,0.011363636363636364,0,0
12435,7829.89,2,2055,2011-09-21 09:06:00,2011-03-17 07:40:00,31,80,2,7829.89,3914.945,188,0.010582010582010581,1,0
12436,509.01,1,211,2011-09-01 12:09:00,2011-09-01 12:09:00,16,100,1,509.01,509.01,0,1.0,0,0
12437,4951.41,18,2922,2011-12-08 11:35:00,2011-01-12 14:13:00,118,2,18,4951.41,275.0783333333333,329,0.05454545454545454,1,1
12438,2906.85,2,1180,2011-11-25 13:28:00,2011-07-22 13:29:00,84,14,2,2906.85,1453.425,125,0.015873015873015872,1,0
12441,173.55,1,121,2010-12-08 10:45:00,2010-12-08 10:45:00,11,367,1,173.55,173.55,0,1.0,0,0
12442,172.06,1,182,2011-12-06 14:22:00,2011-12-06 14:22:00,12,3,1,172.06,172.06,0,1.0,0,1
12444,5005.46,5,1153,2011-11-18 13:23:00,2011-06-21 14:00:00,138,21,5,5005.46,1001.092,149,0.03333333333333333,1,0
12445,133.4,1,62,2011-11-17 18:43:00,2011-11-17 18:43:00,4,22,1,133.4,133.4,0,1.0,0,0
12446,1002.3100000000001,1,351,2011-10-13 12:50:00,2011-10-13 12:50:00,57,58,1,1002.3100000000001,1002.3100000000001,0,1.0,0,0
12447,476.49,1,190,2011-04-10 13:25:00,2011-04-10 13:25:00,26,243,1,476.49,476.49,0,1.0,0,0
12448,449.45,1,243,2011-10-26 13:46:00,2011-10-26 13:46:00,22,44,1,449.45,449.45,0,1.0,0,0
12449,4067.29,4,1553,2011-11-17 13:46:00,2011-06-05 15:37:00,118,22,4,4067.29,1016.8225,164,0.024242424242424242,1,0
12450,197.88,2,128,2011-07-06 14:41:00,2011-06-19 14:36:00,7,156,2,197.88,98.94,17,0.1111111111111111,0,0
12451,9035.52,5,6575,2011-11-29 08:40:00,2011-01-19 09:05:00,265,11,5,9035.52,1807.104,313,0.01592356687898089,1,1
12452,430.57,2,185,2011-11-23 10:28:00,2011-11-23 08:05:00,21,17,2,430.57,215.285,0,2.0,0,0
12453,707.09,1,473,2011-07-28 14:08:00,2011-07-28 14:08:00,43,134,1,707.09,707.09,0,1.0,0,0
12454,3528.34,1,1006,2011-10-14 17:13:00,2011-10-14 17:13:00,15,56,1,3528.34,3528.34,0,1.0,0,0
12455,2466.86,6,2089,2011-09-27 15:31:00,2011-02-16 09:56:00,85,73,6,2466.86,411.1433333333334,223,0.026785714285714284,1,0
12456,3181.04,3,1633,2011-10-26 14:41:00,2011-03-30 09:12:00,105,44,3,3181.04,1060.3466666666666,210,0.014218009478672985,1,0
12457,2363.23,7,843,2011-10-04 13:13:00,2011-04-14 18:57:00,53,66,7,2363.23,337.6042857142857,172,0.04046242774566474,1,0
12458,947.4,2,506,2011-09-29 15:25:00,2011-02-28 10:55:00,35,71,2,947.4,473.7,213,0.009345794392523364,0,0
12461,826.88,2,287,2011-09-06 16:57:00,2011-07-08 10:23:00,35,94,2,826.88,413.44,60,0.03278688524590164,0,0
12462,1189.59,2,536,2011-11-21 09:11:00,2011-02-09 14:44:00,51,19,2,1189.59,594.795,284,0.007017543859649123,1,0
12463,1344.78,4,776,2011-10-17 13:44:00,2011-04-12 12:47:00,65,53,4,1344.78,336.195,188,0.021164021164021163,1,0
12464,1212.05,8,112,2011-11-29 13:33:00,2011-02-03 13:30:00,6,10,8,1212.05,151.50625,299,0.02666666666666667,1,1
12465,742.1899999999999,2,479,2011-11-22 16:34:00,2011-06-23 13:37:00,46,17,2,742.1899999999999,371.09499999999997,152,0.013071895424836602,0,0
12468,729.5400000000001,2,366,2011-06-05 11:36:00,2011-01-27 13:29:00,36,188,2,729.5400000000001,364.77000000000004,128,0.015503875968992248,0,0
12471,19788.65,30,8200,2011-12-07 15:43:00,2010-12-10 09:35:00,150,2,30,19788.65,659.6216666666667,362,0.08264462809917356,1,1
12472,6572.11,7,4148,2011-11-07 14:01:00,2010-12-05 14:19:00,219,32,7,6572.11,938.8728571428571,336,0.020771513353115726,1,1
12473,3928.0499999999997,5,2414,2011-11-10 13:46:00,2011-06-01 10:15:00,140,29,5,3928.0499999999997,785.6099999999999,162,0.03067484662576687,1,0
12474,7324.09,18,4833,2011-11-22 14:39:00,2011-01-14 10:06:00,253,17,18,7324.09,406.8938888888889,312,0.05750798722044728,1,1
12475,723.38,1,535,2011-10-17 10:10:00,2011-10-17 10:10:00,36,54,1,723.38,723.38,0,1.0,0,0
12476,6816.42,11,2408,2011-11-24 12:40:00,2010-12-13 14:39:00,177,16,11,6816.42,619.6745454545454,345,0.031791907514450865,1,1
12477,13219.74,6,3653,2011-11-17 09:51:00,2011-02-11 12:45:00,191,23,6,13219.74,2203.29,278,0.021505376344086023,1,1
12478,680.99,1,236,2011-12-06 09:56:00,2011-12-06 09:56:00,36,4,1,680.99,680.99,0,1.0,0,1
12479,527.2,1,385,2011-11-28 13:26:00,2011-11-28 13:26:00,31,11,1,527.2,527.2,0,1.0,0,0
12480,3281.63,4,1707,2011-11-11 14:52:00,2011-01-07 15:27:00,129,28,4,3281.63,820.4075,307,0.012987012987012988,1,0
12481,5579.82,10,3294,2011-11-17 08:29:00,2010-12-09 10:13:00,150,23,10,5579.82,557.982,342,0.029154518950437316,1,1
12483,2484.98,8,1110,2011-11-22 17:02:00,2011-01-04 14:20:00,46,17,8,2484.98,310.6225,322,0.02476780185758514,1,1
12484,4527.32,6,2187,2011-11-07 11:37:00,2011-01-07 14:04:00,256,33,6,4527.32,754.5533333333333,303,0.019736842105263157,1,0
12488,1298.66,3,529,2011-11-30 08:50:00,2011-09-25 10:34:00,46,10,3,1298.66,432.8866666666667,65,0.045454545454545456,1,1
12489,334.93,1,105,2011-01-07 13:13:00,2011-01-07 13:13:00,15,336,1,334.93,334.93,0,1.0,0,0
12490,5417.93,10,3064,2011-12-04 16:07:00,2011-01-14 09:13:00,131,5,10,5417.93,541.793,324,0.03076923076923077,1,1
12491,460.40000000000003,1,260,2011-11-01 12:18:00,2011-11-01 12:18:00,25,39,1,460.40000000000003,460.40000000000003,0,1.0,0,0
12492,263.21000000000004,2,192,2011-10-07 15:15:00,2011-08-26 14:51:00,19,63,2,263.21000000000004,131.60500000000002,42,0.046511627906976744,0,0
12493,433.74,2,207,2011-06-27 10:17:00,2011-05-26 14:53:00,20,166,2,433.74,216.87,31,0.0625,0,0
12494,1246.1000000000001,7,707,2011-11-24 09:34:00,2010-12-09 11:31:00,63,16,7,1246.1000000000001,178.01428571428573,349,0.02,1,1
12497,1043.1,1,1236,2011-09-19 12:29:00,2011-09-19 12:29:00,14,82,1,1043.1,1043.1,0,1.0,0,0
12498,403.70000000000005,3,159,2011-11-18 12:53:00,2011-10-13 09:30:00,21,21,3,403.70000000000005,134.5666666666667,36,0.08108108108108109,0,0
12500,4257.82,11,2678,2011-11-16 16:20:00,2011-01-10 09:48:00,34,23,11,4257.82,387.07454545454544,310,0.03536977491961415,1,1
12501,2169.39,1,1783,2011-01-07 12:28:00,2011-01-07 12:28:00,149,337,1,2169.39,2169.39,0,1.0,0,0
12502,3723.87,5,820,2011-09-05 11:52:00,2011-02-03 10:41:00,102,96,5,3723.87,744.774,214,0.023255813953488372,1,0
12504,482.04999999999995,2,90,2011-11-21 16:02:00,2011-11-09 14:56:00,6,18,2,482.04999999999995,241.02499999999998,12,0.15384615384615385,0,0
12506,73.5,1,23,2011-04-21 08:54:00,2011-04-21 08:54:00,23,233,1,73.5,73.5,0,1.0,0,0
12507,1304.81,3,894,2011-07-28 17:09:00,2011-02-14 09:24:00,19,134,3,1304.81,434.93666666666667,164,0.01818181818181818,0,0
12508,397.88,2,271,2011-11-13 15:37:00,2011-11-10 16:27:00,57,26,2,397.88,198.94,2,0.6666666666666666,0,0
12509,176.5,1,55,2011-02-28 14:45:00,2011-02-28 14:45:00,7,284,1,176.5,176.5,0,1.0,0,0
12510,982.5699999999999,2,353,2011-07-20 10:15:00,2011-01-18 14:04:00,29,143,2,982.5699999999999,491.28499999999997,182,0.01092896174863388,0,0
12512,132.18,2,96,2011-10-04 14:55:00,2011-10-04 14:53:00,31,66,2,132.18,66.09,0,2.0,0,0
12513,612.29,1,462,2011-08-19 10:51:00,2011-08-19 10:51:00,35,113,1,612.29,612.29,0,1.0,0,0
12514,1017.68,1,440,2011-03-17 16:38:00,2011-03-17 16:38:00,51,267,1,1017.68,1017.68,0,1.0,0,0
12515,383.7,1,131,2010-12-21 15:43:00,2010-12-21 15:43:00,16,353,1,383.7,383.7,0,1.0,0,0
12516,1312.06,2,875,2011-09-23 09:13:00,2011-06-12 11:37:00,20,78,2,1312.06,656.03,102,0.019417475728155338,0,0
12517,2481.6,5,1361,2011-11-11 14:04:00,2011-06-02 15:13:00,232,28,5,2481.6,496.32,161,0.030864197530864196,1,0
12518,2056.89,5,1318,2011-12-09 10:13:00,2011-08-21 13:18:00,84,1,5,2056.89,411.378,109,0.045454545454545456,1,1
12519,330.84,1,175,2011-10-07 09:26:00,2011-10-07 09:26:00,17,64,1,330.84,330.84,0,1.0,0,0
12520,2634.26,5,1439,2011-09-21 15:23:00,2011-03-11 11:35:00,121,79,5,2634.26,526.8520000000001,194,0.02564102564102564,1,0
12521,599.68,1,309,2011-07-20 10:51:00,2011-07-20 10:51:00,38,143,1,599.68,599.68,0,1.0,0,0
12522,192.72,2,194,2011-10-31 15:30:00,2011-10-19 14:41:00,11,39,2,192.72,96.36,12,0.15384615384615385,0,0
12523,1789.77,11,865,2011-11-20 12:55:00,2011-01-12 09:43:00,84,19,11,1789.77,162.70636363636365,312,0.03514376996805112,1,1
12524,4485.72,8,3699,2011-11-30 15:31:00,2011-01-10 10:35:00,113,9,8,4485.72,560.715,324,0.024615384615384615,1,1
12526,1316.66,3,632,2011-12-09 12:09:00,2011-09-06 14:19:00,64,1,3,1316.66,438.8866666666667,93,0.031914893617021274,1,1
12527,348.71000000000004,3,234,2011-09-19 11:55:00,2011-01-18 12:05:00,18,82,3,348.71000000000004,116.23666666666668,243,0.012295081967213115,0,0
12528,1933.48,6,756,2011-11-30 14:40:00,2011-01-31 09:05:00,50,9,6,1933.48,322.24666666666667,303,0.019736842105263157,1,1
12530,1662.28,4,913,2011-10-11 12:34:00,2011-01-07 10:04:00,51,60,4,1662.28,415.57,277,0.014388489208633094,1,0
12531,125.22,1,45,2011-11-25 11:12:00,2011-11-25 11:12:00,17,15,1,125.22,125.22,0,1.0,0,0
12532,349.83000000000004,1,153,2011-11-09 13:47:00,2011-11-09 13:47:00,16,30,1,349.83000000000004,349.83000000000004,0,1.0,0,0
12534,1089.18,1,651,2011-08-01 10:26:00,2011-08-01 10:26:00,63,131,1,1089.18,1089.18,0,1.0,0,0
12535,716.35,2,219,2011-09-09 08:48:00,2011-06-06 12:47:00,28,92,2,716.35,358.175,94,0.021052631578947368,0,0
12536,12601.830000000002,3,2803,2011-10-27 14:20:00,2011-10-11 14:52:00,260,43,3,12601.830000000002,4200.610000000001,15,0.1875,1,0
12538,363.95,1,191,2011-11-10 17:16:00,2011-11-10 17:16:00,21,29,1,363.95,363.95,0,1.0,0,0
12539,5568.35,4,2067,2011-11-17 13:30:00,2011-01-10 09:11:00,157,22,4,5568.35,1392.0875,311,0.01282051282051282,1,0
12540,13400.24,17,6685,2011-11-20 11:31:00,2010-12-13 09:39:00,277,20,17,13400.24,788.2494117647059,342,0.04956268221574344,1,1
12541,981.18,3,680,2011-11-10 10:40:00,2011-03-04 09:32:00,46,30,3,981.18,327.06,251,0.011904761904761904,1,0
12544,372.7,1,136,2011-11-03 16:15:00,2011-11-03 16:15:00,19,36,1,372.7,372.7,0,1.0,0,0
12545,1000.39,2,523,2011-09-25 13:39:00,2011-03-25 12:04:00,42,75,2,1000.39,500.195,184,0.010810810810810811,0,0
12546,1161.5,2,633,2011-10-24 12:09:00,2011-09-23 09:44:00,59,47,2,1161.5,580.75,31,0.0625,0,0
12547,207.79999999999998,2,134,2011-05-26 12:38:00,2011-03-04 12:46:00,7,198,2,207.79999999999998,103.89999999999999,82,0.024096385542168676,0,0
12548,95.19999999999999,1,49,2011-06-26 15:35:00,2011-06-26 15:35:00,5,166,1,95.19999999999999,95.19999999999999,0,1.0,0,0
12550,964.83,1,569,2011-09-21 14:35:00,2011-09-21 14:35:00,57,79,1,964.83,964.83,0,1.0,0,0
12551,168.0,1,100,2010-12-17 11:23:00,2010-12-17 11:23:00,10,358,1,168.0,168.0,0,1.0,0,0
12552,437.82,2,88,2011-11-01 10:02:00,2011-10-31 12:11:00,20,39,2,437.82,218.91,0,2.0,0,0
12553,3692.28,10,1965,2011-12-01 16:38:00,2011-01-14 10:42:00,95,8,10,3692.28,369.228,321,0.031055900621118012,1,1
12556,599.56,2,355,2011-10-20 13:06:00,2011-07-11 13:35:00,100,50,2,599.56,299.78,100,0.019801980198019802,0,0
12557,11990.960000000001,5,4384,2011-11-23 16:59:00,2010-12-03 12:20:00,15,16,5,11990.960000000001,2398.192,355,0.014044943820224719,1,1
12558,269.96,1,196,2011-12-02 10:41:00,2011-12-02 10:41:00,11,8,1,269.96,269.96,0,1.0,0,0
12559,561.71,2,283,2011-02-02 09:49:00,2011-01-24 10:12:00,21,311,2,561.71,280.855,8,0.2222222222222222,0,0
12560,2134.01,3,1110,2011-12-04 13:54:00,2011-07-19 15:55:00,91,5,3,2134.01,711.3366666666667,137,0.021739130434782608,1,1
12561,238.85,1,177,2011-02-10 11:39:00,2011-02-10 11:39:00,16,303,1,238.85,238.85,0,1.0,0,0
12562,3781.7400000000002,7,1779,2011-12-01 17:20:00,2011-05-25 12:44:00,99,8,7,3781.7400000000002,540.2485714285715,190,0.03664921465968586,1,1
12564,456.9,1,133,2011-03-23 14:55:00,2011-03-23 14:55:00,21,261,1,456.9,456.9,0,1.0,0,0
12565,145.92,1,80,2011-02-24 10:34:00,2011-02-24 10:34:00,9,289,1,145.92,145.92,0,1.0,0,0
12566,351.65,1,265,2011-09-14 14:30:00,2011-09-14 14:30:00,19,86,1,351.65,351.65,0,1.0,0,0
12567,9401.28,10,4305,2011-11-17 11:02:00,2010-12-05 11:57:00,323,23,10,9401.28,940.128,346,0.02881844380403458,1,1
12569,4124.69,32,1801,2011-12-07 16:24:00,2011-04-01 13:47:00,92,2,32,4124.69,128.8965625,250,0.12749003984063745,1,1
12571,519.61,2,523,2011-10-31 10:19:00,2011-08-10 12:35:00,31,40,2,519.61,259.805,81,0.024390243902439025,0,0
12572,1020.42,2,452,2011-12-01 09:20:00,2011-10-19 08:20:00,53,9,2,1020.42,510.21,43,0.045454545454545456,1,1
12573,160.54000000000002,1,84,2011-04-26 15:52:00,2011-04-26 15:52:00,26,227,1,160.54000000000002,160.54000000000002,0,1.0,0,0
12574,218.45,1,61,2011-01-28 09:20:00,2011-01-28 09:20:00,11,316,1,218.45,218.45,0,1.0,0,0
12576,1315.83,5,967,2011-11-04 10:11:00,2011-02-08 11:31:00,72,36,5,1315.83,263.166,268,0.01858736059479554,1,0
12577,626.6,3,469,2011-11-04 13:24:00,2010-12-15 16:21:00,137,35,3,626.6,208.86666666666667,323,0.009259259259259259,0,0
12578,2794.51,2,1196,2011-11-18 13:30:00,2011-01-13 15:34:00,111,21,2,2794.51,1397.255,308,0.006472491909385114,1,0
12579,440.42,1,285,2011-09-22 17:15:00,2011-09-22 17:15:00,29,78,1,440.42,440.42,0,1.0,0,0
12580,415.7,1,238,2011-04-07 10:24:00,2011-04-07 10:24:00,24,247,1,415.7,415.7,0,1.0,0,0
12581,197.71,1,161,2011-10-31 08:56:00,2011-10-31 08:56:00,15,40,1,197.71,197.71,0,1.0,0,0
12582,511.36,2,300,2011-04-15 08:45:00,2011-02-24 11:42:00,21,239,2,511.36,255.68,49,0.04,0,0
12583,7281.38,15,5060,2011-12-07 08:07:00,2010-12-01 08:45:00,115,3,15,7281.38,485.42533333333336,370,0.04043126684636118,1,1
12584,2338.15,9,416,2011-12-06 09:35:00,2011-03-04 15:15:00,44,4,9,2338.15,259.7944444444445,276,0.032490974729241874,1,1
12585,2040.1,2,1279,2011-04-19 13:39:00,2010-12-23 12:58:00,77,234,2,2040.1,1020.05,117,0.01694915254237288,0,0
12586,196.94000000000003,1,79,2011-11-22 16:24:00,2011-11-22 16:24:00,11,17,1,196.94000000000003,196.94000000000003,0,1.0,0,0
12587,144.0,1,51,2011-12-02 12:47:00,2011-12-02 12:47:00,4,8,1,144.0,144.0,0,1.0,0,0
12588,214.89999999999998,1,53,2011-10-31 15:01:00,2011-10-31 15:01:00,10,39,1,214.89999999999998,214.89999999999998,0,1.0,0,0
12589,646.68,2,306,2011-11-11 10:19:00,2011-07-18 12:05:00,29,29,2,646.68,323.34,115,0.017241379310344827,0,0
12590,9864.26,2,4283,2011-05-12 14:52:00,2011-05-12 14:46:00,68,211,2,9864.26,4932.13,0,2.0,1,0
12591,452.84999999999997,1,228,2011-01-26 14:35:00,2011-01-26 14:35:00,26,317,1,452.84999999999997,452.84999999999997,0,1.0,0,0
12592,437.6,2,290,2011-09-08 15:04:00,2011-05-10 13:44:00,11,92,2,437.6,218.8,121,0.01639344262295082,0,0
12593,418.09999999999997,3,206,2011-08-23 12:43:00,2011-05-05 09:29:00,14,109,3,418.09999999999997,139.36666666666665,110,0.02702702702702703,0,0
12594,3338.2200000000003,10,1777,2011-11-02 12:20:00,2011-01-21 09:52:00,50,38,10,3338.2200000000003,333.822,285,0.03496503496503497,1,1
12596,618.27,2,474,2011-10-19 13:02:00,2011-04-11 13:22:00,25,51,2,618.27,309.135,190,0.010471204188481676,0,0
12597,3811.22,4,2236,2011-11-20 13:33:00,2011-03-16 14:00:00,184,19,4,3811.22,952.805,248,0.01606425702811245,1,0
12598,3023.08,8,1964,2011-11-30 12:18:00,2011-02-28 11:58:00,84,10,8,3023.08,377.885,275,0.028985507246376812,1,1
12599,1032.58,7,956,2011-11-10 13:34:00,2011-02-08 13:28:00,32,29,7,1032.58,147.51142857142855,275,0.025362318840579712,1,1
12600,2599.04,10,774,2011-11-11 10:29:00,2010-12-03 12:57:00,32,29,10,2599.04,259.904,342,0.029154518950437316,1,1
12601,577.0600000000001,5,245,2011-06-03 10:17:00,2011-01-11 10:38:00,21,190,5,577.0600000000001,115.412,142,0.03496503496503497,0,0
12602,153.12,1,162,2011-10-12 11:22:00,2011-10-12 11:22:00,12,59,1,153.12,153.12,0,1.0,0,0
12603,739.1999999999999,1,63,2011-11-18 10:42:00,2011-11-18 10:42:00,2,22,1,739.1999999999999,739.1999999999999,0,1.0,0,0
12604,254.18,2,201,2011-09-21 14:08:00,2011-03-23 12:06:00,15,79,2,254.18,127.09,182,0.01092896174863388,0,0
12607,1579.51,1,1228,2011-10-10 16:06:00,2011-10-10 16:06:00,101,60,1,1579.51,1579.51,0,1.0,0,0
12609,1126.85,3,648,2011-09-22 16:34:00,2011-01-25 15:13:00,57,78,3,1126.85,375.6166666666666,240,0.012448132780082987,0,0
12610,2099.54,5,1049,2011-11-17 09:34:00,2011-08-05 13:52:00,85,23,5,2099.54,419.908,103,0.04807692307692308,1,0
12611,1193.32,1,846,2011-10-18 13:12:00,2011-10-18 13:12:00,65,52,1,1193.32,1193.32,0,1.0,0,0
12612,704.0400000000001,1,262,2011-09-26 15:35:00,2011-09-26 15:35:00,19,74,1,704.0400000000001,704.0400000000001,0,1.0,0,0
12613,3344.38,5,1644,2011-10-13 14:59:00,2011-03-22 15:42:00,124,57,5,3344.38,668.876,204,0.024390243902439025,1,0
12614,315.6,1,76,2011-03-07 10:22:00,2011-03-07 10:22:00,20,278,1,315.6,315.6,0,1.0,0,0
12615,2291.19,4,1376,2011-12-07 15:02:00,2011-06-24 13:35:00,82,2,4,2291.19,572.7975,166,0.023952095808383235,1,1
12616,713.3,2,284,2011-09-05 15:17:00,2011-02-15 14:17:00,25,95,2,713.3,356.65,202,0.009852216748768473,0,0
12617,352.98,1,210,2011-11-10 14:39:00,2011-11-10 14:39:00,39,29,1,352.98,352.98,0,1.0,0,0
12618,177.31,1,96,2011-11-18 11:10:00,2011-11-18 11:10:00,11,22,1,177.31,177.31,0,1.0,0,0
12619,3641.24,9,3378,2011-11-23 14:52:00,2011-03-31 13:10:00,50,16,9,3641.24,404.5822222222222,237,0.037815126050420166,1,1
12620,1339.41,3,1181,2011-11-25 10:20:00,2011-05-19 12:10:00,89,15,3,1339.41,446.47,189,0.015789473684210527,1,0
12621,13689.67,20,7440,2011-12-08 11:25:00,2010-12-09 10:16:00,261,2,20,13689.67,684.4835,364,0.0547945205479452,1,1
12622,180.1,1,69,2011-04-21 16:39:00,2011-04-21 16:39:00,11,232,1,180.1,180.1,0,1.0,0,0
12623,305.1,1,191,2011-03-08 13:50:00,2011-03-08 13:50:00,18,276,1,305.1,305.1,0,1.0,0,0
12624,641.13,2,355,2011-08-25 15:04:00,2011-06-15 12:34:00,36,106,2,641.13,320.565,71,0.027777777777777776,0,0
12625,2683.82,2,1612,2011-05-12 09:54:00,2011-01-24 13:27:00,73,212,2,2683.82,1341.91,107,0.018518518518518517,0,0
12626,6620.48,9,3453,2011-11-16 16:06:00,2011-01-17 11:01:00,232,23,9,6620.48,735.6088888888888,303,0.029605263157894735,1,1
12627,4478.53,7,2752,2011-11-29 12:07:00,2011-07-22 13:59:00,162,11,7,4478.53,639.79,129,0.05384615384615385,1,1
12628,786.46,3,448,2011-12-05 13:15:00,2011-10-06 09:28:00,34,4,3,786.46,262.15333333333336,60,0.04918032786885246,1,1
12630,1270.88,2,548,2011-11-30 10:48:00,2011-10-27 10:41:00,60,10,2,1270.88,635.44,34,0.05714285714285714,1,1
12631,640.5,1,236,2011-10-13 13:53:00,2011-10-13 13:53:00,31,57,1,640.5,640.5,0,1.0,0,0
12633,2163.98,4,1162,2011-10-12 11:40:00,2011-02-25 08:44:00,73,59,4,2163.98,540.995,229,0.017391304347826087,1,0
12635,1689.18,2,1172,2011-09-11 11:04:00,2011-07-08 08:43:00,96,90,2,1689.18,844.59,65,0.030303030303030304,0,0
12637,6002.9,8,2994,2011-10-03 13:46:00,2011-01-20 10:47:00,205,67,8,6002.9,750.3625,256,0.0311284046692607,1,0
12638,671.69,1,577,2011-11-06 13:11:00,2011-11-06 13:11:00,39,33,1,671.69,671.69,0,1.0,0,0
12639,486.1,1,201,2011-04-15 12:48:00,2011-04-15 12:48:00,22,239,1,486.1,486.1,0,1.0,0,0
12640,1174.58,3,311,2011-11-16 11:52:00,2011-09-19 12:01:00,47,24,3,1174.58,391.52666666666664,57,0.05172413793103448,1,0
12641,185.9,1,72,2011-08-16 13:26:00,2011-08-16 13:26:00,10,115,1,185.9,185.9,0,1.0,0,0
12642,1013.26,3,552,2011-11-14 15:03:00,2011-08-24 09:23:00,39,25,3,1013.26,337.75333333333333,82,0.03614457831325301,1,0
12643,3344.64,6,1808,2011-08-03 12:56:00,2011-01-11 11:48:00,11,128,6,3344.64,557.4399999999999,204,0.02926829268292683,1,0
12644,477.91,1,325,2011-08-02 10:33:00,2011-08-02 10:33:00,31,130,1,477.91,477.91,0,1.0,0,0
12645,1775.18,4,1084,2011-11-06 12:38:00,2011-01-27 13:08:00,58,34,4,1775.18,443.795,282,0.014134275618374558,1,0
12646,1346.97,2,897,2011-12-05 10:14:00,2011-10-21 12:52:00,43,5,2,1346.97,673.485,44,0.044444444444444446,1,1
12647,3722.82,12,1431,2011-11-17 12:56:00,2010-12-05 14:02:00,78,22,12,3722.82,310.235,346,0.0345821325648415,1,1
12648,318.05,1,160,2011-07-08 11:55:00,2011-07-08 11:55:00,21,155,1,318.05,318.05,0,1.0,0,0
12649,623.51,3,586,2011-08-24 14:41:00,2011-05-11 14:37:00,28,107,3,623.51,207.83666666666667,105,0.02830188679245283,0,0
12650,314.44,1,254,2011-12-06 16:34:00,2011-12-06 16:34:00,20,3,1,314.44,314.44,0,1.0,0,1
12651,114.0,1,78,2011-01-09 12:46:00,2011-01-09 12:46:00,9,335,1,114.0,114.0,0,1.0,0,0
12652,919.98,1,505,2011-01-12 15:00:00,2011-01-12 15:00:00,48,331,1,919.98,919.98,0,1.0,0,0
12653,2209.85,2,919,2011-07-14 10:41:00,2011-02-16 10:53:00,37,149,2,2209.85,1104.925,147,0.013513513513513514,0,0
12654,601.98,5,264,2011-11-29 10:10:00,2011-02-17 13:16:00,31,11,5,601.98,120.396,284,0.017543859649122806,1,1
12656,4051.17,5,1723,2011-11-22 13:42:00,2011-04-20 09:20:00,89,17,5,4051.17,810.234,216,0.02304147465437788,1,0
12657,1643.18,4,1044,2011-11-28 15:47:00,2011-09-22 11:40:00,35,11,4,1643.18,410.795,67,0.058823529411764705,1,1
12658,686.05,1,320,2011-11-21 10:22:00,2011-11-21 10:22:00,36,19,1,686.05,686.05,0,1.0,0,0
12659,91.68,1,105,2011-11-10 11:53:00,2011-11-10 11:53:00,5,30,1,91.68,91.68,0,1.0,0,0
12660,245.1,1,127,2011-11-28 13:26:00,2011-11-28 13:26:00,13,11,1,245.1,245.1,0,1.0,0,0
12662,3849.78,11,2058,2011-12-09 11:59:00,2010-12-01 13:04:00,129,1,11,3849.78,349.98,372,0.029490616621983913,1,1
12664,4881.88,9,1203,2011-12-01 17:07:00,2011-01-21 11:42:00,10,8,9,4881.88,542.4311111111111,314,0.02857142857142857,1,1
12665,63.0,1,37,2011-01-19 08:34:00,2011-01-19 08:34:00,3,325,1,63.0,63.0,0,1.0,0,0
12667,620.13,1,395,2011-10-12 17:00:00,2011-10-12 17:00:00,33,58,1,620.13,620.13,0,1.0,0,0
12668,3807.15,4,1634,2011-11-28 10:56:00,2010-12-19 12:46:00,115,12,4,3807.15,951.7875,343,0.011627906976744186,1,1
12669,2744.0299999999997,3,1115,2011-07-12 09:54:00,2011-03-28 10:15:00,98,151,3,2744.0299999999997,914.6766666666666,105,0.02830188679245283,0,0
12670,2996.05,5,1397,2011-11-29 15:23:00,2011-04-21 10:16:00,58,10,5,2996.05,599.21,222,0.02242152466367713,1,1
12672,225.89999999999998,1,78,2011-01-14 09:20:00,2011-01-14 09:20:00,10,330,1,225.89999999999998,225.89999999999998,0,1.0,0,0
12673,610.52,2,351,2011-12-04 13:55:00,2011-01-17 11:46:00,42,5,2,610.52,305.26,321,0.006211180124223602,1,1
12674,1970.6,4,1133,2011-11-01 12:12:00,2011-05-16 09:10:00,52,39,4,1970.6,492.65,169,0.023529411764705882,1,0
12676,1331.39,6,670,2011-11-15 12:25:00,2011-02-01 15:41:00,33,25,6,1331.39,221.89833333333334,286,0.020905923344947737,1,1
12678,17628.46,12,10923,2011-10-28 13:04:00,2010-12-21 11:00:00,105,42,12,17628.46,1469.0383333333332,311,0.038461538461538464,1,1
12679,1113.02,4,554,2011-10-12 12:30:00,2011-03-01 12:26:00,43,59,4,1113.02,278.255,225,0.017699115044247787,1,0
12680,862.81,4,443,2011-12-09 12:50:00,2011-08-18 15:44:00,33,1,4,862.81,215.7025,112,0.035398230088495575,1,1
12681,13787.54,22,7536,2011-11-25 11:33:00,2010-12-07 10:08:00,267,15,22,13787.54,626.7063636363637,353,0.062146892655367235,1,1
12682,12279.82,31,5555,2011-12-06 10:00:00,2010-12-03 13:59:00,209,4,31,12279.82,396.1232258064516,367,0.08423913043478261,1,1
12683,8476.57,15,4987,2011-12-05 16:31:00,2010-12-09 10:37:00,177,4,15,8476.57,565.1046666666666,361,0.04143646408839779,1,1
12684,2283.63,7,1985,2011-12-02 09:53:00,2011-05-10 12:55:00,61,8,7,2283.63,326.23285714285714,205,0.03398058252427184,1,1
12685,2863.08,6,1523,2011-11-11 13:46:00,2011-09-07 10:28:00,117,28,6,2863.08,477.18,65,0.09090909090909091,1,0
12686,89.14,1,107,2010-12-03 09:51:00,2010-12-03 09:51:00,7,372,1,89.14,89.14,0,1.0,0,0
12688,4873.8099999999995,1,3028,2011-08-18 08:49:00,2011-08-18 08:49:00,171,114,1,4873.8099999999995,4873.8099999999995,0,1.0,0,0
12689,1247.61,2,628,2011-11-14 08:31:00,2011-08-04 10:04:00,57,26,2,1247.61,623.805,101,0.0196078431372549,0,0
12690,389.01,1,106,2011-05-18 09:09:00,2011-05-18 09:09:00,16,206,1,389.01,389.01,0,1.0,0,0
12691,1035.8,6,394,2011-11-11 16:49:00,2010-12-17 14:46:00,21,28,6,1035.8,172.63333333333333,329,0.01818181818181818,1,1
12693,855.91,4,255,2011-08-04 17:51:00,2011-01-24 12:58:00,35,127,4,855.91,213.9775,192,0.02072538860103627,0,0
12694,869.67,2,509,2011-09-30 13:06:00,2011-06-09 17:48:00,32,70,2,869.67,434.835,112,0.017699115044247787,0,0
12695,582.1,4,220,2011-12-02 13:22:00,2011-05-13 13:15:00,23,7,4,582.1,145.525,203,0.0196078431372549,1,1
12697,957.59,3,508,2011-11-11 08:47:00,2011-06-23 15:44:00,37,29,3,957.59,319.19666666666666,140,0.02127659574468085,1,0
12700,4939.99,4,2967,2011-12-02 10:47:00,2011-05-08 16:10:00,193,8,4,4939.99,1234.9975,207,0.019230769230769232,1,1
12701,797.71,2,678,2011-09-21 10:47:00,2011-04-11 13:02:00,50,80,2,797.71,398.855,162,0.012269938650306749,0,0
12702,219.0,1,53,2011-11-20 10:36:00,2011-11-20 10:36:00,12,20,1,219.0,219.0,0,1.0,0,0
12703,283.55,1,164,2011-09-29 17:52:00,2011-09-29 17:52:00,21,71,1,283.55,283.55,0,1.0,0,0
12704,2340.84,8,1006,2011-12-02 13:15:00,2011-06-23 10:20:00,64,7,8,2340.84,292.605,162,0.049079754601226995,1,1
12705,6868.29,9,3997,2011-11-24 13:17:00,2010-12-17 15:58:00,228,15,9,6868.29,763.1433333333333,341,0.02631578947368421,1,1
12707,603.42,1,256,2011-02-21 08:38:00,2011-02-21 08:38:00,33,292,1,603.42,603.42,0,1.0,0,0
12708,2712.91,10,1307,2011-11-10 09:52:00,2010-12-06 10:43:00,86,30,10,2712.91,271.291,338,0.029498525073746312,1,1
12709,9706.52,15,3912,2011-11-24 15:38:00,2010-12-08 09:49:00,93,15,15,9706.52,647.1013333333334,351,0.04261363636363636,1,1
12710,1149.02,3,851,2011-09-04 12:00:00,2011-05-22 14:05:00,75,97,3,1149.02,383.00666666666666,104,0.02857142857142857,0,0
12712,4396.13,13,1062,2011-11-11 08:19:00,2010-12-03 14:30:00,58,29,13,4396.13,338.1638461538462,342,0.037900874635568516,1,1
12713,848.55,1,508,2011-12-09 12:16:00,2011-12-09 12:16:00,38,1,1,848.55,848.55,0,1.0,1,1
12714,4708.86,5,3069,2011-11-30 15:43:00,2011-02-18 10:53:00,216,9,5,4708.86,941.7719999999999,285,0.017482517482517484,1,1
12715,343.36,1,192,2011-08-25 15:22:00,2011-08-25 15:22:00,20,106,1,343.36,343.36,0,1.0,0,0
12716,1053.49,2,708,2011-12-06 08:55:00,2011-07-29 13:28:00,60,4,2,1053.49,526.745,129,0.015384615384615385,1,1
12717,1030.98,2,506,2011-07-11 14:47:00,2011-04-08 10:32:00,49,151,2,1030.98,515.49,94,0.021052631578947368,0,0
12718,238.25,1,203,2011-09-29 16:38:00,2011-09-29 16:38:00,19,71,1,238.25,238.25,0,1.0,0,0
12719,644.95,2,374,2011-12-04 13:45:00,2011-10-05 14:50:00,34,5,2,644.95,322.475,59,0.03333333333333333,1,1
12720,5781.73,25,4672,2011-12-07 08:03:00,2010-12-05 15:21:00,211,3,25,5781.73,231.26919999999998,366,0.0681198910081744,1,1
12721,2656.13,6,1959,2011-11-08 12:13:00,2010-12-20 11:38:00,133,32,6,2656.13,442.68833333333333,323,0.018518518518518517,1,0
12722,997.63,4,566,2011-09-15 14:50:00,2011-07-12 11:55:00,50,85,4,997.63,249.4075,65,0.06060606060606061,0,0
12723,725.07,5,434,2011-12-06 10:19:00,2011-10-05 15:52:00,53,4,5,725.07,145.014,61,0.08064516129032258,1,1
12724,1031.41,4,445,2011-12-04 16:02:00,2011-01-11 15:00:00,47,5,4,1031.41,257.8525,327,0.012195121951219513,1,1
12725,427.8,1,164,2010-12-03 15:45:00,2010-12-03 15:45:00,24,371,1,427.8,427.8,0,1.0,0,0
12726,2609.1,7,3143,2011-11-11 13:35:00,2010-12-17 12:56:00,57,28,7,2609.1,372.7285714285714,329,0.021212121212121213,1,0
12727,3980.7,7,2098,2011-11-29 11:46:00,2011-01-23 15:17:00,109,11,7,3980.7,568.6714285714286,309,0.02258064516129032,1,1
12728,836.33,4,419,2011-09-29 15:31:00,2011-01-11 13:31:00,38,71,4,836.33,209.0825,261,0.015267175572519083,0,0
12729,453.01,1,233,2011-08-18 11:40:00,2011-08-18 11:40:00,26,114,1,453.01,453.01,0,1.0,0,0
12731,18895.91,12,8437,2011-11-16 11:59:00,2010-12-10 10:56:00,109,24,12,18895.91,1574.6591666666666,341,0.03508771929824561,1,1
12732,236.26000000000002,1,111,2011-06-13 11:33:00,2011-06-13 11:33:00,12,180,1,236.26000000000002,236.26000000000002,0,1.0,0,0
12733,383.95,1,137,2011-04-19 16:19:00,2011-04-19 16:19:00,22,234,1,383.95,383.95,0,1.0,0,0
12734,110.39999999999999,1,88,2010-12-22 12:47:00,2010-12-22 12:47:00,4,353,1,110.39999999999999,110.39999999999999,0,1.0,0,0
12735,779.5699999999999,2,368,2011-01-28 13:37:00,2011-01-06 14:26:00,38,315,2,779.5699999999999,389.78499999999997,21,0.09090909090909091,0,0
12736,234.0,1,173,2011-01-11 07:57:00,2011-01-11 07:57:00,4,333,1,234.0,234.0,0,1.0,0,0
12738,155.35,1,148,2010-12-02 18:27:00,2010-12-02 18:27:00,11,372,1,155.35,155.35,0,1.0,0,0
12739,1013.04,2,486,2011-09-22 13:00:00,2011-09-01 17:45:00,38,78,2,1013.04,506.52,20,0.09523809523809523,0,0
12740,427.6,1,342,2011-10-07 10:44:00,2011-10-07 10:44:00,27,64,1,427.6,427.6,0,1.0,0,0
12743,540.13,2,315,2011-07-28 16:21:00,2011-07-28 16:06:00,114,134,2,540.13,270.065,0,2.0,0,0
12744,21279.29,7,5241,2011-10-19 11:18:00,2011-01-25 13:26:00,178,52,7,21279.29,3039.8985714285714,266,0.026217228464419477,1,1
12747,4196.01,11,1275,2011-12-07 14:34:00,2010-12-05 15:38:00,42,2,11,4196.01,381.4554545454546,366,0.02997275204359673,1,1
12748,33053.19,209,25287,2011-12-09 12:20:00,2010-12-01 12:48:00,1768,1,209,33053.19,158.14923444976077,372,0.5603217158176944,1,1
12749,4090.88,5,1471,2011-12-06 09:56:00,2011-05-10 15:25:00,160,4,5,4090.88,818.176,209,0.023809523809523808,1,1
12750,275.88,1,137,2011-08-03 09:13:00,2011-08-03 09:13:00,15,129,1,275.88,275.88,0,1.0,0,0
12752,4366.78,1,2262,2011-09-19 13:32:00,2011-09-19 13:32:00,53,81,1,4366.78,4366.78,0,1.0,0,0
12753,21429.39,6,11421,2011-11-17 10:52:00,2010-12-12 11:44:00,132,23,6,21429.39,3571.565,339,0.01764705882352941,1,1
12754,3010.74,3,6481,2011-04-18 09:00:00,2011-02-04 10:31:00,49,236,3,3010.74,1003.5799999999999,72,0.0410958904109589,0,0
12755,3811.95,2,1491,2011-03-04 12:42:00,2010-12-09 10:44:00,4,281,2,3811.95,1905.975,85,0.023255813953488372,0,0
12756,112.07999999999998,1,144,2011-09-14 09:31:00,2011-09-14 09:31:00,4,87,1,112.07999999999998,112.07999999999998,0,1.0,0,0
12757,7834.650000000001,13,2395,2011-11-24 12:30:00,2011-05-12 19:01:00,237,16,13,7834.650000000001,602.6653846153847,195,0.0663265306122449,1,1
12758,2791.59,2,2135,2011-08-15 10:22:00,2011-03-08 12:05:00,84,117,2,2791.59,1395.795,159,0.0125,0,0
12759,1531.44,3,902,2011-10-18 14:49:00,2011-03-09 08:09:00,81,52,3,1531.44,510.48,223,0.013392857142857142,1,0
12762,1898.52,2,1227,2011-12-02 10:23:00,2011-11-14 14:23:00,62,8,2,1898.52,949.26,17,0.1111111111111111,1,1
12763,494.08,2,316,2011-07-24 14:12:00,2010-12-05 15:46:00,16,138,2,494.08,247.04,230,0.008658008658008658,0,0
12764,1693.88,1,386,2011-01-27 10:19:00,2011-01-27 10:19:00,45,317,1,1693.88,1693.88,0,1.0,0,0
12766,6989.63,7,3646,2011-12-06 08:46:00,2010-12-08 13:53:00,205,4,7,6989.63,998.5185714285715,362,0.01928374655647383,1,1
12769,1143.6,1,356,2011-04-15 10:25:00,2011-04-15 10:25:00,32,239,1,1143.6,1143.6,0,1.0,0,0
12770,1351.45,1,743,2011-05-13 09:33:00,2011-05-13 09:33:00,12,211,1,1351.45,1351.45,0,1.0,0,0
12772,892.47,1,556,2011-10-11 09:19:00,2011-10-11 09:19:00,55,60,1,892.47,892.47,0,1.0,0,0
12775,1386.04,5,877,2011-11-22 16:33:00,2011-02-01 13:45:00,47,17,5,1386.04,277.20799999999997,294,0.01694915254237288,1,1
12778,822.23,6,825,2011-11-20 11:30:00,2011-01-31 14:35:00,40,20,6,822.23,137.03833333333333,292,0.020477815699658702,1,1
12779,3981.36,8,2024,2011-11-02 11:43:00,2010-12-03 13:40:00,88,38,8,3981.36,497.67,333,0.023952095808383235,1,0
12781,826.74,2,671,2011-10-07 10:37:00,2011-02-28 08:43:00,25,64,2,826.74,413.37,221,0.009009009009009009,0,0
12782,2330.92,5,1086,2011-12-05 09:16:00,2010-12-17 11:30:00,81,5,5,2330.92,466.184,352,0.014164305949008499,1,1
12783,2225.91,6,624,2011-12-07 15:56:00,2011-09-25 15:35:00,76,2,6,2225.91,370.98499999999996,73,0.08108108108108109,1,1
12784,532.8199999999999,2,280,2011-11-30 15:38:00,2011-11-24 12:53:00,54,9,2,532.8199999999999,266.40999999999997,6,0.2857142857142857,0,0
12785,311.95,1,131,2010-12-10 13:48:00,2010-12-10 13:48:00,14,364,1,311.95,311.95,0,1.0,0,0
12787,463.66,3,261,2011-11-30 08:44:00,2011-05-31 09:36:00,17,10,3,463.66,154.55333333333334,182,0.01639344262295082,1,1
12789,91.85,1,4,2011-10-05 13:34:00,2011-10-05 13:34:00,4,65,1,91.85,91.85,0,1.0,0,0
12790,324.92,1,166,2011-05-31 14:14:00,2011-05-31 14:14:00,21,192,1,324.92,324.92,0,1.0,0,0
12791,192.60000000000002,1,97,2010-12-01 11:27:00,2010-12-01 11:27:00,2,374,1,192.60000000000002,192.60000000000002,0,1.0,0,0
12792,400.53999999999996,1,217,2011-03-28 11:36:00,2011-03-28 11:36:00,25,257,1,400.53999999999996,400.53999999999996,0,1.0,0,0
12793,545.48,2,295,2011-01-09 12:12:00,2010-12-03 15:14:00,21,335,2,545.48,272.74,36,0.05405405405405406,0,0
12794,860.41,2,592,2011-10-17 14:54:00,2011-09-02 12:01:00,43,53,2,860.41,430.205,45,0.043478260869565216,0,0
12795,430.48,1,68,2011-11-21 10:27:00,2011-11-21 10:27:00,14,19,1,430.48,430.48,0,1.0,0,0
12797,254.03,1,118,2010-12-09 10:55:00,2010-12-09 10:55:00,13,366,1,254.03,254.03,0,1.0,0,0
12798,6977.04,3,5256,2011-11-29 15:52:00,2011-06-22 10:11:00,6,10,3,6977.04,2325.68,160,0.018633540372670808,1,0
12802,427.58,1,314,2011-06-06 09:36:00,2011-06-06 09:36:00,25,187,1,427.58,427.58,0,1.0,0,0
12808,483.65000000000003,3,188,2011-11-03 10:05:00,2010-12-06 10:27:00,27,37,3,483.65000000000003,161.21666666666667,331,0.009036144578313253,0,0
12809,489.31,1,220,2011-06-15 10:51:00,2011-06-15 10:51:00,25,178,1,489.31,489.31,0,1.0,0,0
12811,514.85,3,230,2011-03-24 09:42:00,2011-02-28 15:39:00,27,261,3,514.85,171.61666666666667,23,0.125,0,0
12812,229.64000000000001,1,164,2011-10-26 09:54:00,2011-10-26 09:54:00,15,45,1,229.64000000000001,229.64000000000001,0,1.0,0,0
12814,125.92,1,49,2011-08-30 12:11:00,2011-08-30 12:11:00,2,102,1,125.92,125.92,0,1.0,0,0
12815,1063.46,2,379,2011-07-15 10:21:00,2011-05-25 13:34:00,38,148,2,1063.46,531.73,50,0.0392156862745098,0,0
12816,572.2,2,128,2011-09-05 12:41:00,2011-06-16 13:24:00,27,96,2,572.2,286.1,80,0.024691358024691357,0,0
12817,166.04,1,53,2011-03-03 16:28:00,2011-03-03 16:28:00,4,281,1,166.04,166.04,0,1.0,0,0
12818,1542.08,1,929,2011-03-23 12:06:00,2011-03-23 12:06:00,14,262,1,1542.08,1542.08,0,1.0,0,0
12820,942.34,4,722,2011-12-06 15:12:00,2011-01-17 12:34:00,55,3,4,942.34,235.585,323,0.012345679012345678,1,1
12821,92.72,1,70,2011-05-09 15:51:00,2011-05-09 15:51:00,6,214,1,92.72,92.72,0,1.0,0,0
12822,948.88,2,550,2011-09-30 10:04:00,2011-09-13 13:46:00,41,71,2,948.88,474.44,16,0.11764705882352941,0,0
12823,1759.5,5,230,2011-09-26 07:35:00,2011-02-16 12:15:00,1,75,5,1759.5,351.9,221,0.02252252252252252,1,0
12824,397.12,1,232,2011-10-11 12:49:00,2011-10-11 12:49:00,25,60,1,397.12,397.12,0,1.0,0,0
12826,1474.72,7,1058,2011-12-07 10:25:00,2010-12-09 15:21:00,58,3,7,1474.72,210.67428571428573,362,0.01928374655647383,1,1
12827,430.15000000000003,3,197,2011-12-04 12:17:00,2011-10-26 15:44:00,19,6,3,430.15000000000003,143.38333333333335,38,0.07692307692307693,1,1
12828,1018.71,6,494,2011-12-07 08:45:00,2011-08-01 16:16:00,46,3,6,1018.71,169.785,127,0.046875,1,1
12829,293.0,2,376,2011-01-07 11:13:00,2010-12-14 14:54:00,9,337,2,293.0,146.5,23,0.08333333333333333,0,0
12830,6814.64,6,9848,2011-11-02 11:54:00,2011-06-21 10:53:00,13,38,6,6814.64,1135.7733333333333,134,0.044444444444444446,1,0
12831,215.05,1,135,2011-03-22 13:02:00,2011-03-22 13:02:00,9,262,1,215.05,215.05,0,1.0,0,0
12832,383.03,2,195,2011-11-07 13:30:00,2011-09-02 13:48:00,27,32,2,383.03,191.515,65,0.030303030303030304,0,0
12833,417.38,1,156,2011-07-17 13:46:00,2011-07-17 13:46:00,24,145,1,417.38,417.38,0,1.0,0,0
12834,312.38,1,110,2011-03-02 09:49:00,2011-03-02 09:49:00,18,283,1,312.38,312.38,0,1.0,0,0
12836,2610.36,4,1062,2011-10-11 15:10:00,2011-02-01 11:19:00,148,59,4,2610.36,652.59,252,0.015810276679841896,1,0
12837,134.1,1,24,2011-06-19 16:07:00,2011-06-19 16:07:00,12,173,1,134.1,134.1,0,1.0,0,0
12838,671.95,2,355,2011-11-06 12:20:00,2010-12-01 11:57:00,115,34,2,671.95,335.975,340,0.005865102639296188,0,0
12839,5591.42,14,3807,2011-12-07 12:33:00,2010-12-07 15:48:00,95,3,14,5591.42,399.38714285714286,364,0.038356164383561646,1,1
12840,2726.77,4,1511,2011-07-19 09:29:00,2011-04-27 12:21:00,67,144,4,2726.77,681.6925,82,0.04819277108433735,1,0
12841,3991.58,25,2720,2011-12-05 11:13:00,2010-12-03 10:43:00,229,5,25,3991.58,159.6632,367,0.06793478260869565,1,1
12842,1118.99,2,547,2011-09-30 15:33:00,2011-02-04 12:36:00,34,70,2,1118.99,559.495,238,0.008368200836820083,0,0
12843,1702.26,8,781,2011-10-05 12:09:00,2011-03-20 14:38:00,69,66,8,1702.26,212.7825,198,0.04020100502512563,1,0
12844,325.96000000000004,2,125,2011-11-10 13:31:00,2011-08-01 13:11:00,47,29,2,325.96000000000004,162.98000000000002,101,0.0196078431372549,0,0
12845,354.09,4,204,2011-03-17 13:34:00,2011-02-22 14:10:00,26,267,4,354.09,88.5225,22,0.17391304347826086,0,0
12847,843.64,1,873,2011-11-17 13:16:00,2011-11-17 13:16:00,72,22,1,843.64,843.64,0,1.0,0,0
12849,1010.29,2,597,2011-11-08 13:41:00,2011-03-16 12:26:00,47,31,2,1010.29,505.145,237,0.008403361344537815,0,0
12851,131.81,1,106,2011-09-04 12:41:00,2011-09-04 12:41:00,43,97,1,131.81,131.81,0,1.0,0,0
12852,311.55,1,149,2011-02-18 08:47:00,2011-02-18 08:47:00,17,295,1,311.55,311.55,0,1.0,0,0
12853,1957.1000000000001,6,800,2011-07-28 11:29:00,2011-01-28 10:28:00,66,135,6,1957.1000000000001,326.18333333333334,181,0.03296703296703297,1,0
12854,1316.25,3,626,2011-09-22 12:15:00,2011-01-25 13:35:00,95,79,3,1316.25,438.75,239,0.0125,0,0
12855,38.1,1,30,2010-12-02 09:37:00,2010-12-02 09:37:00,3,373,1,38.1,38.1,0,1.0,0,0
12856,2170.78,6,1076,2011-12-02 10:52:00,2011-10-07 12:38:00,155,8,6,2170.78,361.7966666666667,55,0.10714285714285714,1,1
12857,1106.4,2,343,2011-05-13 10:20:00,2011-02-10 12:32:00,37,211,2,1106.4,553.2,91,0.021739130434782608,0,0
12863,521.2,1,188,2011-10-18 14:15:00,2011-10-18 14:15:00,5,52,1,521.2,521.2,0,1.0,0,0
12864,147.12,1,216,2011-07-24 13:03:00,2011-07-24 13:03:00,3,138,1,147.12,147.12,0,1.0,0,0
12865,1568.23,2,925,2011-11-13 14:31:00,2011-08-08 10:11:00,86,26,2,1568.23,784.115,97,0.02040816326530612,1,0
12866,559.12,1,171,2011-03-01 14:11:00,2011-03-01 14:11:00,26,283,1,559.12,559.12,0,1.0,0,0
12867,4009.34,7,4284,2011-11-13 15:30:00,2010-12-14 16:39:00,240,26,7,4009.34,572.7628571428571,333,0.020958083832335328,1,0
12868,1607.0600000000002,6,928,2011-06-07 10:42:00,2010-12-01 12:50:00,72,186,6,1607.0600000000002,267.84333333333336,187,0.031914893617021274,1,0
12871,380.64,2,200,2011-09-16 15:07:00,2011-05-16 13:32:00,8,84,2,380.64,190.32,123,0.016129032258064516,0,0
12872,599.97,2,319,2011-01-17 10:52:00,2010-12-09 14:44:00,58,327,2,599.97,299.985,38,0.05128205128205128,0,0
12873,374.0,1,128,2011-03-02 14:58:00,2011-03-02 14:58:00,4,282,1,374.0,374.0,0,1.0,0,0
12875,343.2300000000001,2,2019,2011-07-19 15:30:00,2010-12-12 12:03:00,1,143,2,343.2300000000001,171.61500000000004,219,0.00909090909090909,0,0
12876,2218.02,2,1941,2011-10-13 12:26:00,2011-05-27 13:34:00,67,58,2,2218.02,1109.01,138,0.014388489208633094,0,0
12877,1535.77,12,1178,2011-12-06 10:30:00,2010-12-16 12:23:00,100,4,12,1535.77,127.98083333333334,354,0.03380281690140845,1,1
12878,854.99,2,547,2011-04-17 13:07:00,2011-03-18 14:02:00,38,236,2,854.99,427.495,29,0.06666666666666667,0,0
12879,573.22,3,370,2011-10-26 12:24:00,2011-09-09 12:11:00,7,45,3,573.22,191.07333333333335,47,0.0625,0,0
12881,298.0,1,21,2011-03-09 11:44:00,2011-03-09 11:44:00,7,276,1,298.0,298.0,0,1.0,0,0
12882,1463.04,2,246,2011-11-30 16:18:00,2011-11-06 11:22:00,12,9,2,1463.04,731.52,24,0.08,1,1
12883,703.47,4,196,2011-11-15 09:32:00,2011-09-11 15:18:00,39,25,4,703.47,175.8675,64,0.06153846153846154,1,0
12884,309.05,1,43,2011-09-12 13:10:00,2011-09-12 13:10:00,7,88,1,309.05,309.05,0,1.0,0,0
12885,1175.22,3,655,2011-10-07 13:40:00,2011-08-08 11:45:00,66,63,3,1175.22,391.74,60,0.04918032786885246,0,0
12886,1378.4,2,770,2011-10-03 10:09:00,2011-05-04 11:21:00,75,68,2,1378.4,689.2,151,0.013157894736842105,0,0
12888,354.12,2,76,2011-05-09 16:02:00,2011-03-29 14:31:00,4,214,2,354.12,177.06,41,0.047619047619047616,0,0
12890,376.71999999999997,1,256,2011-11-15 17:26:00,2011-11-15 17:26:00,78,24,1,376.71999999999997,376.71999999999997,0,1.0,0,0
12891,331.0,3,950,2011-06-07 12:31:00,2011-02-20 11:28:00,2,186,3,331.0,110.33333333333333,107,0.027777777777777776,0,0
12893,176.55,1,90,2011-11-09 12:34:00,2011-11-09 12:34:00,27,31,1,176.55,176.55,0,1.0,0,0
12895,372.8,2,210,2011-10-28 13:51:00,2011-09-14 08:35:00,22,42,2,372.8,186.4,44,0.044444444444444446,0,0
12897,216.5,2,110,2011-05-19 12:13:00,2011-02-11 11:40:00,3,205,2,216.5,108.25,97,0.02040816326530612,0,0
12901,17654.54,28,23075,2011-12-01 10:07:00,2011-03-14 10:41:00,30,9,28,17654.54,630.5192857142857,261,0.10687022900763359,1,1
12902,138.68,1,66,2011-03-20 12:06:00,2011-03-20 12:06:00,10,265,1,138.68,138.68,0,1.0,0,0
12904,496.06,2,294,2011-11-21 14:34:00,2011-06-20 13:18:00,59,18,2,496.06,248.03,154,0.012903225806451613,0,0
12906,2919.81,5,1749,2011-11-28 09:55:00,2011-09-22 15:03:00,55,12,5,2919.81,583.962,66,0.07462686567164178,1,1
12908,750.0,2,1200,2011-06-16 15:39:00,2011-01-31 12:37:00,1,176,2,750.0,375.0,136,0.014598540145985401,0,0
12909,2178.67,5,1280,2011-10-31 12:43:00,2011-03-31 12:51:00,78,40,5,2178.67,435.73400000000004,213,0.02336448598130841,1,0
12910,3075.04,8,1692,2011-11-16 14:28:00,2011-04-12 10:01:00,48,23,8,3075.04,384.38,218,0.0365296803652968,1,1
12912,1662.3,5,670,2011-12-07 08:55:00,2011-10-30 11:35:00,17,3,5,1662.3,332.46,37,0.13157894736842105,1,1
12913,2483.63,5,1419,2011-12-05 12:11:00,2010-12-06 16:36:00,37,5,5,2483.63,496.726,363,0.013736263736263736,1,1
12915,363.65,2,93,2011-07-14 11:34:00,2010-12-02 12:33:00,19,149,2,363.65,181.825,223,0.008928571428571428,0,0
12916,2944.95,4,1083,2011-07-24 10:35:00,2011-01-23 10:43:00,53,139,4,2944.95,736.2375,181,0.02197802197802198,1,0
12917,594.0,1,120,2011-08-03 16:42:00,2011-08-03 16:42:00,2,128,1,594.0,594.0,0,1.0,0,0
12919,1335.19,6,673,2011-12-01 13:47:00,2011-06-23 09:22:00,34,8,6,1335.19,222.53166666666667,161,0.037037037037037035,1,1
12920,162.78,1,128,2011-11-22 15:05:00,2011-11-22 15:05:00,27,17,1,162.78,162.78,0,1.0,0,0
12921,16587.09,37,9526,2011-11-30 16:22:00,2010-12-01 15:06:00,233,9,37,16587.09,448.29972972972973,364,0.10136986301369863,1,1
12922,405.38,1,370,2011-07-01 15:35:00,2011-07-01 15:35:00,28,161,1,405.38,405.38,0,1.0,0,0
12923,172.82,1,68,2011-10-06 16:20:00,2011-10-06 16:20:00,28,64,1,172.82,172.82,0,1.0,0,0
12924,933.7,4,481,2011-09-12 13:55:00,2011-01-16 11:49:00,22,88,4,933.7,233.425,239,0.016666666666666666,0,0
12925,694.05,2,541,2011-12-05 11:11:00,2011-09-26 11:05:00,42,5,2,694.05,347.025,70,0.028169014084507043,1,1
12928,2062.7000000000003,5,1472,2011-11-04 14:24:00,2010-12-15 15:45:00,59,35,5,2062.7000000000003,412.5400000000001,323,0.015432098765432098,1,0
12929,117.85,1,37,2011-02-01 12:08:00,2011-02-01 12:08:00,8,312,1,117.85,117.85,0,1.0,0,0
12930,415.8,2,252,2011-09-22 15:18:00,2011-06-21 13:25:00,20,78,2,415.8,207.9,93,0.02127659574468085,0,0
12931,42055.96,15,28004,2011-11-18 12:39:00,2010-12-17 09:45:00,28,22,15,42055.96,2803.730666666667,336,0.04451038575667656,1,1
12933,607.53,3,499,2011-11-15 16:38:00,2011-03-01 11:30:00,102,24,3,607.53,202.51,259,0.011538461538461539,0,0
12935,2160.7,7,1853,2011-12-07 17:25:00,2011-01-24 13:58:00,80,2,7,2160.7,308.6714285714285,317,0.0220125786163522,1,1
12936,1063.9,4,559,2011-11-22 17:32:00,2011-09-22 13:51:00,56,17,4,1063.9,265.975,61,0.06451612903225806,1,0
12937,1504.27,4,1007,2011-11-24 15:05:00,2011-03-17 14:19:00,81,15,4,1504.27,376.0675,252,0.015810276679841896,1,1
12938,114.14,1,140,2011-11-14 11:21:00,2011-11-14 11:21:00,9,26,1,114.14,114.14,0,1.0,0,0
12939,11581.8,8,4876,2011-10-06 14:33:00,2011-01-09 11:20:00,21,64,8,11581.8,1447.725,270,0.02952029520295203,1,0
12940,899.69,2,404,2011-10-16 12:09:00,2011-09-13 10:16:00,87,55,2,899.69,449.845,33,0.058823529411764705,0,0
12942,675.6,3,198,2011-07-31 14:39:00,2010-12-09 09:34:00,68,131,3,675.6,225.20000000000002,234,0.01276595744680851,0,0
12944,604.51,2,289,2011-11-04 11:04:00,2010-12-20 10:41:00,29,36,2,604.51,302.255,319,0.00625,0,0
12945,462.95,1,165,2011-02-24 14:15:00,2011-02-24 14:15:00,23,288,1,462.95,462.95,0,1.0,0,0
12947,1603.99,6,1165,2011-07-19 10:06:00,2010-12-01 16:21:00,83,144,6,1603.99,267.33166666666665,229,0.02608695652173913,1,0
12948,2064.95,7,1080,2011-11-23 17:10:00,2011-03-20 10:17:00,82,16,7,2064.95,294.99285714285713,248,0.028112449799196786,1,1
12949,4167.22,8,2381,2011-11-09 11:25:00,2011-04-01 13:20:00,166,31,8,4167.22,520.9025,221,0.036036036036036036,1,0
12950,1843.0,3,1380,2011-12-07 13:17:00,2011-11-15 13:48:00,13,2,3,1843.0,614.3333333333334,21,0.13636363636363635,1,1
12951,1064.07,6,503,2011-12-01 12:14:00,2011-01-13 10:33:00,53,9,6,1064.07,177.345,322,0.018575851393188854,1,1
12952,1387.79,4,653,2011-12-04 10:35:00,2011-09-22 16:37:00,64,6,4,1387.79,346.9475,72,0.0547945205479452,1,1
12953,329.85,1,84,2011-11-30 09:24:00,2011-11-30 09:24:00,17,10,1,329.85,329.85,0,1.0,0,0
12955,4757.16,11,3664,2011-12-08 16:29:00,2011-03-17 09:03:00,81,1,11,4757.16,432.4690909090909,266,0.04119850187265917,1,1
12956,108.07,1,34,2011-02-06 16:08:00,2011-02-06 16:08:00,19,306,1,108.07,108.07,0,1.0,0,0
12957,4017.54,8,2549,2011-11-30 09:53:00,2011-01-04 12:18:00,208,10,8,4017.54,502.1925,329,0.024242424242424242,1,1
12962,266.39,2,129,2011-12-02 15:55:00,2011-08-18 13:38:00,15,7,2,266.39,133.195,106,0.018691588785046728,0,0
12963,1856.63,8,881,2011-12-01 12:55:00,2010-12-09 09:14:00,75,8,8,1856.63,232.07875,357,0.0223463687150838,1,1
12965,769.8100000000001,1,282,2011-09-11 15:31:00,2011-09-11 15:31:00,108,89,1,769.8100000000001,769.8100000000001,0,1.0,0,0
12966,160.18,1,75,2011-11-30 12:38:00,2011-11-30 12:38:00,10,10,1,160.18,160.18,0,1.0,0,0
12967,1660.9,2,438,2010-12-16 19:10:00,2010-12-03 09:49:00,19,358,2,1660.9,830.45,13,0.14285714285714285,0,0
12968,135.95,1,73,2011-08-19 15:44:00,2011-08-19 15:44:00,5,112,1,135.95,135.95,0,1.0,0,0
12970,405.47,4,268,2011-12-02 14:30:00,2011-01-21 14:04:00,116,7,4,405.47,101.3675,315,0.012658227848101266,1,1
12971,11189.91,86,9289,2011-12-06 12:20:00,2010-12-02 16:42:00,94,4,86,11189.91,130.11523255813952,368,0.23306233062330622,1,1
12974,144.8,1,24,2011-05-26 09:33:00,2011-05-26 09:33:00,8,198,1,144.8,144.8,0,1.0,0,0
12976,738.6,1,561,2011-05-12 09:55:00,2011-05-12 09:55:00,22,212,1,738.6,738.6,0,1.0,0,0
12977,39.239999999999995,1,12,2011-07-06 16:40:00,2011-07-06 16:40:00,9,156,1,39.239999999999995,39.239999999999995,0,1.0,0,0
12980,7374.900000000001,9,886,2011-07-05 09:34:00,2010-12-16 11:36:00,6,158,9,7374.900000000001,819.4333333333334,200,0.04477611940298507,1,0
12981,372.21999999999997,2,242,2011-11-10 12:00:00,2011-07-29 14:14:00,12,30,2,372.21999999999997,186.10999999999999,103,0.019230769230769232,0,0
12982,390.54,1,288,2011-04-11 11:51:00,2011-04-11 11:51:00,28,243,1,390.54,390.54,0,1.0,0,0
12984,97.5,1,26,2011-11-21 12:37:00,2011-11-21 12:37:00,4,19,1,97.5,97.5,0,1.0,0,0
12985,1239.38,2,1533,2011-12-09 10:46:00,2011-11-11 12:44:00,73,1,2,1239.38,619.69,27,0.07142857142857142,1,1
12987,558.7,2,219,2011-09-27 12:03:00,2011-05-26 12:00:00,27,74,2,558.7,279.35,124,0.016,0,0
12988,505.82,1,126,2011-02-20 14:31:00,2011-02-20 14:31:00,75,292,1,505.82,505.82,0,1.0,0,0
12989,6924.110000000001,15,2943,2011-12-06 15:28:00,2010-12-10 13:24:00,41,3,15,6924.110000000001,461.6073333333334,361,0.04143646408839779,1,1
12990,409.5,3,200,2011-11-08 13:01:00,2011-02-02 15:39:00,8,31,3,409.5,136.5,278,0.010752688172043012,0,0
12991,503.76,2,405,2011-11-16 15:34:00,2011-08-19 14:39:00,31,23,2,503.76,251.88,89,0.022222222222222223,0,0
12993,414.76,4,240,2011-11-16 15:49:00,2011-02-14 14:29:00,26,23,4,414.76,103.69,275,0.014492753623188406,0,0
12994,974.4200000000001,3,459,2011-12-05 15:43:00,2011-03-16 08:31:00,52,4,3,974.4200000000001,324.8066666666667,264,0.011320754716981131,1,1
12995,211.32,1,108,2011-09-15 15:44:00,2011-09-15 15:44:00,3,85,1,211.32,211.32,0,1.0,0,0
12997,1226.89,4,664,2011-11-17 15:47:00,2011-01-26 15:49:00,45,22,4,1226.89,306.7225,294,0.013559322033898305,1,1
12999,455.88,3,342,2011-05-27 13:24:00,2011-04-08 10:26:00,25,196,3,455.88,151.96,49,0.06,0,0
13000,534.85,3,379,2011-08-25 10:43:00,2010-12-10 10:26:00,30,107,3,534.85,178.28333333333333,258,0.011583011583011582,0,0
13001,9785.970000000001,13,5490,2011-12-05 14:51:00,2011-01-17 12:45:00,166,4,13,9785.970000000001,752.7669230769231,322,0.04024767801857585,1,1
13002,120.94999999999999,1,73,2011-01-25 15:18:00,2011-01-25 15:18:00,7,318,1,120.94999999999999,120.94999999999999,0,1.0,0,0
13003,149.05,3,103,2011-08-26 10:50:00,2011-05-09 08:23:00,4,106,3,149.05,49.68333333333334,109,0.02727272727272727,0,0
13004,5655.91,18,4822,2011-11-28 11:27:00,2010-12-17 08:20:00,277,12,18,5655.91,314.21722222222223,346,0.05187319884726225,1,1
13005,513.7,2,172,2011-06-19 10:53:00,2011-04-07 13:32:00,21,174,2,513.7,256.85,72,0.0273972602739726,0,0
13006,81.57,1,55,2011-10-14 13:49:00,2011-10-14 13:49:00,4,56,1,81.57,81.57,0,1.0,0,0
13008,229.46999999999997,1,175,2011-01-20 14:24:00,2011-01-20 14:24:00,14,323,1,229.46999999999997,229.46999999999997,0,1.0,0,0
13011,50.550000000000004,1,13,2010-12-02 17:22:00,2010-12-02 17:22:00,3,372,1,50.550000000000004,50.550000000000004,0,1.0,0,0
13012,1646.8400000000001,8,820,2011-11-30 13:05:00,2011-02-18 09:43:00,67,9,8,1646.8400000000001,205.85500000000002,285,0.027972027972027972,1,1
13013,4810.9400000000005,13,2224,2011-12-08 15:01:00,2010-12-03 12:28:00,155,1,13,4810.9400000000005,370.07230769230773,370,0.03504043126684636,1,1
13014,3466.2799999999997,10,905,2011-11-29 12:27:00,2011-03-03 18:28:00,67,11,10,3466.2799999999997,346.628,270,0.03690036900369004,1,1
13015,3339.64,5,1609,2011-10-17 13:19:00,2011-04-04 14:28:00,156,53,5,3339.64,667.928,195,0.025510204081632654,1,0
13016,789.89,3,527,2011-09-27 14:08:00,2011-08-08 15:00:00,39,73,3,789.89,263.2966666666667,49,0.06,0,0
13017,204.0,1,48,2011-12-02 15:53:00,2011-12-02 15:53:00,1,7,1,204.0,204.0,0,1.0,0,0
13018,7277.7,28,5435,2011-11-23 13:28:00,2011-02-17 11:05:00,313,16,28,7277.7,259.91785714285714,279,0.1,1,1
13021,2616.38,9,1352,2011-12-05 16:37:00,2010-12-16 10:12:00,101,4,9,2616.38,290.7088888888889,354,0.02535211267605634,1,1
13023,689.9,2,286,2011-10-06 16:27:00,2011-08-02 09:34:00,36,64,2,689.9,344.95,65,0.030303030303030304,0,0
13026,975.36,5,1620,2011-12-08 16:58:00,2011-03-09 11:35:00,32,1,5,975.36,195.072,274,0.01818181818181818,1,1
13027,6912.0,6,17280,2011-08-18 09:39:00,2010-12-20 12:45:00,6,114,6,6912.0,1152.0,240,0.024896265560165973,1,0
13028,661.3199999999999,2,798,2011-11-17 11:10:00,2011-10-25 14:09:00,40,23,2,661.3199999999999,330.65999999999997,22,0.08695652173913043,0,0
13029,1247.5,3,134,2011-11-09 09:13:00,2010-12-21 13:53:00,8,31,3,1247.5,415.8333333333333,322,0.009287925696594427,1,0
13030,752.4399999999999,2,348,2011-11-28 14:30:00,2010-12-06 14:31:00,76,11,2,752.4399999999999,376.21999999999997,356,0.0056022408963585435,1,1
13032,1010.18,2,375,2011-10-18 15:54:00,2011-09-13 16:40:00,55,52,2,1010.18,505.09,34,0.05714285714285714,0,0
13033,190.55,1,83,2010-12-17 14:23:00,2010-12-17 14:23:00,11,357,1,190.55,190.55,0,1.0,0,0
13034,642.77,2,369,2011-10-16 12:21:00,2010-12-05 14:52:00,37,55,2,642.77,321.385,314,0.006349206349206349,0,0
13035,921.88,2,644,2011-09-27 08:57:00,2011-03-24 09:21:00,23,74,2,921.88,460.94,186,0.0106951871657754,0,0
13037,881.07,3,431,2011-07-24 15:46:00,2011-03-28 15:42:00,44,138,3,881.07,293.69,118,0.025210084033613446,0,0
13038,908.46,3,360,2011-09-20 14:37:00,2011-02-22 11:43:00,24,80,3,908.46,302.82,210,0.014218009478672985,0,0
13040,676.99,2,355,2011-12-01 10:38:00,2011-11-06 13:53:00,38,9,2,676.99,338.495,24,0.08,1,1
13043,516.42,1,254,2011-03-11 14:52:00,2011-03-11 14:52:00,13,273,1,516.42,516.42,0,1.0,0,0
13044,560.47,1,429,2011-02-21 15:20:00,2011-02-21 15:20:00,33,291,1,560.47,560.47,0,1.0,0,0
13045,305.28000000000003,1,221,2011-09-01 15:04:00,2011-09-01 15:04:00,18,99,1,305.28000000000003,305.28000000000003,0,1.0,0,0
13046,629.31,2,264,2011-11-09 08:36:00,2011-03-18 15:43:00,33,31,2,629.31,314.655,235,0.00847457627118644,0,0
13047,3237.54,10,1391,2011-11-08 12:06:00,2010-12-01 08:34:00,106,32,10,3237.54,323.754,342,0.029154518950437316,1,1
13048,1819.41,4,1228,2011-11-25 13:23:00,2011-01-16 14:36:00,77,14,4,1819.41,454.8525,312,0.012779552715654952,1,1
13049,656.6800000000001,2,268,2011-10-06 15:31:00,2011-01-25 16:33:00,14,64,2,656.6800000000001,328.34000000000003,253,0.007874015748031496,0,0
13050,5836.86,17,3748,2011-11-25 09:18:00,2010-12-08 09:30:00,246,15,17,5836.86,343.3447058823529,351,0.048295454545454544,1,1
13052,348.15000000000003,1,222,2011-05-11 14:12:00,2011-05-11 14:12:00,18,212,1,348.15000000000003,348.15000000000003,0,1.0,0,0
13055,1214.41,3,894,2011-09-22 14:26:00,2011-05-10 08:58:00,74,78,3,1214.41,404.80333333333334,135,0.022058823529411766,0,0
13058,271.40000000000003,3,52,2011-11-15 12:43:00,2011-07-11 12:01:00,5,25,3,271.40000000000003,90.46666666666668,127,0.0234375,0,0
13059,183.4,1,35,2011-04-04 10:40:00,2011-04-04 10:40:00,8,250,1,183.4,183.4,0,1.0,0,0
13060,307.53,1,123,2011-03-31 11:37:00,2011-03-31 11:37:00,15,254,1,307.53,307.53,0,1.0,0,0
13061,248.61,1,107,2011-09-28 16:04:00,2011-09-28 16:04:00,10,72,1,248.61,248.61,0,1.0,0,0
13062,346.98,1,343,2011-06-01 15:12:00,2011-06-01 15:12:00,11,191,1,346.98,346.98,0,1.0,0,0
13064,1105.59,4,514,2011-11-27 12:31:00,2011-01-16 13:41:00,51,13,4,1105.59,276.3975,314,0.012698412698412698,1,1
13065,205.86,1,74,2010-12-01 16:52:00,2010-12-01 16:52:00,14,373,1,205.86,205.86,0,1.0,0,0
13066,470.8,2,322,2011-11-15 12:57:00,2011-11-07 17:06:00,48,24,2,470.8,235.4,7,0.25,0,0
13067,115.46000000000001,1,32,2011-09-18 13:38:00,2011-09-18 13:38:00,14,82,1,115.46000000000001,115.46000000000001,0,1.0,0,0
13068,344.0,2,200,2011-11-29 15:00:00,2011-01-24 08:20:00,1,10,2,344.0,172.0,309,0.0064516129032258064,0,0
13069,4431.44,24,5873,2011-12-09 08:39:00,2010-12-05 11:02:00,281,1,24,4431.44,184.64333333333332,368,0.06504065040650407,1,1
13070,228.8,1,110,2011-05-31 13:45:00,2011-05-31 13:45:00,9,192,1,228.8,228.8,0,1.0,0,0
13072,177.15,1,69,2011-03-18 08:12:00,2011-03-18 08:12:00,7,267,1,177.15,177.15,0,1.0,0,0
13075,919.61,1,485,2011-08-02 10:19:00,2011-08-02 10:19:00,22,130,1,919.61,919.61,0,1.0,0,0
13077,728.02,4,862,2011-12-08 19:24:00,2010-12-08 14:59:00,99,1,4,728.02,182.005,365,0.01092896174863388,1,1
13078,12627.94,26,5630,2011-12-06 15:36:00,2010-12-08 09:07:00,95,3,26,12627.94,485.69,363,0.07142857142857142,1,1
13079,220.10000000000002,5,62,2011-12-05 16:53:00,2011-07-22 14:41:00,2,4,5,220.10000000000002,44.02,136,0.0364963503649635,1,1
13080,58.08,1,120,2011-06-13 14:59:00,2011-06-13 14:59:00,6,179,1,58.08,58.08,0,1.0,0,0
13081,28337.38,11,19068,2011-11-28 10:54:00,2010-12-03 17:20:00,503,12,11,28337.38,2576.1254545454544,359,0.030555555555555555,1,1
13082,3613.63,9,4324,2011-08-05 16:16:00,2011-01-05 15:42:00,63,126,9,3613.63,401.51444444444445,212,0.04225352112676056,1,0
13083,303.75,2,187,2011-12-05 15:01:00,2011-09-25 10:46:00,15,4,2,303.75,151.875,71,0.027777777777777776,0,1
13085,416.08000000000004,2,216,2011-07-05 12:11:00,2011-02-17 13:57:00,17,158,2,416.08000000000004,208.04000000000002,137,0.014492753623188406,0,0
13089,58762.08,97,31025,2011-12-07 09:02:00,2010-12-05 10:27:00,636,3,97,58762.08,605.7946391752578,366,0.26430517711171664,1,1
13090,8910.82,14,2263,2011-12-01 12:39:00,2010-12-02 07:48:00,98,9,14,8910.82,636.4871428571429,364,0.038356164383561646,1,1
13091,345.82,1,466,2011-11-11 15:54:00,2011-11-11 15:54:00,21,28,1,345.82,345.82,0,1.0,0,0
13092,477.83,5,279,2011-09-30 11:18:00,2010-12-15 12:27:00,19,71,5,477.83,95.566,288,0.01730103806228374,0,0
13093,7832.47,8,3961,2011-03-09 12:14:00,2010-12-01 15:00:00,97,276,8,7832.47,979.05875,97,0.08163265306122448,1,0
13094,1927.3200000000002,12,1716,2011-11-18 14:07:00,2010-12-06 10:34:00,4,21,12,1927.3200000000002,160.61,347,0.034482758620689655,1,1
13095,74.39999999999999,1,144,2011-09-30 12:03:00,2011-09-30 12:03:00,6,71,1,74.39999999999999,74.39999999999999,0,1.0,0,0
13097,6003.22,10,2360,2011-11-07 10:43:00,2010-12-14 15:13:00,214,33,10,6003.22,600.322,327,0.03048780487804878,1,1
13098,28882.44,28,15968,2011-12-08 14:14:00,2011-01-26 13:46:00,156,1,28,28882.44,1031.5157142857142,316,0.08832807570977919,1,1
13099,207.35999999999999,1,288,2011-09-01 17:40:00,2011-09-01 17:40:00,1,99,1,207.35999999999999,207.35999999999999,0,1.0,0,0
13101,101.19,1,113,2011-04-19 14:37:00,2011-04-19 14:37:00,8,234,1,101.19,101.19,0,1.0,0,0
13102,6424.09,24,4204,2011-12-08 12:52:00,2010-12-09 13:38:00,140,1,24,6424.09,267.67041666666665,363,0.06593406593406594,1,1
13103,243.94,1,82,2011-10-31 09:38:00,2011-10-31 09:38:00,8,40,1,243.94,243.94,0,1.0,0,0
13104,1098.48,6,504,2011-12-06 13:10:00,2010-12-20 11:58:00,14,3,6,1098.48,183.08,351,0.017045454545454544,1,1
13106,76.5,1,18,2011-07-29 15:12:00,2011-07-29 15:12:00,1,133,1,76.5,76.5,0,1.0,0,0
13107,1531.6200000000001,4,1293,2011-10-26 14:52:00,2011-01-10 12:28:00,54,44,4,1531.6200000000001,382.90500000000003,289,0.013793103448275862,1,0
13108,350.06,1,298,2010-12-02 10:35:00,2010-12-02 10:35:00,10,373,1,350.06,350.06,0,1.0,0,0
13109,786.54,2,520,2011-10-11 10:16:00,2011-07-05 14:56:00,41,60,2,786.54,393.27,97,0.02040816326530612,0,0
13110,1488.67,7,388,2011-11-08 14:30:00,2011-02-01 15:24:00,109,31,7,1488.67,212.66714285714286,279,0.025,1,1
13113,12245.960000000001,24,3045,2011-12-09 12:49:00,2010-12-08 13:21:00,95,1,24,12245.960000000001,510.2483333333334,365,0.06557377049180328,1,1
13115,2294.78,4,1567,2011-11-28 12:38:00,2011-06-08 16:15:00,88,12,4,2294.78,573.695,172,0.023121387283236993,1,1
13116,501.14,1,291,2011-07-24 14:33:00,2011-07-24 14:33:00,30,138,1,501.14,501.14,0,1.0,0,0
13117,984.91,8,945,2011-11-18 12:02:00,2010-12-02 13:11:00,66,22,8,984.91,123.11375,350,0.022792022792022793,1,1
13118,1197.81,5,410,2011-11-20 12:46:00,2011-02-24 12:32:00,68,20,5,1197.81,239.56199999999998,269,0.018518518518518517,1,1
13120,30.599999999999998,1,12,2011-04-15 10:19:00,2011-04-15 10:19:00,1,239,1,30.599999999999998,30.599999999999998,0,1.0,0,0
13121,283.73,1,252,2011-03-15 16:47:00,2011-03-15 16:47:00,50,269,1,283.73,283.73,0,1.0,0,0
13122,922.39,2,585,2011-09-06 15:53:00,2011-04-13 14:12:00,54,94,2,922.39,461.195,146,0.013605442176870748,0,0
13124,3756.33,3,2119,2011-09-11 12:45:00,2010-12-15 15:00:00,185,90,3,3756.33,1252.11,269,0.011111111111111112,1,0
13126,2099.64,8,2143,2011-12-05 10:00:00,2010-12-08 11:42:00,124,5,8,2099.64,262.455,361,0.022099447513812154,1,1
13127,259.17,1,127,2011-09-23 10:26:00,2011-09-23 10:26:00,15,78,1,259.17,259.17,0,1.0,0,0
13130,64.0,1,32,2011-09-06 15:30:00,2011-09-06 15:30:00,2,94,1,64.0,64.0,0,1.0,0,0
13131,1073.3,3,447,2011-11-16 13:21:00,2011-06-05 10:54:00,30,23,3,1073.3,357.76666666666665,164,0.01818181818181818,1,0
13132,77.3,1,20,2011-03-23 12:44:00,2011-03-23 12:44:00,3,262,1,77.3,77.3,0,1.0,0,0
13133,109.8,2,32,2011-03-11 10:31:00,2011-02-08 15:48:00,7,274,2,109.8,54.9,30,0.06451612903225806,0,0
13134,1793.58,4,1059,2011-09-15 10:35:00,2011-04-13 12:57:00,94,86,4,1793.58,448.395,154,0.025806451612903226,1,0
13135,3096.0,1,4300,2011-05-27 10:52:00,2011-05-27 10:52:00,1,197,1,3096.0,3096.0,0,1.0,0,0
13136,2607.61,5,1328,2011-10-14 13:41:00,2011-05-11 12:47:00,94,56,5,2607.61,521.522,156,0.03184713375796178,1,0
13137,3603.29,8,2204,2011-11-29 12:09:00,2011-02-04 11:54:00,345,11,8,3603.29,450.41125,298,0.026755852842809364,1,1
13138,962.39,6,473,2011-11-17 16:51:00,2010-12-02 15:03:00,31,22,6,962.39,160.39833333333334,350,0.017094017094017096,1,1
13139,5064.94,7,2425,2011-11-23 13:54:00,2011-03-25 11:57:00,132,16,7,5064.94,723.5628571428571,243,0.028688524590163935,1,1
13140,422.47,3,185,2011-08-23 15:33:00,2010-12-08 15:12:00,40,108,3,422.47,140.82333333333335,258,0.011583011583011582,0,0
13141,2388.75,5,1548,2011-09-16 09:54:00,2011-01-28 13:04:00,113,85,5,2388.75,477.75,230,0.021645021645021644,1,0
13142,307.09,1,258,2011-11-20 16:07:00,2011-11-20 16:07:00,23,19,1,307.09,307.09,0,1.0,0,0
13144,110.95,1,21,2011-01-11 11:15:00,2011-01-11 11:15:00,3,333,1,110.95,110.95,0,1.0,0,0
13145,618.52,4,145,2011-10-31 12:45:00,2010-12-02 18:06:00,5,40,4,618.52,154.63,332,0.012012012012012012,0,0
13146,228.91,1,154,2011-11-13 15:29:00,2011-11-13 15:29:00,16,26,1,228.91,228.91,0,1.0,0,0
13147,712.8000000000001,4,144,2011-11-29 13:59:00,2011-09-01 12:28:00,1,10,4,712.8000000000001,178.20000000000002,89,0.044444444444444446,1,1
13148,3683.26,12,1965,2011-11-10 15:23:00,2010-12-10 13:06:00,231,29,12,3683.26,306.93833333333333,335,0.03571428571428571,1,1
13149,1676.06,4,1280,2011-11-25 13:09:00,2011-02-23 13:57:00,76,14,4,1676.06,419.015,274,0.014545454545454545,1,1
13151,1257.8700000000001,1,363,2011-02-17 12:29:00,2011-02-17 12:29:00,73,296,1,1257.8700000000001,1257.8700000000001,0,1.0,0,0
13153,486.22,1,418,2011-12-04 12:14:00,2011-12-04 12:14:00,15,6,1,486.22,486.22,0,1.0,0,1
13155,971.76,4,497,2011-11-06 15:41:00,2010-12-06 12:44:00,67,33,4,971.76,242.94,335,0.011904761904761904,1,0
13157,1741.22,4,1439,2011-10-21 13:50:00,2011-02-14 14:03:00,69,49,4,1741.22,435.305,248,0.01606425702811245,1,0
13158,1201.06,4,784,2011-09-06 11:58:00,2011-01-25 09:58:00,59,95,4,1201.06,300.265,224,0.017777777777777778,0,0
13159,1429.35,4,1058,2011-12-01 11:20:00,2011-08-16 11:44:00,114,9,4,1429.35,357.3375,106,0.037383177570093455,1,1
13160,91.8,1,56,2011-11-17 13:07:00,2011-11-17 13:07:00,4,22,1,91.8,91.8,0,1.0,0,0
13161,112.75,1,29,2011-01-30 14:03:00,2011-01-30 14:03:00,8,313,1,112.75,112.75,0,1.0,0,0
13162,1688.29,4,1713,2011-08-09 15:59:00,2011-01-09 10:43:00,74,122,4,1688.29,422.0725,212,0.018779342723004695,0,0
13165,1021.48,2,1376,2011-10-24 15:05:00,2010-12-23 14:06:00,40,46,2,1021.48,510.74,305,0.006535947712418301,0,0
13166,417.2,1,216,2011-03-01 15:16:00,2011-03-01 15:16:00,39,283,1,417.2,417.2,0,1.0,0,0
13167,791.33,4,785,2011-11-21 12:24:00,2011-07-19 12:13:00,51,19,4,791.33,197.8325,125,0.031746031746031744,1,0
13168,1299.59,4,670,2011-11-03 12:56:00,2011-01-25 13:55:00,102,36,4,1299.59,324.8975,281,0.014184397163120567,1,0
13169,712.88,2,272,2011-10-07 12:11:00,2011-04-01 14:24:00,11,64,2,712.88,356.44,188,0.010582010582010581,0,0
13170,108.81,1,141,2011-11-13 12:19:00,2011-11-13 12:19:00,29,27,1,108.81,108.81,0,1.0,0,0
13171,468.41,3,229,2011-11-18 10:27:00,2011-02-13 14:16:00,37,22,3,468.41,156.13666666666668,277,0.01079136690647482,0,0
13173,353.65,2,277,2011-12-05 15:51:00,2010-12-07 14:30:00,41,4,2,353.65,176.825,363,0.005494505494505495,1,1
13174,2742.82,3,1352,2011-11-23 14:35:00,2010-12-05 16:24:00,228,16,3,2742.82,914.2733333333334,352,0.0084985835694051,1,0
13176,481.49,1,448,2011-10-24 15:43:00,2011-10-24 15:43:00,66,46,1,481.49,481.49,0,1.0,0,0
13177,282.45,1,91,2011-10-06 09:56:00,2011-10-06 09:56:00,17,65,1,282.45,282.45,0,1.0,0,0
13178,5725.47,11,3570,2011-11-13 16:14:00,2010-12-14 12:22:00,95,26,11,5725.47,520.4972727272727,334,0.03283582089552239,1,1
13182,121.18,1,201,2011-10-25 13:46:00,2011-10-25 13:46:00,11,45,1,121.18,121.18,0,1.0,0,0
13183,3957.78,9,2208,2011-12-02 10:30:00,2011-01-09 10:50:00,51,8,9,3957.78,439.75333333333333,326,0.027522935779816515,1,1
13184,1668.95,10,1662,2011-11-25 12:02:00,2011-02-22 17:25:00,138,15,10,1668.95,166.895,275,0.036231884057971016,1,1
13185,71.4,1,12,2011-03-17 11:56:00,2011-03-17 11:56:00,1,268,1,71.4,71.4,0,1.0,0,0
13186,1575.89,3,820,2011-10-31 11:40:00,2011-08-03 09:09:00,69,40,3,1575.89,525.2966666666667,89,0.03333333333333333,1,0
13187,236.02,1,95,2011-01-06 18:57:00,2011-01-06 18:57:00,37,337,1,236.02,236.02,0,1.0,0,0
13188,114.60000000000001,1,25,2011-11-28 15:28:00,2011-11-28 15:28:00,2,11,1,114.60000000000001,114.60000000000001,0,1.0,0,0
13189,260.68,2,842,2011-11-21 10:39:00,2011-08-16 13:12:00,29,19,2,260.68,130.34,96,0.020618556701030927,0,0
13192,911.94,2,595,2011-09-05 14:13:00,2011-05-18 14:57:00,57,95,2,911.94,455.97,109,0.01818181818181818,0,0
13193,112.08,1,46,2011-10-09 14:30:00,2011-10-09 14:30:00,22,61,1,112.08,112.08,0,1.0,0,0
13194,60.7,1,26,2011-07-27 09:01:00,2011-07-27 09:01:00,3,136,1,60.7,60.7,0,1.0,0,0
13196,1797.78,4,1224,2011-11-28 13:54:00,2011-03-22 14:24:00,97,11,4,1797.78,449.445,250,0.01593625498007968,1,1
13198,3401.2400000000002,6,2648,2011-11-29 15:17:00,2010-12-13 09:29:00,199,10,6,3401.2400000000002,566.8733333333333,351,0.017045454545454544,1,1
13199,9817.12,38,6176,2011-12-06 12:30:00,2010-12-08 10:51:00,48,4,38,9817.12,258.34526315789475,363,0.1043956043956044,1,1
13200,870.09,4,516,2011-11-20 15:35:00,2011-08-05 14:50:00,42,19,4,870.09,217.5225,107,0.037037037037037035,1,0
13203,869.46,4,800,2011-11-30 10:45:00,2011-04-11 14:40:00,56,10,4,869.46,217.365,232,0.017167381974248927,1,1
13207,250.26000000000002,2,130,2011-11-24 14:52:00,2011-07-12 11:35:00,7,15,2,250.26000000000002,125.13000000000001,135,0.014705882352941176,0,0
13208,1217.65,6,803,2011-10-12 09:54:00,2011-02-03 19:32:00,124,59,6,1217.65,202.9416666666667,250,0.02390438247011952,1,0
13209,5891.61,8,4253,2011-11-09 13:54:00,2010-12-13 10:31:00,255,30,8,5891.61,736.45125,331,0.024096385542168676,1,1
13210,353.48,1,316,2011-09-07 08:18:00,2011-09-07 08:18:00,22,94,1,353.48,353.48,0,1.0,0,0
13211,1095.42,3,834,2011-11-29 14:43:00,2010-12-13 16:17:00,45,10,3,1095.42,365.14000000000004,350,0.008547008547008548,1,1
13212,786.83,3,309,2011-11-20 12:40:00,2011-10-09 14:48:00,128,20,3,786.83,262.2766666666667,41,0.07142857142857142,1,0
13213,1520.58,5,1360,2011-10-14 11:42:00,2011-05-24 12:22:00,82,57,5,1520.58,304.116,142,0.03496503496503497,1,0
13216,333.74,1,297,2011-03-17 12:18:00,2011-03-17 12:18:00,5,268,1,333.74,333.74,0,1.0,0,0
13217,533.98,3,262,2011-08-09 15:32:00,2011-07-06 12:08:00,3,122,3,533.98,177.99333333333334,34,0.08571428571428572,0,0
13218,62.63999999999999,1,88,2011-08-04 16:59:00,2011-08-04 16:59:00,5,127,1,62.63999999999999,62.63999999999999,0,1.0,0,0
13220,819.2900000000001,4,196,2011-09-22 13:38:00,2011-04-17 10:59:00,18,78,4,819.2900000000001,204.82250000000002,158,0.025157232704402517,0,0
13221,847.41,2,244,2011-04-13 16:58:00,2010-12-15 13:24:00,62,240,2,847.41,423.705,119,0.016666666666666666,0,0
13223,163.20000000000002,2,88,2011-05-23 13:03:00,2011-04-21 15:16:00,5,200,2,163.20000000000002,81.60000000000001,31,0.0625,0,0
13224,2155.95,2,1518,2011-10-10 14:55:00,2011-07-11 14:10:00,101,60,2,2155.95,1077.975,91,0.021739130434782608,0,0
13225,6463.84,7,3416,2011-12-06 13:29:00,2010-12-13 09:49:00,23,3,7,6463.84,923.4057142857143,358,0.019498607242339833,1,1
13226,108.21000000000001,1,80,2011-03-11 14:35:00,2011-03-11 14:35:00,16,273,1,108.21000000000001,108.21000000000001,0,1.0,0,0
13227,257.7,1,99,2011-05-22 11:47:00,2011-05-22 11:47:00,9,202,1,257.7,257.7,0,1.0,0,0
13228,358.0,1,200,2011-09-19 14:28:00,2011-09-19 14:28:00,2,81,1,358.0,358.0,0,1.0,0,0
13229,160.95,1,63,2011-04-28 12:07:00,2011-04-28 12:07:00,10,226,1,160.95,160.95,0,1.0,0,0
13230,2755.63,14,1638,2011-12-05 16:03:00,2010-12-09 19:28:00,393,4,14,2755.63,196.8307142857143,360,0.038781163434903045,1,1
13232,1328.35,7,773,2011-11-27 10:39:00,2011-04-10 13:48:00,147,13,7,1328.35,189.7642857142857,230,0.030303030303030304,1,1
13233,605.12,2,1004,2011-09-26 13:25:00,2011-01-07 14:49:00,43,74,2,605.12,302.56,261,0.007633587786259542,0,0
13235,1031.07,1,441,2011-05-11 17:13:00,2011-05-11 17:13:00,53,212,1,1031.07,1031.07,0,1.0,0,0
13236,744.85,2,416,2011-11-15 12:50:00,2011-08-25 08:58:00,34,25,2,744.85,372.425,82,0.024096385542168676,0,0
13238,700.73,4,298,2011-11-22 15:37:00,2010-12-14 14:37:00,20,17,4,700.73,175.1825,343,0.011627906976744186,1,0
13239,329.56,1,327,2011-03-23 10:25:00,2011-03-23 10:25:00,21,262,1,329.56,329.56,0,1.0,0,0
13240,663.65,4,298,2011-09-04 14:08:00,2010-12-09 12:49:00,59,96,4,663.65,165.9125,269,0.014814814814814815,0,0
13242,270.40000000000003,3,130,2011-08-19 12:53:00,2011-05-10 12:26:00,12,112,3,270.40000000000003,90.13333333333334,101,0.029411764705882353,0,0
13243,585.12,1,232,2011-05-20 13:14:00,2011-05-20 13:14:00,56,203,1,585.12,585.12,0,1.0,0,0
13244,121.74000000000001,1,38,2011-09-08 11:46:00,2011-09-08 11:46:00,27,93,1,121.74000000000001,121.74000000000001,0,1.0,0,0
13245,430.5,1,125,2011-10-20 11:40:00,2011-10-20 11:40:00,16,51,1,430.5,430.5,0,1.0,0,0
13246,1961.52,6,1587,2011-11-21 16:50:00,2011-01-13 13:36:00,110,18,6,1961.52,326.92,312,0.019169329073482427,1,1
13247,501.12,4,328,2011-11-22 10:59:00,2011-09-18 11:31:00,18,18,4,501.12,125.28,64,0.06153846153846154,1,0
13248,465.68,2,305,2011-08-07 12:40:00,2011-06-03 13:05:00,25,125,2,465.68,232.84,64,0.03076923076923077,0,0
13249,711.41,3,546,2011-09-08 13:26:00,2011-03-23 15:26:00,21,92,3,711.41,237.13666666666666,168,0.01775147928994083,0,0
13253,1030.4,2,1572,2011-07-06 10:09:00,2011-01-04 15:43:00,35,157,2,1030.4,515.2,182,0.01092896174863388,0,0
13255,399.51,2,177,2011-11-30 13:14:00,2010-12-01 11:58:00,13,9,2,399.51,199.755,364,0.005479452054794521,0,0
13258,672.83,3,282,2011-11-28 09:31:00,2011-05-18 13:11:00,28,12,3,672.83,224.27666666666667,193,0.015463917525773196,1,1
13259,283.18,1,126,2011-10-09 10:48:00,2011-10-09 10:48:00,77,62,1,283.18,283.18,0,1.0,0,0
13260,557.62,1,142,2011-10-09 13:21:00,2011-10-09 13:21:00,8,61,1,557.62,557.62,0,1.0,0,0
13261,944.1,2,210,2011-03-16 12:22:00,2011-02-27 10:41:00,8,269,2,944.1,472.05,17,0.1111111111111111,0,0
13262,200.29,1,125,2011-03-21 15:06:00,2011-03-21 15:06:00,11,263,1,200.29,200.29,0,1.0,0,0
13263,7436.93,35,4768,2011-12-08 13:59:00,2011-01-18 16:31:00,450,1,35,7436.93,212.48371428571429,323,0.10802469135802469,1,1
13265,2092.66,5,1740,2011-10-17 15:02:00,2011-03-11 09:54:00,66,53,5,2092.66,418.532,220,0.02262443438914027,1,0
13266,3834.2599999999998,12,4428,2011-11-28 14:39:00,2011-03-28 10:14:00,82,11,12,3834.2599999999998,319.52166666666665,245,0.04878048780487805,1,1
13267,4521.49,19,1969,2011-12-07 11:12:00,2010-12-08 09:20:00,88,3,19,4521.49,237.97315789473683,364,0.052054794520547946,1,1
13268,3174.75,11,3624,2011-11-22 11:51:00,2011-03-17 13:20:00,257,18,11,3174.75,288.6136363636364,249,0.044,1,1
13269,5343.28,15,3513,2011-12-08 14:53:00,2010-12-05 11:51:00,177,1,15,5343.28,356.21866666666665,368,0.04065040650406504,1,1
13270,590.0,1,200,2010-12-08 14:53:00,2010-12-08 14:53:00,1,366,1,590.0,590.0,0,1.0,0,0
13271,211.49,1,240,2011-11-02 14:31:00,2011-11-02 14:31:00,79,37,1,211.49,211.49,0,1.0,0,0
13272,276.56,2,96,2011-11-08 14:00:00,2011-09-11 12:06:00,15,31,2,276.56,138.28,58,0.03389830508474576,0,0
13273,138.98,1,153,2011-08-18 14:02:00,2011-08-18 14:02:00,16,113,1,138.98,138.98,0,1.0,0,0
13276,590.9300000000001,2,161,2011-10-07 12:44:00,2011-09-01 10:03:00,30,64,2,590.9300000000001,295.46500000000003,36,0.05405405405405406,0,0
13277,258.4,4,176,2011-11-24 09:21:00,2011-07-29 10:06:00,5,16,4,258.4,64.6,117,0.03389830508474576,0,0
13278,542.73,1,537,2011-10-30 11:49:00,2011-10-30 11:49:00,46,41,1,542.73,542.73,0,1.0,0,0
13279,137.75,1,73,2011-09-22 17:24:00,2011-09-22 17:24:00,9,78,1,137.75,137.75,0,1.0,0,0
13280,798.46,3,518,2011-08-09 13:14:00,2011-01-06 17:10:00,67,122,3,798.46,266.15333333333336,214,0.013953488372093023,0,0
13282,1132.14,3,307,2011-11-21 15:33:00,2011-05-03 12:03:00,29,18,3,1132.14,377.38000000000005,202,0.014778325123152709,1,0
13283,93.66,2,90,2011-10-11 09:50:00,2011-06-07 12:39:00,7,60,2,93.66,46.83,125,0.015873015873015872,0,0
13284,201.19,1,91,2011-01-13 09:23:00,2011-01-13 09:23:00,13,331,1,201.19,201.19,0,1.0,0,0
13285,2709.12,4,2051,2011-11-16 13:19:00,2011-02-22 17:13:00,157,23,4,2709.12,677.28,266,0.0149812734082397,1,0
13291,361.11,1,233,2011-07-07 10:36:00,2011-07-07 10:36:00,41,156,1,361.11,361.11,0,1.0,0,0
13292,578.9399999999999,2,347,2011-11-01 10:04:00,2011-02-28 15:00:00,29,39,2,578.9399999999999,289.46999999999997,245,0.008130081300813009,0,0
13294,873.74,2,453,2011-06-03 08:54:00,2011-04-04 12:37:00,48,190,2,873.74,436.87,59,0.03333333333333333,0,0
13295,201.20000000000002,1,82,2010-12-15 11:21:00,2010-12-15 11:21:00,10,360,1,201.20000000000002,201.20000000000002,0,1.0,0,0
13296,87.4,1,78,2011-07-25 13:46:00,2011-07-25 13:46:00,5,137,1,87.4,87.4,0,1.0,0,0
13297,2089.85,4,963,2011-12-02 09:32:00,2011-10-03 15:08:00,52,8,4,2089.85,522.4625,59,0.06666666666666667,1,1
13298,360.0,1,96,2011-12-08 13:11:00,2011-12-08 13:11:00,2,1,1,360.0,360.0,0,1.0,1,1
13299,142.5,1,30,2011-03-16 12:55:00,2011-03-16 12:55:00,5,268,1,142.5,142.5,0,1.0,0,0
13300,371.89,1,203,2011-06-23 13:09:00,2011-06-23 13:09:00,20,169,1,371.89,371.89,0,1.0,0,0
13301,618.09,4,345,2011-08-28 11:25:00,2011-02-20 13:13:00,75,104,4,618.09,154.5225,188,0.021164021164021163,0,0
13302,63.75,1,5,2011-07-07 17:56:00,2011-07-07 17:56:00,1,155,1,63.75,63.75,0,1.0,0,0
13304,300.42,1,238,2010-12-23 14:35:00,2010-12-23 14:35:00,21,351,1,300.42,300.42,0,1.0,0,0
13305,2000.86,10,1232,2011-12-05 15:15:00,2010-12-02 12:10:00,50,4,10,2000.86,200.08599999999998,368,0.02710027100271003,1,1
13307,15.0,1,4,2011-08-11 17:14:00,2011-08-11 17:14:00,1,120,1,15.0,15.0,0,1.0,0,0
13308,1385.51,3,843,2011-11-17 09:31:00,2011-05-20 13:13:00,49,23,3,1385.51,461.83666666666664,180,0.016574585635359115,1,0
13309,1456.79,5,1544,2011-12-02 16:34:00,2011-02-04 12:29:00,82,7,5,1456.79,291.358,301,0.016556291390728478,1,1
13310,1132.03,3,587,2011-11-11 17:23:00,2011-01-19 14:50:00,65,28,3,1132.03,377.3433333333333,296,0.010101010101010102,1,0
13311,598.57,2,305,2011-12-05 12:55:00,2011-07-12 14:26:00,25,4,2,598.57,299.285,145,0.0136986301369863,1,1
13313,1555.32,5,851,2011-11-17 16:48:00,2011-01-04 10:00:00,47,22,5,1555.32,311.06399999999996,317,0.015723270440251572,1,1
13314,775.94,3,560,2011-12-08 12:29:00,2011-09-27 10:20:00,55,2,3,775.94,258.6466666666667,72,0.0410958904109589,1,1
13316,5732.93,4,5508,2011-11-02 13:40:00,2011-03-30 13:01:00,66,37,4,5732.93,1433.2325,217,0.01834862385321101,1,0
13317,2273.68,6,1035,2011-10-04 13:35:00,2010-12-16 09:22:00,100,66,6,2273.68,378.94666666666666,292,0.020477815699658702,1,0
13318,640.76,3,304,2011-12-08 18:51:00,2011-11-02 13:26:00,14,1,3,640.76,213.58666666666667,36,0.08108108108108109,1,1
13319,10845.550000000001,26,4724,2011-12-04 13:34:00,2010-12-09 10:04:00,209,5,26,10845.550000000001,417.1365384615385,360,0.07202216066481995,1,1
13320,1532.2,4,1086,2011-09-22 18:07:00,2011-05-10 10:29:00,77,78,4,1532.2,383.05,135,0.029411764705882353,1,0
13321,567.36,2,372,2011-09-28 15:24:00,2011-09-14 15:18:00,10,72,2,567.36,283.68,14,0.13333333333333333,0,0
13322,199.48000000000002,1,117,2011-11-22 14:21:00,2011-11-22 14:21:00,25,17,1,199.48000000000002,199.48000000000002,0,1.0,0,0
13323,787.85,5,175,2011-12-06 17:12:00,2011-09-16 13:23:00,6,3,5,787.85,157.57,81,0.06097560975609756,1,1
13324,7121.95,10,5205,2011-11-03 16:28:00,2010-12-14 09:50:00,25,36,10,7121.95,712.1949999999999,324,0.03076923076923077,1,1
13325,675.3,1,240,2011-09-19 10:36:00,2011-09-19 10:36:00,12,82,1,675.3,675.3,0,1.0,0,0
13327,3627.77,8,1600,2011-11-01 10:21:00,2010-12-09 15:32:00,74,39,8,3627.77,453.47125,326,0.024464831804281346,1,0
13328,1308.48,1,680,2011-01-27 15:22:00,2011-01-27 15:22:00,17,316,1,1308.48,1308.48,0,1.0,0,0
13329,789.0,2,463,2011-11-08 10:29:00,2010-12-08 10:11:00,16,32,2,789.0,394.5,335,0.005952380952380952,0,0
13330,1140.93,3,751,2011-09-08 12:27:00,2011-01-28 10:08:00,37,93,3,1140.93,380.31,223,0.013392857142857142,0,0
13332,350.9,1,179,2011-11-25 13:30:00,2011-11-25 13:30:00,21,14,1,350.9,350.9,0,1.0,0,0
13334,3502.32,3,1764,2011-09-18 15:21:00,2011-02-07 11:42:00,207,82,3,3502.32,1167.44,223,0.013392857142857142,1,0
13336,795.12,1,559,2011-09-23 14:05:00,2011-09-23 14:05:00,51,77,1,795.12,795.12,0,1.0,0,0
13338,487.02,1,256,2011-07-05 09:06:00,2011-07-05 09:06:00,19,158,1,487.02,487.02,0,1.0,0,0
13339,860.12,1,326,2011-05-23 08:31:00,2011-05-23 08:31:00,54,201,1,860.12,860.12,0,1.0,0,0
13340,10736.48,7,5770,2011-10-25 13:15:00,2011-03-08 11:39:00,128,45,7,10736.48,1533.782857142857,231,0.03017241379310345,1,1
13341,775.85,1,301,2011-03-24 09:50:00,2011-03-24 09:50:00,42,261,1,775.85,775.85,0,1.0,0,0
13343,353.43,1,135,2011-06-15 12:24:00,2011-06-15 12:24:00,19,178,1,353.43,353.43,0,1.0,0,0
13344,2511.69,3,952,2011-10-03 09:45:00,2011-03-07 10:28:00,115,68,3,2511.69,837.23,209,0.014285714285714285,1,0
13345,389.5,1,141,2011-02-25 09:01:00,2011-02-25 09:01:00,20,288,1,389.5,389.5,0,1.0,0,0
13347,341.36,1,205,2011-09-30 13:28:00,2011-09-30 13:28:00,8,70,1,341.36,341.36,0,1.0,0,0
13348,233.76,1,136,2011-10-06 17:28:00,2011-10-06 17:28:00,14,64,1,233.76,233.76,0,1.0,0,0
13349,247.32,1,225,2011-11-29 08:07:00,2011-11-29 08:07:00,16,11,1,247.32,247.32,0,1.0,0,0
13350,979.12,2,287,2011-11-23 16:33:00,2011-09-21 13:33:00,36,16,2,979.12,489.56,63,0.03125,1,0
13351,373.94,1,117,2011-10-04 12:55:00,2011-10-04 12:55:00,16,66,1,373.94,373.94,0,1.0,0,0
13352,397.97999999999996,1,321,2011-10-10 13:55:00,2011-10-10 13:55:00,24,60,1,397.97999999999996,397.97999999999996,0,1.0,0,0
13354,743.53,1,604,2011-09-29 13:17:00,2011-09-29 13:17:00,51,71,1,743.53,743.53,0,1.0,0,0
13355,674.7,1,314,2011-08-09 14:48:00,2011-08-09 14:48:00,32,122,1,674.7,674.7,0,1.0,0,0
13356,768.24,1,325,2011-09-20 14:33:00,2011-09-20 14:33:00,42,80,1,768.24,768.24,0,1.0,0,0
13357,609.4,1,321,2011-03-27 13:56:00,2011-03-27 13:56:00,85,257,1,609.4,609.4,0,1.0,0,0
13358,439.03,1,285,2011-03-16 11:52:00,2011-03-16 11:52:00,29,269,1,439.03,439.03,0,1.0,0,0
13359,439.56,1,161,2011-10-07 09:30:00,2011-10-07 09:30:00,23,64,1,439.56,439.56,0,1.0,0,0
13362,3090.7400000000002,4,1382,2011-11-30 14:41:00,2011-02-25 11:33:00,128,9,4,3090.7400000000002,772.6850000000001,278,0.014336917562724014,1,1
13363,992.5,2,710,2011-11-22 12:40:00,2011-10-27 10:46:00,47,18,2,992.5,496.25,26,0.07407407407407407,0,0
13364,134.95999999999998,1,71,2011-09-29 18:13:00,2011-09-29 18:13:00,10,71,1,134.95999999999998,134.95999999999998,0,1.0,0,0
13365,2225.37,2,1247,2011-11-06 12:36:00,2011-05-06 12:00:00,122,34,2,2225.37,1112.685,184,0.010810810810810811,1,0
13366,56.160000000000004,1,144,2011-10-20 13:37:00,2011-10-20 13:37:00,1,50,1,56.160000000000004,56.160000000000004,0,1.0,0,0
13368,623.4,2,327,2011-03-28 09:59:00,2011-01-06 12:32:00,29,257,2,623.4,311.7,80,0.024691358024691357,0,0
13369,308.28000000000003,1,149,2010-12-09 11:30:00,2010-12-09 11:30:00,14,366,1,308.28000000000003,308.28000000000003,0,1.0,0,0
13370,754.87,1,343,2010-12-03 10:26:00,2010-12-03 10:26:00,39,372,1,754.87,754.87,0,1.0,0,0
13372,378.64,1,159,2011-09-11 12:46:00,2011-09-11 12:46:00,23,90,1,378.64,378.64,0,1.0,0,0
13373,3312.25,3,1651,2011-10-10 10:51:00,2011-03-08 14:35:00,135,61,3,3312.25,1104.0833333333333,215,0.013888888888888888,1,0
13375,778.65,1,442,2011-09-12 10:19:00,2011-09-12 10:19:00,37,89,1,778.65,778.65,0,1.0,0,0
13376,1019.76,3,493,2011-09-01 16:16:00,2011-04-19 13:03:00,45,99,3,1019.76,339.92,135,0.022058823529411766,0,0
13379,572.56,3,601,2011-11-13 13:45:00,2011-07-26 12:26:00,85,26,3,572.56,190.85333333333332,110,0.02702702702702703,0,0
13381,3639.31,6,2029,2011-11-08 11:58:00,2011-02-14 10:10:00,77,32,6,3639.31,606.5516666666666,267,0.022388059701492536,1,0
13382,222.99,1,131,2011-03-04 10:03:00,2011-03-04 10:03:00,15,281,1,222.99,222.99,0,1.0,0,0
13384,4151.93,7,2422,2011-11-09 11:04:00,2011-06-14 12:47:00,123,31,7,4151.93,593.1328571428572,147,0.0472972972972973,1,0
13385,534.57,1,281,2011-01-14 09:52:00,2011-01-14 09:52:00,35,330,1,534.57,534.57,0,1.0,0,0
13388,677.1,2,282,2011-07-31 12:52:00,2011-07-31 12:52:00,35,131,2,677.1,338.55,0,2.0,0,0
13389,797.96,3,429,2011-11-28 14:01:00,2011-04-21 12:12:00,50,11,3,797.96,265.9866666666667,221,0.013513513513513514,1,1
13390,544.08,1,224,2011-09-26 08:38:00,2011-09-26 08:38:00,13,75,1,544.08,544.08,0,1.0,0,0
13391,59.8,1,4,2011-05-20 10:50:00,2011-05-20 10:50:00,1,204,1,59.8,59.8,0,1.0,0,0
13394,2520.02,8,2392,2011-12-08 11:36:00,2011-02-03 10:39:00,124,2,8,2520.02,315.0025,308,0.025889967637540454,1,1
13395,307.72,1,336,2011-06-07 15:04:00,2011-06-07 15:04:00,21,185,1,307.72,307.72,0,1.0,0,0
13396,1360.99,2,600,2011-11-10 16:59:00,2011-01-24 13:37:00,42,29,2,1360.99,680.495,290,0.006872852233676976,0,0
13397,1544.13,5,430,2011-09-28 10:56:00,2011-01-04 13:50:00,28,73,5,1544.13,308.826,266,0.018726591760299626,1,0
13398,457.34,1,281,2011-05-31 13:17:00,2011-05-31 13:17:00,26,192,1,457.34,457.34,0,1.0,0,0
13402,621.23,2,479,2011-08-04 15:51:00,2010-12-02 17:12:00,32,127,2,621.23,310.615,244,0.00816326530612245,0,0
13403,75.0,1,44,2011-11-22 08:28:00,2011-11-22 08:28:00,3,18,1,75.0,75.0,0,1.0,0,0
13404,252.49,2,111,2011-12-08 15:37:00,2011-05-11 11:57:00,11,1,2,252.49,126.245,211,0.009433962264150943,1,1
13405,572.451,3,165,2011-09-26 17:01:00,2011-01-26 09:27:00,25,74,3,572.451,190.817,243,0.012295081967213115,0,0
13408,28117.04,62,16232,2011-12-08 09:05:00,2010-12-01 10:39:00,234,2,62,28117.04,453.5006451612903,371,0.16666666666666666,1,1
13410,1003.06,5,518,2011-11-15 15:33:00,2011-02-21 14:38:00,15,24,5,1003.06,200.612,267,0.018656716417910446,1,1
13411,213.55,1,72,2011-08-24 13:57:00,2011-08-24 13:57:00,17,107,1,213.55,213.55,0,1.0,0,0
13414,1390.5,3,1574,2011-07-29 11:45:00,2011-02-16 12:13:00,23,134,3,1390.5,463.5,162,0.018404907975460124,0,0
13416,712.5,2,142,2011-10-27 08:56:00,2011-09-19 14:43:00,11,44,2,712.5,356.25,37,0.05263157894736842,0,0
13417,640.83,2,162,2011-12-05 08:49:00,2011-05-18 16:26:00,26,5,2,640.83,320.415,200,0.009950248756218905,1,1
13418,6127.43,18,3918,2011-11-28 10:23:00,2010-12-02 10:45:00,223,12,18,6127.43,340.4127777777778,360,0.04986149584487535,1,1
13419,221.06,1,275,2011-10-07 12:49:00,2011-10-07 12:49:00,16,64,1,221.06,221.06,0,1.0,0,0
13420,159.85,2,101,2011-07-13 08:48:00,2011-06-22 11:35:00,8,150,2,159.85,79.925,20,0.09523809523809523,0,0
13421,1833.71,2,1128,2011-10-30 14:21:00,2011-02-22 15:46:00,88,40,2,1833.71,916.855,249,0.008,0,0
13422,2626.3,1,1326,2011-10-06 13:42:00,2011-10-06 13:42:00,127,64,1,2626.3,2626.3,0,1.0,0,0
13425,1624.21,3,1123,2011-08-23 17:13:00,2011-02-18 08:34:00,66,108,3,1624.21,541.4033333333333,186,0.016042780748663103,0,0
13426,3641.32,10,2245,2011-12-09 08:59:00,2010-12-15 12:43:00,103,1,10,3641.32,364.132,358,0.027855153203342618,1,1
13427,582.6,3,545,2011-11-20 13:02:00,2011-05-08 15:58:00,25,19,3,582.6,194.20000000000002,195,0.015306122448979591,0,0
13428,201.78,1,151,2011-11-29 14:20:00,2011-11-29 14:20:00,70,10,1,201.78,201.78,0,1.0,0,0
13429,1006.8,4,1390,2011-11-29 09:10:00,2011-09-25 15:59:00,55,11,4,1006.8,251.7,64,0.06153846153846154,1,1
13430,679.45,2,751,2011-11-21 08:19:00,2011-09-14 14:26:00,48,19,2,679.45,339.725,67,0.029411764705882353,0,0
13431,1269.1,2,672,2011-10-03 13:49:00,2011-09-12 11:25:00,44,67,2,1269.1,634.55,21,0.09090909090909091,0,0
13434,534.24,2,300,2011-09-26 14:30:00,2011-09-04 10:35:00,9,74,2,534.24,267.12,22,0.08695652173913043,0,0
13435,3809.8900000000003,7,2129,2011-12-04 14:45:00,2011-06-03 17:07:00,68,5,7,3809.8900000000003,544.2700000000001,183,0.03804347826086957,1,1
13436,196.89,1,76,2011-12-08 10:33:00,2011-12-08 10:33:00,12,2,1,196.89,196.89,0,1.0,0,1
13437,3408.06,7,1283,2011-11-25 14:00:00,2011-06-02 14:30:00,143,14,7,3408.06,486.86571428571426,175,0.03977272727272727,1,1
13439,283.71,1,242,2011-03-29 14:20:00,2011-03-29 14:20:00,54,255,1,283.71,283.71,0,1.0,0,0
13441,296.64,1,204,2011-09-09 09:38:00,2011-09-09 09:38:00,13,92,1,296.64,296.64,0,1.0,0,0
13447,1129.14,3,584,2011-11-16 13:38:00,2011-11-04 10:10:00,55,23,3,1129.14,376.38000000000005,12,0.23076923076923078,1,0
13448,3534.69,6,1648,2011-11-23 12:33:00,2010-12-01 10:52:00,137,17,6,3534.69,589.115,357,0.01675977653631285,1,1
13449,291.88,1,222,2011-11-16 08:28:00,2011-11-16 08:28:00,19,24,1,291.88,291.88,0,1.0,0,0
13450,2043.7199999999998,6,1982,2011-11-13 11:54:00,2011-05-05 19:48:00,32,27,6,2043.7199999999998,340.61999999999995,191,0.03125,1,0
13451,2898.2599999999998,5,2128,2011-11-13 15:58:00,2011-01-09 15:35:00,315,26,5,2898.2599999999998,579.6519999999999,308,0.016181229773462782,1,0
13452,590.0,2,2,2011-03-25 14:19:00,2011-03-14 11:38:00,1,259,2,590.0,295.0,11,0.16666666666666666,0,0
13453,356.97999999999996,2,134,2011-06-27 09:34:00,2011-02-23 09:44:00,16,166,2,356.97999999999996,178.48999999999998,123,0.016129032258064516,0,0
13455,1058.34,2,354,2011-11-15 11:21:00,2010-12-08 13:11:00,42,25,2,1058.34,529.17,341,0.005847953216374269,0,0
13456,1766.72,6,765,2011-11-22 09:18:00,2011-05-16 15:34:00,43,18,6,1766.72,294.4533333333333,189,0.031578947368421054,1,1
13458,9646.57,14,5508,2011-12-02 15:29:00,2010-12-15 12:05:00,242,7,14,9646.57,689.0407142857142,352,0.039660056657223795,1,1
13460,183.44,2,286,2011-11-10 17:17:00,2011-10-21 09:50:00,16,29,2,183.44,91.72,20,0.09523809523809523,0,0
13461,1445.0,3,1170,2011-11-01 09:01:00,2011-06-29 10:23:00,14,39,3,1445.0,481.6666666666667,124,0.024,1,0
13462,151.5,1,62,2011-04-01 11:20:00,2011-04-01 11:20:00,9,253,1,151.5,151.5,0,1.0,0,0
13464,674.68,1,403,2011-10-12 15:01:00,2011-10-12 15:01:00,41,58,1,674.68,674.68,0,1.0,0,0
13466,307.9,1,259,2011-06-08 16:39:00,2011-06-08 16:39:00,17,184,1,307.9,307.9,0,1.0,0,0
13467,1071.91,2,580,2011-11-29 10:01:00,2011-11-03 16:56:00,89,11,2,1071.91,535.955,25,0.07692307692307693,1,1
13468,5704.97,37,2589,2011-12-08 10:39:00,2010-12-01 15:08:00,184,2,37,5704.97,154.1883783783784,371,0.09946236559139784,1,1
13470,165.0,2,100,2011-09-01 14:57:00,2011-08-16 17:06:00,7,99,2,165.0,82.5,15,0.125,0,0
13471,2501.84,4,1583,2011-12-08 15:44:00,2011-10-23 13:10:00,214,1,4,2501.84,625.46,46,0.0851063829787234,1,1
13473,422.64,2,266,2011-10-10 11:20:00,2011-01-11 08:45:00,21,61,2,422.64,211.32,272,0.007326007326007326,0,0
13474,226.84,1,129,2011-04-17 13:53:00,2011-04-17 13:53:00,59,236,1,226.84,226.84,0,1.0,0,0
13475,1431.78,4,1012,2011-06-01 13:52:00,2011-02-14 12:36:00,64,191,4,1431.78,357.945,107,0.037037037037037035,0,0
13476,1238.47,2,417,2011-06-14 12:00:00,2011-03-03 14:43:00,56,179,2,1238.47,619.235,102,0.019417475728155338,0,0
13477,1454.58,6,1021,2011-11-02 12:04:00,2011-02-21 12:29:00,57,38,6,1454.58,242.42999999999998,253,0.023622047244094488,1,1
13479,300.95,2,134,2011-05-23 10:45:00,2011-04-19 11:27:00,14,201,2,300.95,150.475,33,0.058823529411764705,0,0
13481,1804.56,5,1142,2011-10-25 09:07:00,2011-03-28 09:07:00,98,46,5,1804.56,360.912,211,0.02358490566037736,1,0
13482,184.64,1,116,2011-04-21 17:03:00,2011-04-21 17:03:00,11,232,1,184.64,184.64,0,1.0,0,0
13483,140.34,1,160,2011-10-05 11:53:00,2011-10-05 11:53:00,10,66,1,140.34,140.34,0,1.0,0,0
13484,313.8,1,44,2011-04-12 16:30:00,2011-04-12 16:30:00,8,241,1,313.8,313.8,0,1.0,0,0
13485,454.24,1,277,2011-04-20 13:58:00,2011-04-20 13:58:00,23,233,1,454.24,454.24,0,1.0,0,0
13486,1122.41,3,669,2011-09-22 13:13:00,2011-07-07 17:19:00,69,78,3,1122.41,374.1366666666667,76,0.03896103896103896,0,0
13487,575.4,3,265,2011-10-13 12:07:00,2010-12-21 14:54:00,26,58,3,575.4,191.79999999999998,295,0.010135135135135136,0,0
13488,8968.31,13,4518,2011-11-22 14:41:00,2010-12-07 13:01:00,271,17,13,8968.31,689.87,350,0.037037037037037035,1,1
13489,449.52,4,560,2011-08-26 13:16:00,2011-02-18 10:42:00,11,105,4,449.52,112.38,189,0.021052631578947368,0,0
13491,1215.82,10,903,2011-10-19 08:32:00,2010-12-02 14:30:00,73,52,10,1215.82,121.582,320,0.03115264797507788,1,0
13492,1269.84,3,408,2011-07-26 14:25:00,2011-05-09 10:06:00,38,136,3,1269.84,423.28,78,0.0379746835443038,0,0
13493,618.63,2,380,2011-03-09 15:35:00,2011-02-25 16:42:00,6,275,2,618.63,309.315,11,0.16666666666666666,0,0
13494,316.26000000000005,1,162,2011-02-01 11:58:00,2011-02-01 11:58:00,18,312,1,316.26000000000005,316.26000000000005,0,1.0,0,0
13495,2044.8700000000001,5,829,2011-12-02 11:21:00,2010-12-06 15:14:00,34,8,5,2044.8700000000001,408.97400000000005,360,0.013850415512465374,1,1
13496,653.33,2,341,2011-11-29 10:58:00,2010-12-15 10:17:00,28,11,2,653.33,326.665,349,0.005714285714285714,0,1
13497,348.05,2,163,2011-03-02 09:04:00,2010-12-06 11:37:00,19,283,2,348.05,174.025,85,0.023255813953488372,0,0
13499,1159.11,5,1365,2011-11-22 11:21:00,2011-03-15 08:52:00,31,18,5,1159.11,231.82199999999997,252,0.019762845849802372,1,1
13500,1166.77,3,609,2011-11-16 15:35:00,2011-08-09 12:20:00,60,23,3,1166.77,388.92333333333335,99,0.03,1,0
13501,1340.32,1,560,2011-02-24 18:59:00,2011-02-24 18:59:00,52,288,1,1340.32,1340.32,0,1.0,0,0
13502,292.0,3,264,2011-11-23 10:39:00,2011-01-20 09:03:00,17,17,3,292.0,97.33333333333333,307,0.00974025974025974,0,0
13503,216.85,1,248,2011-09-29 13:23:00,2011-09-29 13:23:00,17,71,1,216.85,216.85,0,1.0,0,0
13504,295.93,1,178,2011-10-06 13:20:00,2011-10-06 13:20:00,22,64,1,295.93,295.93,0,1.0,0,0
13505,4393.63,4,2486,2011-09-28 11:56:00,2011-04-21 12:07:00,182,73,4,4393.63,1098.4075,159,0.025,1,0
13506,458.52,2,324,2011-01-27 13:53:00,2010-12-05 12:15:00,26,316,2,458.52,229.26,53,0.037037037037037035,0,0
13507,2479.16,4,1597,2011-12-06 13:13:00,2011-07-17 11:50:00,146,3,4,2479.16,619.79,142,0.027972027972027972,1,1
13508,110.97,1,24,2011-04-10 11:58:00,2011-04-10 11:58:00,12,244,1,110.97,110.97,0,1.0,0,0
13509,979.72,7,1106,2011-12-01 10:10:00,2011-02-28 13:27:00,27,9,7,979.72,139.96,275,0.025362318840579712,1,1
13510,1791.56,4,1386,2011-12-08 13:46:00,2011-06-09 09:32:00,86,1,4,1791.56,447.89,182,0.02185792349726776,1,1
13512,251.21,1,143,2011-03-24 10:03:00,2011-03-24 10:03:00,15,261,1,251.21,251.21,0,1.0,0,0
13513,205.1,1,109,2011-08-05 11:50:00,2011-08-05 11:50:00,10,127,1,205.1,205.1,0,1.0,0,0
13514,152.20000000000002,1,40,2011-09-27 09:39:00,2011-09-27 09:39:00,4,74,1,152.20000000000002,152.20000000000002,0,1.0,0,0
13515,891.12,4,681,2011-09-28 11:26:00,2011-04-06 10:33:00,50,73,4,891.12,222.78,175,0.022727272727272728,0,0
13516,1389.41,3,985,2011-11-18 13:15:00,2011-04-15 11:06:00,43,21,3,1389.41,463.1366666666667,217,0.013761467889908258,1,0
13517,2128.42,3,1369,2011-10-11 11:43:00,2011-06-13 08:44:00,125,60,3,2128.42,709.4733333333334,120,0.024793388429752067,1,0
13518,627.16,1,382,2011-09-15 10:29:00,2011-09-15 10:29:00,36,86,1,627.16,627.16,0,1.0,0,0
13519,122.75,1,23,2011-09-22 18:24:00,2011-09-22 18:24:00,8,78,1,122.75,122.75,0,1.0,0,0
13520,3624.35,6,1649,2011-10-12 10:20:00,2010-12-03 10:36:00,49,59,6,3624.35,604.0583333333333,312,0.019169329073482427,1,0
13521,1071.73,3,718,2011-12-08 13:50:00,2011-11-29 15:09:00,313,1,3,1071.73,357.24333333333334,8,0.3333333333333333,1,1
13522,125.80000000000001,1,44,2011-11-09 15:11:00,2011-11-09 15:11:00,5,30,1,125.80000000000001,125.80000000000001,0,1.0,0,0
13523,3964.88,5,1752,2011-11-06 15:11:00,2010-12-08 14:22:00,157,33,5,3964.88,792.976,333,0.014970059880239521,1,0
13524,680.1800000000001,5,324,2011-10-30 12:34:00,2011-05-04 12:26:00,17,41,5,680.1800000000001,136.036,179,0.027777777777777776,1,0
13525,628.78,2,394,2011-11-25 12:01:00,2011-04-05 15:36:00,5,15,2,628.78,314.39,233,0.008547008547008548,0,0
13527,2242.36,7,1683,2011-11-06 12:04:00,2011-01-17 11:17:00,153,34,7,2242.36,320.33714285714285,293,0.023809523809523808,1,0
13529,307.76,2,74,2011-09-22 09:15:00,2011-05-19 11:50:00,15,79,2,307.76,153.88,125,0.015873015873015872,0,0
13531,483.8,2,174,2011-05-18 16:56:00,2010-12-08 15:03:00,17,205,2,483.8,241.9,161,0.012345679012345678,0,0
13532,210.31,1,129,2011-11-06 12:25:00,2011-11-06 12:25:00,66,34,1,210.31,210.31,0,1.0,0,0
13533,269.09,3,202,2011-06-10 11:54:00,2011-03-17 12:47:00,61,183,3,269.09,89.69666666666666,84,0.03529411764705882,0,0
13534,5870.08,25,2961,2011-12-07 14:52:00,2010-12-16 15:23:00,119,2,25,5870.08,234.8032,355,0.0702247191011236,1,1
13536,3444.39,7,2126,2011-12-08 16:38:00,2011-09-25 13:30:00,91,1,7,3444.39,492.05571428571426,74,0.09333333333333334,1,1
13538,1280.85,7,175,2011-10-27 16:34:00,2011-01-28 10:40:00,10,43,7,1280.85,182.97857142857143,272,0.02564102564102564,1,0
13539,631.34,3,320,2011-09-15 10:18:00,2011-02-03 15:23:00,35,86,3,631.34,210.4466666666667,223,0.013392857142857142,0,0
13544,276.06,2,112,2011-10-31 11:57:00,2011-04-13 12:09:00,76,40,2,276.06,138.03,200,0.009950248756218905,0,0
13546,621.09,3,357,2011-11-27 14:50:00,2011-05-23 12:14:00,72,12,3,621.09,207.03,188,0.015873015873015872,1,1
13548,678.16,2,436,2011-09-04 14:50:00,2011-04-10 11:35:00,114,96,2,678.16,339.08,147,0.013513513513513514,0,0
13549,918.2,7,458,2011-11-14 09:20:00,2011-04-11 13:42:00,37,26,7,918.2,131.17142857142858,216,0.03225806451612903,1,1
13551,91.80000000000001,1,12,2011-01-24 14:46:00,2011-01-24 14:46:00,4,319,1,91.80000000000001,91.80000000000001,0,1.0,0,0
13552,3740.07,12,1417,2011-10-04 15:19:00,2011-01-28 10:10:00,82,66,12,3740.07,311.6725,249,0.048,1,0
13555,4098.88,4,2636,2011-09-27 12:36:00,2011-05-22 11:06:00,128,74,4,4098.88,1024.72,128,0.031007751937984496,1,0
13557,584.06,2,546,2011-11-11 15:24:00,2011-03-04 12:14:00,31,28,2,584.06,292.03,252,0.007905138339920948,0,0
13558,594.52,4,338,2011-12-04 11:24:00,2011-10-02 13:01:00,123,6,4,594.52,148.63,62,0.06349206349206349,1,1
13560,171.42000000000002,1,63,2011-12-02 13:11:00,2011-12-02 13:11:00,32,7,1,171.42000000000002,171.42000000000002,0,1.0,0,0
13561,141.85999999999999,1,83,2011-05-08 12:39:00,2011-05-08 12:39:00,14,216,1,141.85999999999999,141.85999999999999,0,1.0,0,0
13562,1799.33,3,757,2011-09-19 10:51:00,2011-04-08 12:42:00,50,82,3,1799.33,599.7766666666666,163,0.018292682926829267,0,0
13563,777.53,2,209,2011-09-16 14:45:00,2011-07-22 17:21:00,49,84,2,777.53,388.765,55,0.03571428571428571,0,0
13564,1724.67,3,636,2011-07-18 14:33:00,2010-12-06 17:26:00,68,144,3,1724.67,574.89,223,0.013392857142857142,0,0
13565,240.22,2,172,2011-11-20 14:33:00,2011-01-09 14:28:00,35,19,2,240.22,120.11,315,0.006329113924050633,0,0
13566,856.84,2,567,2011-10-30 11:59:00,2011-09-18 12:40:00,134,41,2,856.84,428.42,41,0.047619047619047616,0,0
13568,187.05,1,66,2011-06-19 14:42:00,2011-06-19 14:42:00,41,173,1,187.05,187.05,0,1.0,0,0
13569,338.62,2,156,2011-11-22 13:07:00,2010-12-07 12:29:00,73,17,2,338.62,169.31,350,0.005698005698005698,0,0
13570,239.49,1,161,2011-04-10 13:36:00,2011-04-10 13:36:00,27,243,1,239.49,239.49,0,1.0,0,0
13571,2088.94,12,1757,2011-11-27 10:47:00,2011-03-31 12:43:00,157,13,12,2088.94,174.07833333333335,240,0.04979253112033195,1,1
13572,1384.25,1,534,2011-05-18 11:59:00,2011-05-18 11:59:00,32,206,1,1384.25,1384.25,0,1.0,0,0
13573,290.25,2,302,2011-10-20 14:33:00,2011-03-31 14:47:00,24,50,2,290.25,145.125,202,0.009852216748768473,0,0
13575,732.0699999999999,5,449,2011-11-16 13:14:00,2011-06-16 14:24:00,41,23,5,732.0699999999999,146.414,152,0.032679738562091505,1,0
13576,6717.34,18,2646,2011-11-29 15:34:00,2010-12-01 17:24:00,78,10,18,6717.34,373.18555555555554,362,0.049586776859504134,1,1
13577,1687.6000000000001,4,791,2011-11-14 15:19:00,2011-04-12 10:33:00,61,25,4,1687.6000000000001,421.90000000000003,216,0.018433179723502304,1,1
13579,467.04,2,176,2011-11-25 08:41:00,2010-12-05 16:10:00,19,15,2,467.04,233.52,354,0.005633802816901409,0,0
13581,118.0,1,30,2011-02-03 14:41:00,2011-02-03 14:41:00,10,309,1,118.0,118.0,0,1.0,0,0
13583,781.03,1,725,2011-07-07 10:40:00,2011-07-07 10:40:00,53,156,1,781.03,781.03,0,1.0,0,0
13584,142.4,1,37,2011-02-06 12:49:00,2011-02-06 12:49:00,24,307,1,142.4,142.4,0,1.0,0,0
13587,712.4,1,180,2011-10-07 12:31:00,2011-10-07 12:31:00,8,64,1,712.4,712.4,0,1.0,0,0
13588,2478.95,9,2606,2011-11-24 10:42:00,2011-03-29 15:53:00,131,16,9,2478.95,275.43888888888887,239,0.0375,1,1
13589,379.65,2,114,2011-11-25 12:10:00,2011-06-13 12:44:00,21,15,2,379.65,189.825,164,0.012121212121212121,0,0
13590,1981.92,6,1848,2011-11-28 12:54:00,2011-02-09 13:25:00,70,11,6,1981.92,330.32,291,0.02054794520547945,1,1
13591,1117.13,3,485,2011-10-06 12:26:00,2011-03-18 12:18:00,56,65,3,1117.13,372.3766666666667,202,0.014778325123152709,0,0
13592,247.95999999999998,4,84,2011-11-04 09:49:00,2011-03-20 14:01:00,15,36,4,247.95999999999998,61.989999999999995,228,0.017467248908296942,0,0
13593,2011.88,5,719,2011-08-23 13:35:00,2011-01-07 16:32:00,77,108,5,2011.88,402.37600000000003,227,0.021929824561403508,1,0
13594,396.97,1,359,2011-10-18 10:19:00,2011-10-18 10:19:00,26,53,1,396.97,396.97,0,1.0,0,0
13596,664.11,2,384,2011-12-04 12:01:00,2011-11-27 11:57:00,133,6,2,664.11,332.055,7,0.25,1,1
13598,160.04,1,52,2011-10-23 14:28:00,2011-10-23 14:28:00,33,47,1,160.04,160.04,0,1.0,0,0
13599,5149.92,21,3293,2011-12-08 16:10:00,2010-12-08 10:11:00,171,1,21,5149.92,245.2342857142857,365,0.05737704918032787,1,1
13600,219.52,1,324,2011-01-31 15:27:00,2011-01-31 15:27:00,19,312,1,219.52,219.52,0,1.0,0,0
13601,693.32,2,548,2011-10-25 17:31:00,2011-05-12 16:52:00,90,45,2,693.32,346.66,166,0.011976047904191617,0,0
13602,428.89,1,267,2011-10-06 11:47:00,2011-10-06 11:47:00,23,65,1,428.89,428.89,0,1.0,0,0
13603,164.34,1,164,2011-11-13 15:57:00,2011-11-13 15:57:00,27,26,1,164.34,164.34,0,1.0,0,0
13606,276.75,3,276,2011-11-10 17:46:00,2011-02-01 11:42:00,40,29,3,276.75,92.25,282,0.01060070671378092,0,0
13607,675.51,1,288,2011-10-30 16:17:00,2011-10-30 16:17:00,93,40,1,675.51,675.51,0,1.0,0,0
13610,1082.33,7,488,2011-11-27 15:38:00,2011-02-27 14:44:00,165,12,7,1082.33,154.6185714285714,273,0.025547445255474453,1,1
13611,1154.4,3,754,2011-09-11 14:51:00,2010-12-15 10:31:00,67,89,3,1154.4,384.8,270,0.01107011070110701,0,0
13614,1585.46,4,564,2011-11-15 14:47:00,2011-01-13 12:37:00,171,24,4,1585.46,396.365,306,0.013029315960912053,1,1
13615,417.69,1,189,2011-01-25 08:21:00,2011-01-25 08:21:00,23,319,1,417.69,417.69,0,1.0,0,0
13617,544.18,3,300,2011-10-30 13:50:00,2011-06-12 12:55:00,31,40,3,544.18,181.39333333333332,140,0.02127659574468085,0,0
13618,177.34,1,246,2011-06-19 11:09:00,2011-06-19 11:09:00,13,174,1,177.34,177.34,0,1.0,0,0
13621,213.85,1,343,2011-08-15 08:26:00,2011-08-15 08:26:00,19,117,1,213.85,213.85,0,1.0,0,0
13623,727.74,5,286,2011-11-09 12:00:00,2011-02-15 13:08:00,75,31,5,727.74,145.548,266,0.018726591760299626,1,0
13626,257.23,1,209,2011-04-01 10:05:00,2011-04-01 10:05:00,19,253,1,257.23,257.23,0,1.0,0,0
13627,1638.47,5,1269,2011-10-11 14:20:00,2010-12-17 09:52:00,84,59,5,1638.47,327.694,298,0.016722408026755852,1,0
13629,7792.36,11,4372,2011-11-16 13:21:00,2011-01-05 12:09:00,28,23,11,7792.36,708.3963636363636,315,0.03481012658227848,1,1
13630,2031.78,7,1391,2011-12-04 15:16:00,2011-02-27 12:49:00,51,5,7,2031.78,290.2542857142857,280,0.02491103202846975,1,1
13631,3070.42,11,467,2011-09-01 09:57:00,2011-03-17 17:13:00,6,100,11,3070.42,279.1290909090909,167,0.06547619047619048,1,0
13632,2118.93,5,1031,2011-11-15 10:51:00,2011-04-10 15:07:00,121,25,5,2118.93,423.78599999999994,218,0.0228310502283105,1,0
13634,1547.3600000000001,5,700,2011-11-06 13:40:00,2011-01-16 15:30:00,156,33,5,1547.3600000000001,309.47200000000004,293,0.017006802721088437,1,1
13635,1071.03,1,677,2011-10-03 10:55:00,2011-10-03 10:55:00,62,68,1,1071.03,1071.03,0,1.0,0,0
13636,949.12,5,592,2011-11-03 10:30:00,2011-02-27 14:29:00,57,37,5,949.12,189.824,248,0.020080321285140562,1,0
13637,804.3,3,405,2011-10-18 13:32:00,2011-04-27 13:06:00,79,52,3,804.3,268.09999999999997,174,0.017142857142857144,0,0
13638,122.64,1,93,2011-11-24 10:38:00,2011-11-24 10:38:00,8,16,1,122.64,122.64,0,1.0,0,0
13639,1033.34,1,800,2011-09-26 13:36:00,2011-09-26 13:36:00,39,74,1,1033.34,1033.34,0,1.0,0,0
13642,312.28,1,151,2011-05-08 12:34:00,2011-05-08 12:34:00,57,216,1,312.28,312.28,0,1.0,0,0
13643,519.44,3,273,2011-11-08 15:37:00,2011-06-07 11:40:00,24,31,3,519.44,173.14666666666668,154,0.01935483870967742,0,0
13644,2624.26,4,2067,2011-11-23 14:07:00,2011-08-26 11:53:00,144,16,4,2624.26,656.065,89,0.044444444444444446,1,0
13645,252.1,1,158,2011-08-11 16:11:00,2011-08-11 16:11:00,5,120,1,252.1,252.1,0,1.0,0,0
13647,1648.1200000000001,4,887,2011-11-30 12:00:00,2011-04-19 09:49:00,65,10,4,1648.1200000000001,412.03000000000003,225,0.017699115044247787,1,1
13649,346.6,2,139,2011-03-28 11:51:00,2010-12-08 14:46:00,23,257,2,346.6,173.3,109,0.01818181818181818,0,0
13650,1836.34,6,922,2011-11-23 12:22:00,2011-03-17 12:37:00,79,17,6,1836.34,306.0566666666667,250,0.02390438247011952,1,1
13651,94.2,2,33,2011-11-04 14:59:00,2011-10-31 12:11:00,6,35,2,94.2,47.1,4,0.4,0,0
13652,1095.08,3,578,2011-10-25 08:51:00,2010-12-06 09:21:00,48,46,3,1095.08,365.02666666666664,322,0.009287925696594427,0,0
13654,2707.33,6,2182,2011-10-27 16:24:00,2011-03-11 12:54:00,157,43,6,2707.33,451.22166666666664,230,0.025974025974025976,1,0
13655,932.97,2,605,2011-08-17 14:25:00,2011-04-12 09:53:00,52,114,2,932.97,466.485,127,0.015625,0,0
13656,379.65,2,490,2011-06-28 10:31:00,2011-01-06 15:42:00,49,165,2,379.65,189.825,172,0.011560693641618497,0,0
13657,382.14,2,209,2011-11-29 12:32:00,2011-05-22 12:35:00,16,11,2,382.14,191.07,190,0.010471204188481676,0,0
13658,2639.17,5,1019,2011-11-30 10:13:00,2011-05-19 17:15:00,91,10,5,2639.17,527.8340000000001,194,0.02564102564102564,1,1
13659,1563.0,2,882,2011-05-18 12:37:00,2011-01-23 12:08:00,92,206,2,1563.0,781.5,115,0.017241379310344827,0,0
13662,881.26,3,533,2011-09-15 12:04:00,2011-03-25 13:23:00,50,86,3,881.26,293.75333333333333,173,0.017241379310344827,0,0
13663,189.47,1,91,2011-06-13 15:44:00,2011-06-13 15:44:00,13,179,1,189.47,189.47,0,1.0,0,0
13666,84.65,3,41,2011-10-10 15:39:00,2011-02-25 13:05:00,12,60,3,84.65,28.21666666666667,227,0.013157894736842105,0,0
13667,299.05,1,149,2011-07-13 15:42:00,2011-07-13 15:42:00,82,149,1,299.05,299.05,0,1.0,0,0
13668,6309.83,21,3722,2011-12-07 12:11:00,2010-12-12 12:35:00,284,3,21,6309.83,300.46809523809526,359,0.058333333333333334,1,1
13669,218.55,2,237,2011-10-20 09:32:00,2011-07-13 11:44:00,9,51,2,218.55,109.275,98,0.020202020202020204,0,0
13670,349.7,1,282,2011-09-25 15:25:00,2011-09-25 15:25:00,25,75,1,349.7,349.7,0,1.0,0,0
13672,186.39000000000001,2,57,2011-02-11 13:53:00,2011-01-11 13:54:00,4,301,2,186.39000000000001,93.19500000000001,30,0.06451612903225806,0,0
13673,387.44,2,114,2011-11-21 12:11:00,2011-11-07 15:40:00,47,19,2,387.44,193.72,13,0.14285714285714285,0,0
13675,486.82000000000005,2,330,2011-07-11 12:57:00,2011-02-28 12:14:00,25,151,2,486.82000000000005,243.41000000000003,133,0.014925373134328358,0,0
13678,232.6,1,924,2011-07-11 10:14:00,2011-07-11 10:14:00,16,152,1,232.6,232.6,0,1.0,0,0
13680,3719.12,4,1934,2011-12-08 13:47:00,2011-01-04 14:12:00,164,1,4,3719.12,929.78,337,0.011834319526627219,1,1
13681,827.83,4,360,2011-11-22 11:13:00,2011-07-07 15:21:00,37,18,4,827.83,206.9575,137,0.028985507246376812,1,0
13682,59.5,1,10,2011-06-05 14:06:00,2011-06-05 14:06:00,3,187,1,59.5,59.5,0,1.0,0,0
13684,65.13,1,38,2011-02-27 10:13:00,2011-02-27 10:13:00,29,286,1,65.13,65.13,0,1.0,0,0
13685,3119.44,7,5056,2011-12-07 11:41:00,2011-10-10 12:59:00,29,3,7,3119.44,445.63428571428574,57,0.1206896551724138,1,1
13686,72.0,1,70,2011-06-10 09:10:00,2011-06-10 09:10:00,8,183,1,72.0,72.0,0,1.0,0,0
13689,910.0,1,512,2011-10-07 13:21:00,2011-10-07 13:21:00,6,63,1,910.0,910.0,0,1.0,0,0
13690,172.25,1,67,2011-10-11 15:03:00,2011-10-11 15:03:00,9,59,1,172.25,172.25,0,1.0,0,0
13692,1488.32,3,1226,2011-11-15 11:17:00,2011-04-17 12:57:00,48,25,3,1488.32,496.1066666666666,211,0.014150943396226415,1,0
13694,65039.62,50,63312,2011-12-06 09:32:00,2010-12-01 12:12:00,366,4,50,65039.62,1300.7924,369,0.13513513513513514,1,1
13695,2504.13,15,1603,2011-11-08 14:26:00,2011-03-25 11:31:00,46,31,15,2504.13,166.942,228,0.06550218340611354,1,1
13697,151.29999999999998,1,177,2011-11-01 09:14:00,2011-11-01 09:14:00,12,39,1,151.29999999999998,151.29999999999998,0,1.0,0,0
13699,308.58000000000004,1,66,2011-07-07 16:51:00,2011-07-07 16:51:00,14,155,1,308.58000000000004,308.58000000000004,0,1.0,0,0
13700,2248.63,10,2281,2011-11-13 13:00:00,2011-01-16 13:18:00,139,26,10,2248.63,224.863,300,0.03322259136212625,1,1
13703,99.5,1,10,2011-01-25 13:10:00,2011-01-25 13:10:00,1,318,1,99.5,99.5,0,1.0,0,0
13704,2308.06,9,1531,2011-12-04 15:13:00,2011-09-12 14:40:00,111,5,9,2308.06,256.4511111111111,83,0.10714285714285714,1,1
13705,711.86,3,363,2011-12-02 12:32:00,2010-12-01 10:29:00,25,8,3,711.86,237.28666666666666,366,0.008174386920980926,1,1
13706,330.79,1,189,2011-02-10 09:21:00,2011-02-10 09:21:00,20,303,1,330.79,330.79,0,1.0,0,0
13707,806.41,2,351,2011-03-17 18:03:00,2011-01-28 13:27:00,48,267,2,806.41,403.205,48,0.04081632653061224,0,0
13708,285.33,1,301,2011-03-13 13:46:00,2011-03-13 13:46:00,49,271,1,285.33,285.33,0,1.0,0,0
13709,6307.650000000001,13,3508,2011-12-06 10:28:00,2011-01-28 14:57:00,244,4,13,6307.650000000001,485.2038461538462,311,0.041666666666666664,1,1
13710,180.48,1,176,2011-11-08 08:16:00,2011-11-08 08:16:00,8,32,1,180.48,180.48,0,1.0,0,0
13711,252.06,2,140,2011-05-05 10:31:00,2011-05-05 10:29:00,11,219,2,252.06,126.03,0,2.0,0,0
13712,228.84,1,352,2011-04-07 12:33:00,2011-04-07 12:33:00,10,247,1,228.84,228.84,0,1.0,0,0
13715,1077.39,5,562,2011-03-03 19:21:00,2010-12-02 08:52:00,89,281,5,1077.39,215.478,91,0.05434782608695652,0,0
13716,138.28,1,138,2011-03-15 13:49:00,2011-03-15 13:49:00,21,269,1,138.28,138.28,0,1.0,0,0
13717,1445.01,6,1959,2011-11-07 14:13:00,2011-02-14 13:21:00,92,32,6,1445.01,240.835,266,0.02247191011235955,1,1
13718,306.55,2,173,2011-04-07 13:24:00,2011-02-17 11:58:00,9,246,2,306.55,153.275,49,0.04,0,0
13719,1041.68,5,609,2011-11-24 15:26:00,2011-04-19 13:56:00,56,15,5,1041.68,208.336,219,0.022727272727272728,1,1
13720,799.9,4,501,2011-08-15 12:46:00,2011-03-30 09:17:00,42,117,4,799.9,199.975,138,0.02877697841726619,0,0
13721,524.14,1,316,2011-11-03 14:05:00,2011-11-03 14:05:00,28,36,1,524.14,524.14,0,1.0,0,0
13722,2375.41,3,1401,2011-07-31 12:44:00,2011-03-02 11:43:00,75,132,3,2375.41,791.8033333333333,151,0.019736842105263157,0,0
13723,199.85000000000002,1,43,2011-05-06 17:04:00,2011-05-06 17:04:00,6,217,1,199.85000000000002,199.85000000000002,0,1.0,0,0
13725,1980.56,8,806,2011-10-21 10:03:00,2011-02-04 12:18:00,95,50,8,1980.56,247.57,258,0.03088803088803089,1,0
13726,1079.6599999999999,2,1054,2011-11-01 10:49:00,2011-08-31 11:06:00,39,39,2,1079.6599999999999,539.8299999999999,61,0.03225806451612903,0,0
13727,333.48,2,162,2011-11-11 09:46:00,2011-11-06 12:16:00,19,29,2,333.48,166.74,4,0.4,0,0
13728,1016.14,6,458,2011-11-03 10:49:00,2011-02-02 12:09:00,38,37,6,1016.14,169.35666666666665,273,0.021897810218978103,1,1
13730,752.6,2,488,2011-07-27 08:35:00,2011-07-01 12:47:00,38,136,2,752.6,376.3,25,0.07692307692307693,0,0
13731,610.59,2,278,2011-05-04 14:33:00,2011-04-07 10:10:00,36,219,2,610.59,305.295,27,0.07142857142857142,0,0
13732,491.86,1,498,2011-11-11 15:49:00,2011-11-11 15:49:00,33,28,1,491.86,491.86,0,1.0,0,0
13735,2883.54,4,1128,2011-11-15 11:14:00,2011-04-19 13:49:00,158,25,4,2883.54,720.885,209,0.01904761904761905,1,0
13736,729.8,2,496,2011-12-04 15:19:00,2011-03-24 13:04:00,166,5,2,729.8,364.9,255,0.0078125,1,1
13737,339.59999999999997,1,125,2011-05-23 16:32:00,2011-05-23 16:32:00,29,200,1,339.59999999999997,339.59999999999997,0,1.0,0,0
13739,216.9,1,54,2011-11-21 13:35:00,2011-11-21 13:35:00,3,18,1,216.9,216.9,0,1.0,0,0
13740,350.75,1,425,2011-04-13 10:32:00,2011-04-13 10:32:00,23,241,1,350.75,350.75,0,1.0,0,0
13741,668.4300000000001,3,218,2011-09-29 09:19:00,2011-05-06 13:43:00,34,72,3,668.4300000000001,222.81000000000003,145,0.02054794520547945,0,0
13742,3107.87,12,1115,2011-11-23 11:07:00,2011-01-23 14:59:00,200,17,12,3107.87,258.9891666666667,303,0.039473684210526314,1,1
13743,1341.6,7,1776,2011-12-07 10:09:00,2011-03-25 14:46:00,8,3,7,1341.6,191.65714285714284,256,0.027237354085603113,1,1
13744,1080.52,2,1153,2011-09-05 15:19:00,2011-02-20 14:08:00,54,95,2,1080.52,540.26,197,0.010101010101010102,0,0
13745,300.04,1,496,2011-06-30 16:43:00,2011-06-30 16:43:00,25,162,1,300.04,300.04,0,1.0,0,0
13747,79.6,1,8,2010-12-01 10:37:00,2010-12-01 10:37:00,1,374,1,79.6,79.6,0,1.0,0,0
13748,948.25,5,439,2011-09-05 09:45:00,2010-12-01 09:00:00,24,96,5,948.25,189.65,278,0.017921146953405017,0,0
13750,1647.26,5,516,2011-10-17 12:16:00,2011-01-07 11:49:00,20,54,5,1647.26,329.452,283,0.017605633802816902,1,0
13751,296.25,1,152,2011-02-24 15:56:00,2011-02-24 15:56:00,9,288,1,296.25,296.25,0,1.0,0,0
13752,1175.38,6,874,2011-08-07 14:16:00,2011-04-07 12:04:00,64,124,6,1175.38,195.89666666666668,122,0.04878048780487805,1,0
13753,741.26,1,512,2011-02-25 12:48:00,2011-02-25 12:48:00,35,288,1,741.26,741.26,0,1.0,0,0
13754,282.59999999999997,2,214,2011-07-11 11:51:00,2011-01-26 14:58:00,11,152,2,282.59999999999997,141.29999999999998,165,0.012048192771084338,0,0
13755,2108.06,9,1242,2011-12-06 12:26:00,2011-10-07 15:45:00,232,4,9,2108.06,234.2288888888889,59,0.15,1,1
13756,5189.52,14,3188,2011-12-07 16:44:00,2010-12-07 11:41:00,66,2,14,5189.52,370.68,365,0.03825136612021858,1,1
13758,3190.55,7,1844,2011-11-28 11:11:00,2010-12-01 12:08:00,104,12,7,3190.55,455.79285714285714,361,0.019337016574585635,1,1
13759,659.4100000000001,2,287,2011-11-06 14:47:00,2011-09-29 15:40:00,24,33,2,659.4100000000001,329.70500000000004,37,0.05263157894736842,0,0
13760,286.79,2,197,2011-10-16 16:13:00,2011-03-28 12:52:00,50,54,2,286.79,143.395,202,0.009852216748768473,0,0
13761,1070.65,2,642,2011-10-20 14:01:00,2011-06-13 08:43:00,68,50,2,1070.65,535.325,129,0.015384615384615385,0,0
13762,306.72,1,272,2011-05-05 09:15:00,2011-05-05 09:15:00,7,219,1,306.72,306.72,0,1.0,0,0
13763,1714.96,1,728,2011-10-07 15:13:00,2011-10-07 15:13:00,15,63,1,1714.96,1714.96,0,1.0,0,0
13764,1519.42,3,926,2011-09-30 12:03:00,2011-01-06 14:53:00,183,71,3,1519.42,506.47333333333336,266,0.011235955056179775,0,0
13767,17220.36,37,7322,2011-12-07 15:00:00,2010-12-01 10:47:00,55,2,37,17220.36,465.41513513513513,371,0.09946236559139784,1,1
13769,2796.51,10,1163,2011-12-07 15:08:00,2010-12-07 13:28:00,73,2,10,2796.51,279.651,365,0.0273224043715847,1,1
13771,2634.45,4,1477,2011-10-06 14:18:00,2011-04-06 15:47:00,114,64,4,2634.45,658.6125,182,0.02185792349726776,1,0
13772,1122.63,3,540,2011-11-06 11:43:00,2011-04-14 12:31:00,141,34,3,1122.63,374.21000000000004,205,0.014563106796116505,1,0
13774,345.0,1,192,2011-09-19 12:06:00,2011-09-19 12:06:00,22,82,1,345.0,345.0,0,1.0,0,0
13777,25977.16,33,12897,2011-12-09 12:25:00,2010-12-01 16:01:00,36,1,33,25977.16,787.1866666666666,372,0.08847184986595175,1,1
13778,178.7,1,70,2011-08-28 15:25:00,2011-08-28 15:25:00,9,103,1,178.7,178.7,0,1.0,0,0
13780,360.01,2,318,2011-12-02 13:49:00,2011-06-22 11:43:00,56,7,2,360.01,180.005,163,0.012195121951219513,0,0
13781,127.84,1,30,2011-04-03 12:08:00,2011-04-03 12:08:00,17,251,1,127.84,127.84,0,1.0,0,0
13782,908.86,6,369,2011-11-27 11:54:00,2011-01-16 11:08:00,96,13,6,908.86,151.47666666666666,315,0.0189873417721519,1,1
13784,2462.79,11,2493,2011-11-30 09:33:00,2011-01-11 14:38:00,9,10,11,2462.79,223.89,322,0.034055727554179564,1,1
13786,230.39999999999998,1,136,2010-12-07 13:53:00,2010-12-07 13:53:00,7,367,1,230.39999999999998,230.39999999999998,0,1.0,0,0
13787,309.04,2,337,2011-09-25 12:06:00,2010-12-10 14:45:00,24,76,2,309.04,154.52,288,0.006920415224913495,0,0
13790,348.8,1,748,2011-12-05 15:48:00,2011-12-05 15:48:00,45,4,1,348.8,348.8,0,1.0,0,1
13791,1516.0,2,1200,2011-08-04 11:44:00,2011-06-24 16:38:00,7,128,2,1516.0,758.0,40,0.04878048780487805,0,0
13792,195.55,2,92,2011-10-04 14:31:00,2011-02-25 14:03:00,13,66,2,195.55,97.775,221,0.009009009009009009,0,0
13798,37153.85,57,23948,2011-12-08 15:51:00,2010-12-02 17:24:00,113,1,57,37153.85,651.8219298245614,370,0.15363881401617252,1,1
13799,688.86,2,402,2011-08-15 12:07:00,2011-02-18 14:18:00,32,117,2,688.86,344.43,177,0.011235955056179775,0,0
13800,558.32,1,331,2011-02-03 12:27:00,2011-02-03 12:27:00,33,310,1,558.32,558.32,0,1.0,0,0
13801,324.8,1,168,2011-10-04 10:15:00,2011-10-04 10:15:00,23,67,1,324.8,324.8,0,1.0,0,0
13802,4599.42,3,2572,2011-07-24 10:54:00,2011-02-01 12:03:00,55,139,3,4599.42,1533.14,172,0.017341040462427744,1,0
13803,277.07,1,121,2011-03-29 12:57:00,2011-03-29 12:57:00,17,255,1,277.07,277.07,0,1.0,0,0
13804,2588.39,7,1462,2011-11-09 12:32:00,2011-02-23 09:09:00,124,31,7,2588.39,369.77,259,0.026923076923076925,1,0
13805,924.6,2,1900,2011-10-18 14:50:00,2011-08-02 15:29:00,10,52,2,924.6,462.3,76,0.025974025974025976,0,0
13806,256.38,1,56,2011-10-07 11:43:00,2011-10-07 11:43:00,10,64,1,256.38,256.38,0,1.0,0,0
13807,112.6,1,36,2010-12-07 15:48:00,2010-12-07 15:48:00,7,367,1,112.6,112.6,0,1.0,0,0
13808,1747.66,5,782,2011-12-04 12:18:00,2011-09-04 12:07:00,70,6,5,1747.66,349.53200000000004,91,0.05434782608695652,1,1
13809,155.05,1,29,2011-02-07 13:15:00,2011-02-07 13:15:00,11,305,1,155.05,155.05,0,1.0,0,0
13810,1499.01,3,312,2011-11-11 08:33:00,2011-10-14 12:57:00,32,29,3,1499.01,499.67,27,0.10714285714285714,1,0
13811,814.5,3,68,2011-06-09 09:54:00,2011-04-14 18:40:00,7,184,3,814.5,271.5,55,0.05357142857142857,0,0
13812,539.0,3,333,2011-10-28 14:27:00,2011-08-26 12:54:00,33,42,3,539.0,179.66666666666666,63,0.046875,0,0
13813,1366.8600000000001,4,552,2011-10-31 10:38:00,2011-07-28 10:33:00,54,40,4,1366.8600000000001,341.71500000000003,95,0.041666666666666664,1,0
13814,1579.12,2,864,2011-09-08 13:48:00,2011-07-25 13:54:00,37,92,2,1579.12,789.56,44,0.044444444444444446,0,0
13815,4027.36,4,2560,2011-11-17 14:19:00,2011-01-25 12:16:00,132,22,4,4027.36,1006.84,296,0.013468013468013467,1,0
13816,571.6700000000001,2,269,2011-11-16 08:38:00,2011-10-06 14:37:00,25,24,2,571.6700000000001,285.83500000000004,40,0.04878048780487805,0,0
13817,382.98,2,211,2011-11-10 17:49:00,2010-12-23 11:46:00,20,29,2,382.98,191.49,322,0.006191950464396285,0,0
13819,1140.35,3,1109,2011-02-11 10:38:00,2011-01-24 10:38:00,26,302,3,1140.35,380.1166666666666,18,0.15789473684210525,0,0
13821,385.64,2,153,2011-07-18 09:49:00,2011-03-23 11:30:00,51,145,2,385.64,192.82,116,0.017094017094017096,0,0
13822,632.0,2,611,2011-12-04 12:13:00,2011-10-30 15:55:00,90,6,2,632.0,316.0,34,0.05714285714285714,1,1
13823,957.66,2,439,2011-11-21 10:22:00,2011-09-09 10:42:00,39,19,2,957.66,478.83,72,0.0273972602739726,0,0
13824,1698.94,5,768,2011-11-07 12:41:00,2011-02-02 13:07:00,34,33,5,1698.94,339.788,277,0.017985611510791366,1,1
13826,189.5,1,82,2011-06-16 13:48:00,2011-06-16 13:48:00,10,176,1,189.5,189.5,0,1.0,0,0
13827,409.8,3,138,2011-10-13 12:38:00,2011-07-19 15:38:00,83,58,3,409.8,136.6,85,0.03488372093023256,0,0
13828,209.49,1,311,2011-11-17 16:02:00,2011-11-17 16:02:00,15,22,1,209.49,209.49,0,1.0,0,0
13831,2198.45,6,743,2011-11-23 15:41:00,2010-12-05 12:13:00,58,16,6,2198.45,366.4083333333333,353,0.01694915254237288,1,1
13832,52.199999999999996,1,28,2011-11-20 15:36:00,2011-11-20 15:36:00,3,19,1,52.199999999999996,52.199999999999996,0,1.0,0,0
13833,383.85,1,117,2011-07-03 13:27:00,2011-07-03 13:27:00,28,159,1,383.85,383.85,0,1.0,0,0
13835,834.57,4,442,2011-11-14 15:37:00,2011-05-08 15:22:00,48,25,4,834.57,208.6425,190,0.020942408376963352,1,0
13837,266.59000000000003,2,182,2011-05-12 12:10:00,2011-01-26 12:15:00,17,212,2,266.59000000000003,133.29500000000002,105,0.018867924528301886,0,0
13838,674.82,4,254,2011-12-04 11:00:00,2010-12-05 10:45:00,144,6,4,674.82,168.705,364,0.010958904109589041,1,1
13841,85.0,1,100,2011-04-01 12:10:00,2011-04-01 12:10:00,1,253,1,85.0,85.0,0,1.0,0,0
13842,3385.62,9,1768,2011-10-12 10:51:00,2010-12-08 10:39:00,155,59,9,3385.62,376.18,308,0.02912621359223301,1,0
13844,361.62,1,196,2011-11-28 13:21:00,2011-11-28 13:21:00,20,11,1,361.62,361.62,0,1.0,0,0
13845,312.98,1,182,2011-10-06 08:25:00,2011-10-06 08:25:00,9,65,1,312.98,312.98,0,1.0,0,0
13846,865.0600000000001,3,388,2011-11-15 12:07:00,2010-12-14 16:07:00,55,25,3,865.0600000000001,288.35333333333335,335,0.008928571428571428,1,0
13848,1255.0,3,3700,2011-09-08 12:58:00,2010-12-08 15:10:00,3,92,3,1255.0,418.3333333333333,273,0.010948905109489052,0,0
13849,1537.95,2,1016,2011-10-19 10:59:00,2011-06-22 10:11:00,97,52,2,1537.95,768.975,119,0.016666666666666666,0,0
13850,1595.48,1,944,2011-08-02 14:04:00,2011-08-02 14:04:00,93,129,1,1595.48,1595.48,0,1.0,0,0
13851,2651.46,3,1705,2011-09-05 12:36:00,2011-02-24 17:18:00,77,96,3,2651.46,883.82,192,0.015544041450777202,1,0
13853,1090.14,1,312,2011-10-13 14:18:00,2011-10-13 14:18:00,23,57,1,1090.14,1090.14,0,1.0,0,0
13854,8109.5199999999995,25,2296,2011-12-01 09:06:00,2010-12-09 10:48:00,39,9,25,8109.5199999999995,324.38079999999997,356,0.0700280112044818,1,1
13856,388.5,3,494,2011-06-24 10:03:00,2011-05-20 13:13:00,10,169,3,388.5,129.5,34,0.08571428571428572,0,0
13858,216.17,1,75,2011-10-13 16:17:00,2011-10-13 16:17:00,11,57,1,216.17,216.17,0,1.0,0,0
13859,201.16,1,129,2011-01-17 16:14:00,2011-01-17 16:14:00,27,326,1,201.16,201.16,0,1.0,0,0
13860,1245.9,5,591,2011-12-08 12:57:00,2011-09-14 09:27:00,58,1,5,1245.9,249.18,85,0.05813953488372093,1,1
13862,2209.36,8,1688,2011-11-21 16:24:00,2011-01-11 15:13:00,97,18,8,2209.36,276.17,314,0.025396825396825397,1,1
13863,305.78,1,224,2011-04-06 10:20:00,2011-04-06 10:20:00,20,248,1,305.78,305.78,0,1.0,0,0
13865,501.56,4,204,2011-10-12 13:31:00,2011-02-23 12:04:00,26,58,4,501.56,125.39,231,0.017241379310344827,0,0
13866,145.67000000000002,1,57,2011-09-26 14:54:00,2011-09-26 14:54:00,7,74,1,145.67000000000002,145.67000000000002,0,1.0,0,0
13867,1005.09,3,501,2011-11-08 15:48:00,2011-05-05 17:28:00,51,31,3,1005.09,335.03000000000003,186,0.016042780748663103,1,0
13868,3192.54,2,1964,2011-12-02 16:32:00,2011-11-01 12:45:00,32,7,2,3192.54,1596.27,31,0.0625,1,1
13869,3083.65,4,1709,2011-08-08 13:53:00,2010-12-17 15:14:00,234,123,4,3083.65,770.9125,233,0.017094017094017096,1,0
13870,2770.94,8,1325,2011-12-07 13:23:00,2011-02-25 09:09:00,91,2,8,2770.94,346.3675,285,0.027972027972027972,1,1
13871,6403.25,13,2806,2011-11-17 10:49:00,2011-02-04 09:30:00,155,23,13,6403.25,492.5576923076923,286,0.04529616724738676,1,1
13873,389.6,3,140,2011-08-12 10:08:00,2011-02-03 09:37:00,21,120,3,389.6,129.86666666666667,190,0.015706806282722512,0,0
13874,540.45,1,180,2010-12-16 18:20:00,2010-12-16 18:20:00,18,358,1,540.45,540.45,0,1.0,0,0
13875,1786.79,5,1316,2011-10-17 09:36:00,2011-02-11 15:39:00,79,54,5,1786.79,357.358,247,0.020161290322580645,1,0
13876,122.7,1,36,2011-10-07 10:22:00,2011-10-07 10:22:00,7,64,1,122.7,122.7,0,1.0,0,0
13877,117.24,1,108,2011-09-14 15:49:00,2011-09-14 15:49:00,3,86,1,117.24,117.24,0,1.0,0,0
13878,1271.57,1,463,2011-10-16 12:19:00,2011-10-16 12:19:00,35,55,1,1271.57,1271.57,0,1.0,0,0
13880,3219.77,13,1842,2011-11-18 13:44:00,2010-12-07 14:00:00,125,21,13,3219.77,247.67461538461538,345,0.03757225433526012,1,1
13881,17159.52,20,10118,2011-12-06 12:50:00,2011-02-01 10:14:00,72,4,20,17159.52,857.976,308,0.06472491909385113,1,1
13882,1191.13,5,953,2011-12-07 11:16:00,2011-10-06 15:28:00,54,3,5,1191.13,238.22600000000003,61,0.08064516129032258,1,1
13883,2674.48,5,1436,2011-11-29 10:45:00,2011-03-31 17:17:00,108,11,5,2674.48,534.896,242,0.0205761316872428,1,1
13884,787.6,5,300,2011-12-02 16:30:00,2011-03-01 13:40:00,45,7,5,787.6,157.52,276,0.018050541516245487,1,1
13885,506.8,2,182,2011-06-03 15:07:00,2011-05-23 08:52:00,28,189,2,506.8,253.4,11,0.16666666666666666,0,0
13886,243.56,1,126,2011-09-29 13:17:00,2011-09-29 13:17:00,16,71,1,243.56,243.56,0,1.0,0,0
13887,349.55,1,147,2011-05-19 17:22:00,2011-05-19 17:22:00,19,204,1,349.55,349.55,0,1.0,0,0
13888,595.67,2,254,2011-08-12 10:13:00,2011-05-05 14:41:00,38,120,2,595.67,297.835,98,0.020202020202020204,0,0
13889,416.90000000000003,1,146,2011-09-08 09:13:00,2011-09-08 09:13:00,15,93,1,416.90000000000003,416.90000000000003,0,1.0,0,0
13890,1883.8100000000002,10,831,2011-12-08 15:36:00,2010-12-16 09:31:00,74,1,10,1883.8100000000002,188.38100000000003,357,0.027932960893854747,1,1
13892,632.97,4,983,2011-11-13 11:50:00,2011-04-07 12:04:00,26,27,4,632.97,158.2425,219,0.01818181818181818,1,0
13893,821.1,1,190,2011-02-15 11:30:00,2011-02-15 11:30:00,21,298,1,821.1,821.1,0,1.0,0,0
13894,564.62,3,354,2011-11-16 09:44:00,2011-02-02 12:54:00,25,24,3,564.62,188.20666666666668,286,0.010452961672473868,0,0
13895,2593.07,4,1365,2011-11-11 16:57:00,2011-06-28 10:17:00,97,28,4,2593.07,648.2675,136,0.029197080291970802,1,0
13897,311.16,1,200,2011-10-20 14:30:00,2011-10-20 14:30:00,17,50,1,311.16,311.16,0,1.0,0,0
13898,155.93,1,133,2011-01-18 10:28:00,2011-01-18 10:28:00,12,326,1,155.93,155.93,0,1.0,0,0
13899,388.52,2,156,2011-11-23 13:40:00,2011-03-10 09:30:00,19,16,2,388.52,194.26,258,0.007722007722007722,0,0
13900,740.95,3,430,2011-06-09 19:26:00,2011-03-22 10:13:00,42,183,3,740.95,246.98333333333335,79,0.0375,0,0
13901,2867.2,5,1739,2011-09-28 14:48:00,2011-01-25 09:01:00,144,72,5,2867.2,573.4399999999999,246,0.020242914979757085,1,0
13904,332.64,2,332,2011-11-02 13:41:00,2011-02-18 11:18:00,24,37,2,332.64,166.32,257,0.007751937984496124,0,0
13908,2369.55,4,1478,2011-09-21 11:49:00,2011-03-08 12:04:00,104,80,4,2369.55,592.3875,196,0.02030456852791878,1,0
13911,2580.91,9,2731,2011-10-13 15:43:00,2011-02-04 14:46:00,120,57,9,2580.91,286.7677777777778,251,0.03571428571428571,1,0
13914,626.45,2,380,2011-11-28 10:35:00,2011-11-03 16:28:00,28,12,2,626.45,313.225,24,0.08,0,1
13917,272.04,2,228,2011-10-21 09:56:00,2011-06-01 12:46:00,16,50,2,272.04,136.02,141,0.014084507042253521,0,0
13918,1212.8400000000001,2,1140,2011-10-21 12:25:00,2011-03-31 18:05:00,30,50,2,1212.8400000000001,606.4200000000001,203,0.00980392156862745,0,0
13919,384.81,2,474,2011-10-11 14:24:00,2011-08-10 10:15:00,24,59,2,384.81,192.405,62,0.031746031746031744,0,0
13922,172.25,1,93,2010-12-23 10:38:00,2010-12-23 10:38:00,7,352,1,172.25,172.25,0,1.0,0,0
13923,351.13,1,185,2011-10-17 12:33:00,2011-10-17 12:33:00,20,54,1,351.13,351.13,0,1.0,0,0
13924,1838.8500000000001,6,1575,2011-12-08 09:39:00,2011-09-28 15:07:00,90,2,6,1838.8500000000001,306.475,70,0.08450704225352113,1,1
13925,678.25,4,331,2011-09-08 12:47:00,2011-07-28 12:09:00,28,93,4,678.25,169.5625,42,0.09302325581395349,0,0
13926,223.85000000000002,1,104,2011-11-16 13:16:00,2011-11-16 13:16:00,11,23,1,223.85000000000002,223.85000000000002,0,1.0,0,0
13927,348.99,1,214,2011-09-26 12:00:00,2011-09-26 12:00:00,21,75,1,348.99,348.99,0,1.0,0,0
13928,464.57,4,129,2011-11-29 10:33:00,2011-07-29 15:59:00,23,11,4,464.57,116.1425,122,0.032520325203252036,1,1
13929,842.65,2,143,2011-06-23 15:26:00,2011-01-17 15:11:00,8,169,2,842.65,421.325,157,0.012658227848101266,0,0
13930,337.34,2,274,2011-10-13 09:45:00,2011-07-26 11:00:00,15,58,2,337.34,168.67,78,0.02531645569620253,0,0
13931,1237.53,2,725,2011-09-05 10:12:00,2011-03-04 08:43:00,56,96,2,1237.53,618.765,185,0.010752688172043012,0,0
13932,307.4,1,72,2011-02-18 12:02:00,2011-02-18 12:02:00,16,295,1,307.4,307.4,0,1.0,0,0
13933,608.7900000000001,2,205,2011-08-22 14:03:00,2011-07-14 13:35:00,23,109,2,608.7900000000001,304.39500000000004,39,0.05,0,0
13934,922.1,1,390,2011-03-21 08:39:00,2011-03-21 08:39:00,31,264,1,922.1,922.1,0,1.0,0,0
13936,376.58,1,330,2011-06-13 08:47:00,2011-06-13 08:47:00,26,180,1,376.58,376.58,0,1.0,0,0
13937,158.85,1,123,2011-06-23 16:35:00,2011-06-23 16:35:00,9,169,1,158.85,158.85,0,1.0,0,0
13938,71.66,1,70,2011-11-04 14:37:00,2011-11-04 14:37:00,7,35,1,71.66,71.66,0,1.0,0,0
13939,568.55,3,847,2011-11-16 13:33:00,2011-02-01 11:30:00,43,23,3,568.55,189.51666666666665,288,0.010380622837370242,0,0
13940,839.14,4,516,2011-11-22 15:15:00,2011-07-18 16:05:00,39,17,4,839.14,209.785,126,0.031496062992125984,1,0
13941,5112.96,5,2364,2011-11-18 09:43:00,2010-12-02 10:17:00,24,22,5,5112.96,1022.592,350,0.014245014245014245,1,0
13946,561.5699999999999,3,443,2011-09-21 13:33:00,2011-03-17 10:02:00,11,79,3,561.5699999999999,187.18999999999997,188,0.015873015873015872,0,0
13947,90.6,1,44,2011-10-05 14:42:00,2011-10-05 14:42:00,5,65,1,90.6,90.6,0,1.0,0,0
13948,102.0,1,40,2010-12-14 10:18:00,2010-12-14 10:18:00,3,361,1,102.0,102.0,0,1.0,0,0
13949,2427.32,6,2474,2011-12-07 09:35:00,2011-09-06 11:55:00,124,3,6,2427.32,404.55333333333334,91,0.06521739130434782,1,1
13950,745.06,4,323,2011-11-28 14:44:00,2011-04-07 11:29:00,33,11,4,745.06,186.265,235,0.01694915254237288,1,1
13951,674.45,3,459,2011-06-16 16:43:00,2011-02-18 15:21:00,38,176,3,674.45,224.8166666666667,118,0.025210084033613446,0,0
13952,3251.071,2,1431,2011-05-06 09:00:00,2011-04-15 09:27:00,120,218,2,3251.071,1625.5355,20,0.09523809523809523,0,0
13953,3515.68,7,2724,2011-12-02 16:04:00,2010-12-22 10:29:00,8,7,7,3515.68,502.23999999999995,345,0.02023121387283237,1,1
13954,439.92,2,150,2011-12-08 12:50:00,2011-09-30 10:52:00,24,2,2,439.92,219.96,69,0.02857142857142857,1,1
13955,322.96,2,154,2011-07-08 17:19:00,2011-02-07 12:24:00,33,154,2,322.96,161.48,151,0.013157894736842105,0,0
13956,1019.27,5,486,2011-12-04 13:20:00,2011-03-13 12:51:00,123,5,5,1019.27,203.85399999999998,266,0.018726591760299626,1,1
13959,594.04,3,355,2011-09-21 15:06:00,2010-12-12 13:56:00,79,79,3,594.04,198.01333333333332,283,0.01056338028169014,0,0
13960,230.22,2,142,2011-11-18 15:27:00,2011-09-29 12:39:00,11,21,2,230.22,115.11,50,0.0392156862745098,0,0
13962,169.55,2,87,2011-11-18 08:47:00,2011-04-08 11:21:00,11,22,2,169.55,84.775,223,0.008928571428571428,0,0
13963,664.54,4,460,2011-02-04 14:43:00,2010-12-07 09:21:00,35,308,4,664.54,166.135,59,0.06666666666666667,0,0
13967,80.7,1,42,2011-07-17 12:02:00,2011-07-17 12:02:00,2,146,1,80.7,80.7,0,1.0,0,0
13969,9024.17,18,4528,2011-12-02 15:11:00,2010-12-09 19:32:00,334,7,18,9024.17,501.34277777777777,357,0.05027932960893855,1,1
13971,2758.26,8,1844,2011-11-21 12:06:00,2011-02-27 12:27:00,118,19,8,2758.26,344.7825,266,0.0299625468164794,1,1
13972,190.25,2,187,2011-09-30 11:54:00,2011-05-22 11:34:00,15,71,2,190.25,95.125,131,0.015151515151515152,0,0
13973,264.7,1,109,2011-02-25 15:21:00,2011-02-25 15:21:00,11,287,1,264.7,264.7,0,1.0,0,0
13974,413.59000000000003,1,249,2011-10-21 14:41:00,2011-10-21 14:41:00,28,49,1,413.59000000000003,413.59000000000003,0,1.0,0,0
13975,2461.2400000000002,6,1697,2011-11-08 13:19:00,2011-03-08 12:19:00,240,31,6,2461.2400000000002,410.2066666666667,245,0.024390243902439025,1,0
13976,357.98,1,154,2011-05-17 09:13:00,2011-05-17 09:13:00,10,207,1,357.98,357.98,0,1.0,0,0
13978,196.79000000000002,2,315,2011-11-25 11:36:00,2011-10-25 15:04:00,14,15,2,196.79000000000002,98.39500000000001,30,0.06451612903225806,0,0
13979,869.87,1,639,2011-09-27 13:32:00,2011-09-27 13:32:00,54,73,1,869.87,869.87,0,1.0,0,0
13980,200.14,1,172,2011-10-10 13:34:00,2011-10-10 13:34:00,11,60,1,200.14,200.14,0,1.0,0,0
13982,1871.81,4,1136,2011-10-31 16:24:00,2010-12-09 13:57:00,72,39,4,1871.81,467.9525,326,0.012232415902140673,1,0
13983,2603.43,12,1183,2011-11-10 11:06:00,2010-12-08 10:38:00,91,30,12,2603.43,216.9525,337,0.03550295857988166,1,1
13984,920.51,5,679,2011-11-13 12:38:00,2010-12-08 15:58:00,14,27,5,920.51,184.102,339,0.014705882352941176,1,0
13985,7060.13,15,3445,2011-12-05 17:06:00,2011-03-20 13:48:00,108,4,15,7060.13,470.67533333333336,260,0.05747126436781609,1,1
13986,320.46,1,430,2011-11-22 15:00:00,2011-11-22 15:00:00,12,17,1,320.46,320.46,0,1.0,0,0
13988,4147.96,6,3044,2011-11-20 10:15:00,2011-03-30 11:48:00,188,20,6,4147.96,691.3266666666667,234,0.02553191489361702,1,1
13989,1266.08,2,1313,2011-10-05 09:47:00,2011-04-14 15:39:00,33,66,2,1266.08,633.04,173,0.011494252873563218,0,0
13990,311.3,1,190,2011-05-10 15:19:00,2011-05-10 15:19:00,16,213,1,311.3,311.3,0,1.0,0,0
13991,852.88,6,995,2011-11-27 16:18:00,2011-07-19 12:58:00,58,12,6,852.88,142.14666666666668,131,0.045454545454545456,1,1
13992,76.8,1,64,2011-11-09 15:23:00,2011-11-09 15:23:00,5,30,1,76.8,76.8,0,1.0,0,0
13993,3466.36,9,900,2011-10-28 09:06:00,2011-01-13 10:43:00,66,43,9,3466.36,385.1511111111111,287,0.03125,1,0
13994,2274.14,6,932,2011-12-06 11:05:00,2011-07-14 18:28:00,122,4,6,2274.14,379.0233333333333,144,0.041379310344827586,1,1
13995,1393.69,5,879,2011-11-24 14:22:00,2011-04-08 08:20:00,55,15,5,1393.69,278.738,230,0.021645021645021644,1,1
13999,3901.81,12,2243,2011-11-29 13:40:00,2010-12-13 11:23:00,102,10,12,3901.81,325.1508333333333,351,0.03409090909090909,1,1
14000,635.66,1,710,2011-05-12 16:50:00,2011-05-12 16:50:00,15,211,1,635.66,635.66,0,1.0,0,0
14001,2043.0800000000002,3,962,2011-10-25 10:31:00,2010-12-01 12:58:00,34,46,3,2043.0800000000002,681.0266666666668,327,0.009146341463414634,1,0
14002,529.73,2,877,2011-07-28 15:55:00,2011-07-06 14:59:00,47,134,2,529.73,264.865,22,0.08695652173913043,0,0
14004,4582.64,7,2668,2011-10-27 14:40:00,2011-02-24 09:28:00,102,43,7,4582.64,654.6628571428572,245,0.028455284552845527,1,0
14005,2874.72,5,2478,2011-11-30 12:41:00,2011-05-08 10:33:00,53,10,5,2874.72,574.944,206,0.024154589371980676,1,1
14006,962.19,3,641,2011-08-16 09:39:00,2011-01-31 15:11:00,22,116,3,962.19,320.73,196,0.015228426395939087,0,0
14009,695.61,2,365,2011-05-25 15:47:00,2011-05-18 13:00:00,42,198,2,695.61,347.805,7,0.25,0,0
14012,328.8,1,160,2011-03-07 12:26:00,2011-03-07 12:26:00,11,278,1,328.8,328.8,0,1.0,0,0
14013,473.02,3,462,2011-08-21 15:01:00,2011-03-09 08:59:00,30,110,3,473.02,157.67333333333332,165,0.018072289156626505,0,0
14014,505.18,1,1076,2011-09-23 13:18:00,2011-09-23 13:18:00,39,77,1,505.18,505.18,0,1.0,0,0
14015,917.34,1,378,2011-10-18 10:02:00,2011-10-18 10:02:00,20,53,1,917.34,917.34,0,1.0,0,0
14016,4341.21,4,2125,2011-07-01 11:29:00,2010-12-17 14:21:00,154,162,4,4341.21,1085.3025,195,0.02040816326530612,1,0
14019,1421.61,3,1037,2011-10-24 10:13:00,2011-07-24 15:39:00,37,47,3,1421.61,473.86999999999995,91,0.03260869565217391,1,0
14020,642.8,2,441,2011-11-23 09:22:00,2011-09-12 15:32:00,37,17,2,642.8,321.4,71,0.027777777777777776,0,0
14021,631.9,3,192,2011-07-07 15:46:00,2011-03-28 15:10:00,22,155,3,631.9,210.63333333333333,101,0.029411764705882353,0,0
14022,440.0,1,487,2011-04-28 14:39:00,2011-04-28 14:39:00,28,225,1,440.0,440.0,0,1.0,0,0
14023,584.07,2,345,2011-12-02 13:58:00,2011-04-03 15:50:00,30,7,2,584.07,292.035,242,0.00823045267489712,1,1
14024,327.7,2,150,2011-08-10 11:30:00,2011-08-07 13:31:00,16,122,2,327.7,163.85,2,0.6666666666666666,0,0
14027,104.82,1,62,2011-10-10 09:01:00,2011-10-10 09:01:00,6,61,1,104.82,104.82,0,1.0,0,0
14029,467.66,2,198,2011-10-07 14:46:00,2011-07-18 16:57:00,15,63,2,467.66,233.83,80,0.024691358024691357,0,0
14030,2358.84,8,1478,2011-11-21 16:48:00,2010-12-08 16:11:00,210,18,8,2358.84,294.855,348,0.022922636103151862,1,1
14031,17286.86,19,5788,2011-12-02 17:13:00,2010-12-02 16:34:00,119,7,19,17286.86,909.8347368421053,365,0.05191256830601093,1,1
14032,2975.59,11,2032,2011-12-07 15:23:00,2010-12-08 10:53:00,53,2,11,2975.59,270.5081818181818,364,0.030136986301369864,1,1
14034,648.89,3,420,2011-11-17 14:02:00,2011-07-05 13:06:00,82,22,3,648.89,216.29666666666665,135,0.022058823529411766,0,0
14035,1428.02,5,739,2011-11-11 10:03:00,2011-02-15 12:48:00,41,29,5,1428.02,285.604,268,0.01858736059479554,1,1
14036,626.65,1,268,2011-02-28 09:26:00,2011-02-28 09:26:00,38,285,1,626.65,626.65,0,1.0,0,0
14037,147.20000000000002,2,46,2011-06-16 13:57:00,2010-12-10 11:39:00,27,176,2,147.20000000000002,73.60000000000001,188,0.010582010582010581,0,0
14038,1560.38,3,965,2011-09-22 13:37:00,2011-05-16 14:05:00,64,78,3,1560.38,520.1266666666667,128,0.023255813953488372,0,0
14039,152.2,1,92,2011-11-06 13:48:00,2011-11-06 13:48:00,6,33,1,152.2,152.2,0,1.0,0,0
14040,3560.32,12,1544,2011-10-30 12:42:00,2011-01-12 14:57:00,146,41,12,3560.32,296.6933333333333,290,0.041237113402061855,1,0
14041,141.41,1,94,2011-03-18 13:25:00,2011-03-18 13:25:00,21,266,1,141.41,141.41,0,1.0,0,0
14044,646.42,4,304,2011-11-13 12:05:00,2011-02-03 11:39:00,165,27,4,646.42,161.605,283,0.014084507042253521,1,0
14045,1659.75,4,535,2011-08-22 15:27:00,2010-12-01 11:32:00,4,109,4,1659.75,414.9375,264,0.01509433962264151,0,0
14046,154.99,1,460,2011-02-28 14:48:00,2011-02-28 14:48:00,14,284,1,154.99,154.99,0,1.0,0,0
14047,1308.6100000000001,5,381,2011-12-01 11:43:00,2010-12-02 10:09:00,22,9,5,1308.6100000000001,261.72200000000004,364,0.0136986301369863,1,1
14048,409.93,1,288,2011-02-07 14:53:00,2011-02-07 14:53:00,83,305,1,409.93,409.93,0,1.0,0,0
14049,5578.72,4,3808,2011-11-23 12:20:00,2011-01-26 11:27:00,348,17,4,5578.72,1394.68,301,0.013245033112582781,1,0
14050,746.36,2,689,2011-11-08 10:00:00,2011-08-25 13:46:00,49,32,2,746.36,373.18,74,0.02666666666666667,0,0
14051,15610.390000000001,23,3756,2011-12-09 10:20:00,2010-12-08 12:49:00,52,1,23,15610.390000000001,678.7126086956522,365,0.06284153005464481,1,1
14052,225.36,1,89,2011-11-20 12:30:00,2011-11-20 12:30:00,56,20,1,225.36,225.36,0,1.0,0,0
14053,260.25,2,215,2011-08-07 14:27:00,2011-07-03 12:21:00,2,124,2,260.25,130.125,35,0.05555555555555555,0,0
14054,92.46,1,62,2011-10-05 15:49:00,2011-10-05 15:49:00,6,65,1,92.46,92.46,0,1.0,0,0
14055,725.6400000000001,1,216,2011-08-25 15:04:00,2011-08-25 15:04:00,10,106,1,725.6400000000001,725.6400000000001,0,1.0,0,0
14056,8152.71,23,4252,2011-12-08 13:36:00,2011-02-28 15:19:00,320,1,23,8152.71,354.46565217391304,282,0.0812720848056537,1,1
14057,6211.66,17,4873,2011-11-16 10:32:00,2010-12-14 12:11:00,179,24,17,6211.66,365.39176470588234,336,0.050445103857566766,1,1
14059,183.6,1,128,2011-03-18 10:06:00,2011-03-18 10:06:00,8,267,1,183.6,183.6,0,1.0,0,0
14060,6140.42,19,5386,2011-12-05 12:29:00,2010-12-02 12:11:00,86,5,19,6140.42,323.18,368,0.051490514905149054,1,1
14062,10464.85,12,5593,2011-11-30 10:04:00,2010-12-10 15:56:00,60,10,12,10464.85,872.0708333333333,354,0.03380281690140845,1,1
14064,1334.34,5,1772,2011-11-10 13:14:00,2011-03-10 12:59:00,59,29,5,1334.34,266.868,245,0.02032520325203252,1,1
14066,152.55,1,45,2011-03-18 12:21:00,2011-03-18 12:21:00,7,267,1,152.55,152.55,0,1.0,0,0
14067,374.7,2,361,2011-10-07 10:21:00,2011-09-04 12:00:00,51,64,2,374.7,187.35,32,0.06060606060606061,0,0
14068,265.85,1,73,2011-01-23 16:02:00,2011-01-23 16:02:00,22,320,1,265.85,265.85,0,1.0,0,0
14071,1437.57,8,994,2011-12-06 12:27:00,2011-03-20 11:33:00,271,4,8,1437.57,179.69625,261,0.030534351145038167,1,1
14073,151.04,1,130,2011-11-07 15:49:00,2011-11-07 15:49:00,13,32,1,151.04,151.04,0,1.0,0,0
14075,942.26,3,754,2011-12-05 08:38:00,2011-03-23 16:35:00,33,5,3,942.26,314.08666666666664,256,0.011673151750972763,1,1
14076,118.67,1,79,2011-08-02 15:19:00,2011-08-02 15:19:00,43,129,1,118.67,118.67,0,1.0,0,0
14077,499.41999999999996,5,268,2011-10-30 12:35:00,2011-03-10 15:52:00,33,41,5,499.41999999999996,99.88399999999999,233,0.021367521367521368,0,0
14078,1049.37,6,310,2011-08-30 12:16:00,2010-12-01 12:54:00,46,102,6,1049.37,174.89499999999998,271,0.022058823529411766,1,0
14079,375.1,1,301,2011-08-07 12:10:00,2011-08-07 12:10:00,12,125,1,375.1,375.1,0,1.0,0,0
14080,45.599999999999994,1,48,2011-11-07 11:09:00,2011-11-07 11:09:00,4,33,1,45.599999999999994,45.599999999999994,0,1.0,0,0
14081,921.62,2,592,2011-02-10 16:17:00,2010-12-05 15:47:00,126,302,2,921.62,460.81,67,0.029411764705882353,0,0
14082,182.25,1,110,2010-12-10 11:02:00,2010-12-10 11:02:00,28,365,1,182.25,182.25,0,1.0,0,0
14083,1002.9,9,705,2011-12-05 13:14:00,2010-12-03 12:24:00,162,4,9,1002.9,111.43333333333334,367,0.024456521739130436,1,1
14085,4421.29,18,3177,2011-12-07 13:46:00,2010-12-06 12:39:00,272,2,18,4421.29,245.62722222222223,366,0.04904632152588556,1,1
14087,191.47,1,250,2011-12-07 12:41:00,2011-12-07 12:41:00,61,3,1,191.47,191.47,0,1.0,0,1
14088,50491.81,13,12665,2011-11-29 16:16:00,2011-01-21 13:07:00,379,10,13,50491.81,3883.9853846153846,312,0.04153354632587859,1,1
14089,158.75,1,133,2011-10-14 10:38:00,2011-10-14 10:38:00,13,57,1,158.75,158.75,0,1.0,0,0
14090,76.32000000000001,1,72,2011-01-19 10:51:00,2011-01-19 10:51:00,1,325,1,76.32000000000001,76.32000000000001,0,1.0,0,0
14092,4076.91,14,2066,2011-12-02 12:13:00,2010-12-16 15:47:00,117,8,14,4076.91,291.2078571428571,350,0.039886039886039885,1,1
14093,433.86,1,391,2011-11-27 16:27:00,2011-11-27 16:27:00,95,12,1,433.86,433.86,0,1.0,0,0
14096,65164.79,17,16352,2011-12-05 17:17:00,2011-08-30 10:49:00,1119,4,17,65164.79,3833.2229411764706,97,0.17346938775510204,1,1
14098,147.35,1,104,2011-11-03 10:13:00,2011-11-03 10:13:00,21,37,1,147.35,147.35,0,1.0,0,0
14099,3104.17,11,2179,2011-11-23 13:53:00,2010-12-20 11:14:00,167,16,11,3104.17,282.1972727272727,338,0.032448377581120944,1,1
14100,191.95000000000002,1,63,2011-07-25 11:01:00,2011-07-25 11:01:00,24,138,1,191.95000000000002,191.95000000000002,0,1.0,0,0
14101,5976.79,6,6942,2011-09-27 12:28:00,2011-01-17 13:09:00,15,74,6,5976.79,996.1316666666667,252,0.023715415019762844,1,0
14102,1105.8799999999999,5,769,2011-12-04 15:38:00,2011-10-26 12:46:00,35,5,5,1105.8799999999999,221.176,39,0.125,1,1
14104,216.20999999999998,2,72,2011-07-08 12:50:00,2011-06-27 12:49:00,21,155,2,216.20999999999998,108.10499999999999,11,0.16666666666666666,0,0
14105,1266.23,1,800,2011-04-14 17:58:00,2011-04-14 17:58:00,74,239,1,1266.23,1266.23,0,1.0,0,0
14107,2703.23,7,1793,2011-10-19 12:12:00,2010-12-10 13:29:00,61,52,7,2703.23,386.17571428571426,312,0.022364217252396165,1,0
14108,597.91,2,381,2011-11-09 10:41:00,2011-08-30 11:32:00,33,31,2,597.91,298.955,70,0.028169014084507043,0,0
14109,144.2,1,88,2011-09-28 10:18:00,2011-09-28 10:18:00,9,73,1,144.2,144.2,0,1.0,0,0
14110,5683.15,12,2445,2011-12-06 12:26:00,2011-03-18 09:59:00,94,4,12,5683.15,473.5958333333333,263,0.045454545454545456,1,1
14111,692.85,4,458,2011-11-25 13:44:00,2011-04-12 11:36:00,10,14,4,692.85,173.2125,227,0.017543859649122806,1,1
14112,2915.15,7,1651,2011-11-17 12:30:00,2011-03-09 11:28:00,117,23,7,2915.15,416.45,253,0.027559055118110236,1,1
14113,1840.42,4,745,2011-12-06 12:18:00,2010-12-20 12:14:00,26,4,4,1840.42,460.105,351,0.011363636363636364,1,1
14114,386.53,2,101,2011-03-11 09:42:00,2011-01-13 11:05:00,15,274,2,386.53,193.265,56,0.03508771929824561,0,0
14116,1382.74,5,707,2011-11-20 10:29:00,2011-08-10 12:44:00,61,20,5,1382.74,276.548,101,0.049019607843137254,1,1
14117,90.0,1,72,2011-07-19 09:49:00,2011-07-19 09:49:00,3,144,1,90.0,90.0,0,1.0,0,0
14121,2780.15,4,2082,2011-12-06 12:19:00,2011-10-11 10:39:00,148,4,4,2780.15,695.0375,56,0.07017543859649122,1,1
14124,419.58000000000004,1,1618,2011-09-16 13:32:00,2011-09-16 13:32:00,4,84,1,419.58000000000004,419.58000000000004,0,1.0,0,0
14125,2720.63,3,1628,2011-11-29 12:47:00,2011-09-22 15:40:00,159,11,3,2720.63,906.8766666666667,67,0.04411764705882353,1,0
14126,706.1300000000001,3,508,2011-12-02 11:45:00,2011-11-29 12:21:00,14,8,3,706.1300000000001,235.3766666666667,2,1.0,1,1
14127,709.71,3,321,2011-08-09 10:49:00,2011-02-02 12:26:00,39,123,3,709.71,236.57000000000002,187,0.015957446808510637,0,0
14128,637.5,2,564,2011-10-10 12:00:00,2011-03-29 10:49:00,40,61,2,637.5,318.75,195,0.01020408163265306,0,0
14129,1123.8600000000001,5,592,2011-12-08 11:02:00,2011-03-24 08:44:00,31,2,5,1123.8600000000001,224.77200000000002,259,0.019230769230769232,1,1
14130,480.91,1,257,2011-01-24 16:05:00,2011-01-24 16:05:00,66,319,1,480.91,480.91,0,1.0,0,0
14132,3586.0299999999997,11,3368,2011-12-07 13:35:00,2011-06-09 12:04:00,100,2,11,3586.0299999999997,326.00272727272727,181,0.06043956043956044,1,1
14133,605.64,3,348,2011-08-02 11:34:00,2011-01-28 11:27:00,25,130,3,605.64,201.88,186,0.016042780748663103,0,0
14135,4690.31,15,3850,2011-12-08 11:38:00,2010-12-02 10:27:00,95,2,15,4690.31,312.68733333333336,371,0.04032258064516129,1,1
14138,965.8800000000001,2,600,2011-12-08 12:44:00,2011-10-07 09:38:00,40,2,2,965.8800000000001,482.94000000000005,62,0.031746031746031744,1,1
14139,415.82,1,510,2011-10-24 13:34:00,2011-10-24 13:34:00,26,46,1,415.82,415.82,0,1.0,0,0
14140,935.05,2,811,2011-12-06 09:05:00,2011-11-08 11:20:00,60,4,2,935.05,467.525,27,0.07142857142857142,1,1
14141,915.13,4,355,2011-12-07 09:53:00,2011-08-26 14:40:00,27,3,4,915.13,228.7825,102,0.038834951456310676,1,1
14142,311.81,1,313,2010-12-01 16:33:00,2010-12-01 16:33:00,22,373,1,311.81,311.81,0,1.0,0,0
14143,115.8,1,30,2011-07-29 09:48:00,2011-07-29 09:48:00,7,134,1,115.8,115.8,0,1.0,0,0
14145,3742.2,4,756,2011-10-24 12:10:00,2011-05-06 13:01:00,6,47,4,3742.2,935.55,170,0.023391812865497075,1,0
14146,4191.0,5,2437,2011-12-01 10:18:00,2010-12-17 15:52:00,183,9,5,4191.0,838.2,348,0.014326647564469915,1,1
14147,483.4,2,108,2011-09-22 18:10:00,2011-02-27 11:42:00,4,78,2,483.4,241.7,207,0.009615384615384616,0,0
14148,157.2,1,16,2011-04-20 12:02:00,2011-04-20 12:02:00,3,234,1,157.2,157.2,0,1.0,0,0
14149,446.62,1,218,2011-05-03 09:44:00,2011-05-03 09:44:00,28,221,1,446.62,446.62,0,1.0,0,0
14150,658.64,2,496,2011-11-04 10:05:00,2010-12-15 10:04:00,23,36,2,658.64,329.32,324,0.006153846153846154,0,0
14152,621.29,2,711,2011-09-25 12:54:00,2011-04-19 15:46:00,47,75,2,621.29,310.645,158,0.012578616352201259,0,0
14154,1345.62,2,465,2011-04-14 16:26:00,2011-04-14 15:58:00,52,239,2,1345.62,672.81,0,2.0,0,0
14155,118.75,1,25,2011-03-18 14:13:00,2011-03-18 14:13:00,6,266,1,118.75,118.75,0,1.0,0,0
14156,117210.08,55,57768,2011-11-30 10:54:00,2010-12-03 11:48:00,714,10,55,117210.08,2131.0923636363636,361,0.15193370165745856,1,1
14157,424.89000000000004,2,271,2011-11-20 11:32:00,2011-02-27 13:04:00,45,20,2,424.89000000000004,212.44500000000002,265,0.007518796992481203,0,0
14158,507.66,1,781,2011-10-30 15:08:00,2011-10-30 15:08:00,41,40,1,507.66,507.66,0,1.0,0,0
14159,4630.35,11,4348,2011-11-20 12:36:00,2010-12-12 11:17:00,501,20,11,4630.35,420.94090909090914,343,0.03197674418604651,1,1
14161,1097.6200000000001,3,450,2011-05-08 11:41:00,2010-12-05 13:18:00,87,216,3,1097.6200000000001,365.8733333333334,153,0.01948051948051948,0,0
14162,289.36,2,142,2011-06-19 11:36:00,2011-02-20 12:32:00,25,174,2,289.36,144.68,118,0.01680672268907563,0,0
14163,2445.91,4,893,2011-09-13 15:18:00,2011-04-14 17:33:00,36,87,4,2445.91,611.4775,151,0.02631578947368421,1,0
14164,1631.77,2,1033,2011-09-30 12:24:00,2011-09-20 12:18:00,28,71,2,1631.77,815.885,10,0.18181818181818182,0,0
14165,120.44,1,53,2011-03-09 12:39:00,2011-03-09 12:39:00,23,276,1,120.44,120.44,0,1.0,0,0
14167,562.59,4,147,2011-10-31 14:29:00,2011-01-12 15:44:00,27,39,4,562.59,140.6475,291,0.0136986301369863,0,0
14171,363.79,1,167,2011-09-02 16:43:00,2011-09-02 16:43:00,57,98,1,363.79,363.79,0,1.0,0,0
14173,450.84,4,150,2011-11-29 11:54:00,2011-05-04 14:03:00,28,11,4,450.84,112.71,208,0.019138755980861243,1,1
14174,134.46,1,94,2011-11-06 13:17:00,2011-11-06 13:17:00,26,33,1,134.46,134.46,0,1.0,0,0
14175,3222.3,3,1515,2011-10-11 11:55:00,2011-01-14 12:22:00,139,60,3,3222.3,1074.1000000000001,269,0.011111111111111112,1,0
14176,576.9000000000001,4,209,2011-02-15 13:12:00,2010-12-07 11:45:00,28,297,4,576.9000000000001,144.22500000000002,70,0.056338028169014086,0,0
14177,549.46,4,204,2011-09-14 15:11:00,2011-06-13 11:10:00,37,86,4,549.46,137.365,93,0.0425531914893617,0,0
14178,1600.26,7,1494,2011-12-01 12:01:00,2011-06-10 12:51:00,191,9,7,1600.26,228.60857142857142,173,0.040229885057471264,1,1
14179,701.57,2,319,2011-10-30 12:07:00,2011-10-18 14:00:00,135,41,2,701.57,350.785,11,0.16666666666666666,0,0
14180,4748.52,25,719,2011-11-29 10:56:00,2010-12-02 13:08:00,112,11,25,4748.52,189.94080000000002,361,0.06906077348066299,1,1
14184,452.89,1,127,2011-10-04 12:43:00,2011-10-04 12:43:00,24,67,1,452.89,452.89,0,1.0,0,0
14185,197.65,1,6,2011-01-12 13:52:00,2011-01-12 13:52:00,3,331,1,197.65,197.65,0,1.0,0,0
14188,2054.36,6,1162,2011-11-09 12:45:00,2011-02-02 13:46:00,34,31,6,2054.36,342.3933333333334,279,0.02142857142857143,1,0
14189,4654.08,15,3937,2011-12-07 15:55:00,2010-12-06 11:42:00,176,2,15,4654.08,310.272,366,0.04087193460490463,1,1
14191,4684.76,13,3662,2011-12-08 09:23:00,2011-05-03 10:30:00,145,2,13,4684.76,360.36615384615385,218,0.0593607305936073,1,1
14193,853.39,2,445,2011-10-03 09:34:00,2011-03-15 11:38:00,35,68,2,853.39,426.695,201,0.009900990099009901,0,0
14194,11349.52,21,5840,2011-12-05 10:38:00,2011-02-04 14:51:00,269,5,21,11349.52,540.4533333333334,303,0.06907894736842106,1,1
14195,1012.0,2,760,2011-05-22 10:29:00,2011-04-01 16:50:00,7,202,2,1012.0,506.0,50,0.0392156862745098,0,0
14196,335.52,1,142,2011-08-25 10:25:00,2011-08-25 10:25:00,6,107,1,335.52,335.52,0,1.0,0,0
14198,701.4,4,290,2011-11-21 16:35:00,2011-04-14 14:54:00,35,18,4,701.4,175.35,221,0.018018018018018018,1,0
14199,185.39999999999998,1,28,2011-05-05 13:44:00,2011-05-05 13:44:00,2,218,1,185.39999999999998,185.39999999999998,0,1.0,0,0
14201,747.44,7,590,2011-10-10 13:27:00,2010-12-15 13:25:00,32,60,7,747.44,106.77714285714286,299,0.023333333333333334,1,0
14204,150.61,1,72,2011-12-07 13:38:00,2011-12-07 13:38:00,36,2,1,150.61,150.61,0,1.0,0,1
14205,466.7,2,204,2011-11-23 10:55:00,2011-03-20 15:07:00,23,17,2,466.7,233.35,247,0.008064516129032258,0,0
14206,328.15999999999997,1,276,2011-04-14 16:38:00,2011-04-14 16:38:00,20,239,1,328.15999999999997,328.15999999999997,0,1.0,0,0
14208,151.74,1,114,2011-09-06 12:48:00,2011-09-06 12:48:00,10,95,1,151.74,151.74,0,1.0,0,0
14209,2073.43,6,691,2011-11-29 10:18:00,2011-01-11 12:56:00,55,11,6,2073.43,345.57166666666666,321,0.018633540372670808,1,1
14210,1905.8400000000001,6,760,2011-08-26 12:36:00,2010-12-03 12:43:00,66,106,6,1905.8400000000001,317.64000000000004,265,0.022556390977443608,1,0
14211,2241.1,9,1242,2011-10-17 13:23:00,2011-02-17 15:50:00,87,53,9,2241.1,249.0111111111111,241,0.0371900826446281,1,0
14212,1070.48,1,1152,2011-09-11 12:45:00,2011-09-11 12:45:00,9,90,1,1070.48,1070.48,0,1.0,0,0
14214,1004.38,5,751,2011-11-09 10:31:00,2011-03-07 12:26:00,64,31,5,1004.38,200.876,246,0.020242914979757085,1,0
14215,1789.72,6,1358,2011-11-28 12:19:00,2010-12-06 15:34:00,98,12,6,1789.72,298.2866666666667,356,0.01680672268907563,1,1
14216,1839.3,4,594,2011-12-06 14:56:00,2011-11-02 10:51:00,47,3,4,1839.3,459.825,34,0.11428571428571428,1,1
14217,2004.98,17,689,2011-12-08 11:53:00,2010-12-08 13:28:00,78,2,17,2004.98,117.94,364,0.04657534246575343,1,1
14218,169.48000000000002,1,160,2011-10-28 10:00:00,2011-10-28 10:00:00,12,43,1,169.48000000000002,169.48000000000002,0,1.0,0,0
14219,89.94,1,78,2011-12-05 16:23:00,2011-12-05 16:23:00,7,4,1,89.94,89.94,0,1.0,0,0
14220,632.4,2,272,2011-04-06 13:23:00,2010-12-16 18:18:00,21,247,2,632.4,316.2,110,0.018018018018018018,0,0
14221,3432.8,9,2191,2011-10-28 13:42:00,2011-01-04 15:33:00,123,42,9,3432.8,381.4222222222222,296,0.030303030303030304,1,0
14222,683.17,1,607,2011-06-15 16:42:00,2011-06-15 16:42:00,41,177,1,683.17,683.17,0,1.0,0,0
14223,991.13,3,585,2011-09-08 13:38:00,2011-03-20 16:02:00,50,92,3,991.13,330.37666666666667,171,0.01744186046511628,0,0
14224,1009.73,4,483,2011-08-21 13:24:00,2011-01-23 13:58:00,105,110,4,1009.73,252.4325,209,0.01904761904761905,0,0
14226,2214.79,5,1296,2011-11-11 11:34:00,2011-03-15 15:36:00,64,29,5,2214.79,442.95799999999997,240,0.02074688796680498,1,0
14227,3350.96,10,1820,2011-11-13 15:48:00,2011-02-28 12:27:00,117,26,10,3350.96,335.096,258,0.03861003861003861,1,1
14229,1547.2,3,610,2011-10-19 10:04:00,2011-01-10 12:03:00,29,52,3,1547.2,515.7333333333333,281,0.010638297872340425,1,0
14231,925.71,3,409,2011-06-09 11:05:00,2011-02-24 11:55:00,47,184,3,925.71,308.57,104,0.02857142857142857,0,0
14232,2048.07,5,1941,2011-10-28 11:09:00,2011-03-20 12:44:00,81,43,5,2048.07,409.61400000000003,221,0.02252252252252252,1,0
14233,1462.72,4,680,2011-10-21 15:54:00,2011-01-26 12:43:00,30,49,4,1462.72,365.68,268,0.01486988847583643,1,0
14234,754.12,4,951,2011-11-17 17:53:00,2011-10-13 13:58:00,122,22,4,754.12,188.53,35,0.1111111111111111,1,0
14235,3144.86,5,1959,2011-09-25 14:37:00,2011-03-24 13:23:00,65,75,5,3144.86,628.972,185,0.026881720430107527,1,0
14236,490.86,2,310,2011-09-20 09:13:00,2010-12-02 18:49:00,15,81,2,490.86,245.43,291,0.00684931506849315,0,0
14237,161.0,1,38,2010-12-01 13:20:00,2010-12-01 13:20:00,9,373,1,161.0,161.0,0,1.0,0,0
14238,146.85,1,111,2011-01-17 14:40:00,2011-01-17 14:40:00,8,326,1,146.85,146.85,0,1.0,0,0
14239,2380.85,11,993,2011-10-27 14:40:00,2011-01-27 14:45:00,83,43,11,2380.85,216.4409090909091,272,0.040293040293040296,1,1
14240,890.34,2,418,2011-11-09 13:45:00,2011-04-28 11:40:00,37,30,2,890.34,445.17,195,0.01020408163265306,0,0
14241,213.70000000000002,1,146,2011-06-09 11:46:00,2011-06-09 11:46:00,10,184,1,213.70000000000002,213.70000000000002,0,1.0,0,0
14242,280.55,2,123,2011-04-19 11:46:00,2011-01-18 08:53:00,13,235,2,280.55,140.275,91,0.021739130434782608,0,0
14243,2588.77,10,1221,2011-12-01 11:12:00,2010-12-09 08:34:00,99,9,10,2588.77,258.877,357,0.027932960893854747,1,1
14245,1693.45,2,976,2011-05-04 08:40:00,2011-03-21 10:41:00,107,220,2,1693.45,846.725,43,0.045454545454545456,0,0
14246,1474.06,3,804,2011-08-21 11:50:00,2011-04-08 08:25:00,57,111,3,1474.06,491.3533333333333,135,0.022058823529411766,0,0
14247,136.76999999999998,1,47,2011-03-06 15:21:00,2011-03-06 15:21:00,19,278,1,136.76999999999998,136.76999999999998,0,1.0,0,0
14248,302.58,1,102,2011-01-25 14:45:00,2011-01-25 14:45:00,8,318,1,302.58,302.58,0,1.0,0,0
14250,1904.05,3,1200,2011-12-02 14:30:00,2011-09-11 13:44:00,94,7,3,1904.05,634.6833333333333,82,0.03614457831325301,1,1
14251,2879.7000000000003,5,1674,2011-12-08 08:32:00,2011-10-13 12:46:00,37,2,5,2879.7000000000003,575.94,55,0.08928571428571429,1,1
14256,969.0600000000001,2,414,2011-03-24 13:17:00,2010-12-10 11:44:00,51,260,2,969.0600000000001,484.53000000000003,104,0.01904761904761905,0,0
14257,3099.7200000000003,5,1682,2011-10-06 16:54:00,2011-01-25 10:49:00,88,64,5,3099.7200000000003,619.9440000000001,254,0.0196078431372549,1,0
14258,12669.98,9,7100,2011-11-30 15:27:00,2011-01-06 12:18:00,58,9,9,12669.98,1407.7755555555555,328,0.02735562310030395,1,1
14259,120.0,1,68,2011-07-21 10:44:00,2011-07-21 10:44:00,5,142,1,120.0,120.0,0,1.0,0,0
14261,1163.45,2,406,2011-10-20 10:04:00,2011-09-22 10:47:00,52,51,2,1163.45,581.725,27,0.07142857142857142,0,0
14262,2618.23,8,1645,2011-12-01 14:17:00,2011-04-13 12:23:00,87,8,8,2618.23,327.27875,232,0.034334763948497854,1,1
14264,333.97,2,70,2011-07-08 10:20:00,2011-04-08 12:20:00,15,155,2,333.97,166.985,90,0.02197802197802198,0,0
14265,530.18,2,330,2011-08-22 13:32:00,2011-07-14 09:10:00,31,109,2,530.18,265.09,39,0.05,0,0
14267,1516.24,3,530,2011-06-30 10:09:00,2011-03-24 11:38:00,25,163,3,1516.24,505.41333333333336,97,0.030612244897959183,0,0
14270,492.65000000000003,1,197,2011-01-12 09:33:00,2011-01-12 09:33:00,29,332,1,492.65000000000003,492.65000000000003,0,1.0,0,0
14271,112.32,1,88,2011-04-28 12:47:00,2011-04-28 12:47:00,10,226,1,112.32,112.32,0,1.0,0,0
14272,437.96,2,599,2011-09-27 10:08:00,2011-03-30 13:57:00,33,74,2,437.96,218.98,180,0.011049723756906077,0,0
14273,559.97,4,264,2011-10-19 13:20:00,2011-04-11 13:24:00,22,51,4,559.97,139.9925,190,0.020942408376963352,0,0
14276,1119.74,3,744,2011-09-02 09:45:00,2011-02-23 09:38:00,52,99,3,1119.74,373.24666666666667,191,0.015625,0,0
14277,4188.0,3,1976,2011-11-24 15:01:00,2011-05-11 13:20:00,195,15,3,4188.0,1396.0,197,0.015151515151515152,1,0
14280,134.04,1,52,2011-05-27 10:37:00,2011-05-27 10:37:00,8,197,1,134.04,134.04,0,1.0,0,0
14282,3701.44,15,2656,2011-12-06 17:04:00,2010-12-07 12:21:00,70,3,15,3701.44,246.76266666666666,364,0.0410958904109589,1,1
14284,595.25,2,161,2011-11-09 08:11:00,2011-09-14 13:04:00,24,31,2,595.25,297.625,55,0.03571428571428571,0,0
14285,1910.01,4,541,2011-11-18 14:50:00,2011-06-16 12:36:00,18,21,4,1910.01,477.5025,155,0.02564102564102564,1,0
14286,4628.75,3,4338,2011-11-16 10:34:00,2011-04-11 08:16:00,220,24,3,4628.75,1542.9166666666667,219,0.013636363636363636,1,0
14287,176.63,3,261,2011-12-01 13:25:00,2011-05-25 11:41:00,9,8,3,176.63,58.876666666666665,190,0.015706806282722512,0,0
14288,426.6,1,188,2011-05-10 13:22:00,2011-05-10 13:22:00,16,213,1,426.6,426.6,0,1.0,0,0
14289,911.26,6,292,2011-12-01 11:44:00,2011-02-23 12:33:00,33,9,6,911.26,151.87666666666667,280,0.021352313167259787,1,1
14290,2314.65,5,915,2011-11-28 14:02:00,2010-12-13 10:24:00,89,11,5,2314.65,462.93,350,0.014245014245014245,1,1
14291,3883.25,11,2749,2011-12-08 10:26:00,2011-03-09 15:20:00,145,2,11,3883.25,353.02272727272725,273,0.040145985401459854,1,1
14292,4871.93,9,1663,2011-12-02 11:50:00,2011-03-02 08:26:00,64,8,9,4871.93,541.3255555555556,275,0.03260869565217391,1,1
14293,1046.56,4,709,2011-12-06 15:17:00,2010-12-06 10:18:00,51,3,4,1046.56,261.64,365,0.01092896174863388,1,1
14295,166.20000000000002,1,84,2011-10-30 15:50:00,2011-10-30 15:50:00,5,40,1,166.20000000000002,166.20000000000002,0,1.0,0,0
14297,1305.33,4,865,2011-11-22 09:06:00,2011-03-10 08:31:00,48,18,4,1305.33,326.3325,257,0.015503875968992248,1,1
14298,51527.3,44,58343,2011-12-01 13:12:00,2010-12-14 12:59:00,884,8,44,51527.3,1171.075,352,0.12464589235127478,1,1
14299,3965.62,9,2149,2011-12-01 16:05:00,2010-12-09 10:30:00,94,8,9,3965.62,440.6244444444444,357,0.025139664804469275,1,1
14300,43.2,1,32,2011-11-21 08:57:00,2011-11-21 08:57:00,3,19,1,43.2,43.2,0,1.0,0,0
14301,640.14,1,606,2011-08-14 15:33:00,2011-08-14 15:33:00,13,117,1,640.14,640.14,0,1.0,0,0
14304,383.45,1,139,2011-05-01 11:50:00,2011-05-01 11:50:00,17,223,1,383.45,383.45,0,1.0,0,0
14305,1858.96,3,1089,2011-09-29 15:29:00,2011-07-27 14:14:00,96,71,3,1858.96,619.6533333333333,64,0.046153846153846156,1,0
14306,2093.32,2,1075,2011-10-19 13:23:00,2011-09-15 10:31:00,33,51,2,2093.32,1046.66,34,0.05714285714285714,0,0
14307,2995.72,6,2058,2011-09-12 09:38:00,2010-12-01 11:41:00,150,89,6,2995.72,499.28666666666663,284,0.021052631578947368,1,0
14309,2352.53,9,1633,2011-12-01 13:33:00,2010-12-16 13:05:00,74,8,9,2352.53,261.39222222222224,350,0.02564102564102564,1,1
14311,310.26,1,146,2011-04-11 10:14:00,2011-04-11 10:14:00,20,243,1,310.26,310.26,0,1.0,0,0
14312,1611.59,6,1012,2011-10-24 09:46:00,2011-01-06 16:35:00,74,47,6,1611.59,268.5983333333333,290,0.020618556701030927,1,0
14314,120.0,1,296,2011-08-25 10:39:00,2011-08-25 10:39:00,8,107,1,120.0,120.0,0,1.0,0,0
14315,2481.13,6,1021,2011-10-26 12:06:00,2011-03-18 12:59:00,64,45,6,2481.13,413.5216666666667,221,0.02702702702702703,1,0
14317,508.58000000000004,1,255,2011-10-06 10:44:00,2011-10-06 10:44:00,24,65,1,508.58000000000004,508.58000000000004,0,1.0,0,0
14320,477.79,2,325,2011-05-17 09:24:00,2011-01-11 09:12:00,29,207,2,477.79,238.895,126,0.015748031496062992,0,0
14321,1530.75,5,2406,2011-11-29 09:47:00,2011-01-10 11:35:00,111,11,5,1530.75,306.15,322,0.015479876160990712,1,1
14323,605.0600000000001,2,350,2011-08-17 11:37:00,2011-04-15 11:44:00,32,115,2,605.0600000000001,302.53000000000003,123,0.016129032258064516,0,0
14326,183.85,1,103,2011-04-11 15:04:00,2011-04-11 15:04:00,8,242,1,183.85,183.85,0,1.0,0,0
14327,311.65,1,139,2011-06-29 13:58:00,2011-06-29 13:58:00,12,163,1,311.65,311.65,0,1.0,0,0
14329,4975.24,7,3087,2011-11-22 15:50:00,2011-01-14 13:42:00,218,17,7,4975.24,710.7485714285714,312,0.022364217252396165,1,1
14331,462.65999999999997,2,252,2011-08-07 13:17:00,2011-07-27 15:14:00,27,124,2,462.65999999999997,231.32999999999998,10,0.18181818181818182,0,0
14332,840.21,3,463,2011-11-17 11:54:00,2011-07-15 10:33:00,22,23,3,840.21,280.07,125,0.023809523809523808,1,0
14333,415.2,1,58,2011-10-03 10:38:00,2011-10-03 10:38:00,15,68,1,415.2,415.2,0,1.0,0,0
14334,2552.21,8,1731,2011-11-23 10:01:00,2010-12-16 17:37:00,98,17,8,2552.21,319.02625,341,0.023391812865497075,1,1
14335,454.86,2,375,2011-11-23 13:41:00,2011-09-04 13:07:00,55,16,2,454.86,227.43,80,0.024691358024691357,0,0
14336,1614.91,4,1759,2011-11-23 11:40:00,2011-03-08 16:48:00,77,17,4,1614.91,403.7275,259,0.015384615384615385,1,1
14338,588.22,2,335,2011-07-01 14:08:00,2011-05-27 13:30:00,30,161,2,588.22,294.11,35,0.05555555555555555,0,0
14339,309.52,1,168,2011-04-11 11:06:00,2011-04-11 11:06:00,14,243,1,309.52,309.52,0,1.0,0,0
14340,134.7,1,58,2011-05-05 09:44:00,2011-05-05 09:44:00,6,219,1,134.7,134.7,0,1.0,0,0
14341,2166.98,8,1397,2011-10-25 15:48:00,2011-01-25 13:55:00,109,45,8,2166.98,270.8725,273,0.029197080291970802,1,0
14342,668.5600000000001,4,347,2011-11-18 13:21:00,2011-05-13 13:50:00,18,21,4,668.5600000000001,167.14000000000001,188,0.021164021164021163,1,0
14344,889.9300000000001,8,477,2011-08-04 13:51:00,2010-12-06 11:58:00,56,127,8,889.9300000000001,111.24125000000001,241,0.03305785123966942,1,0
14345,108.97999999999999,1,50,2011-11-01 09:51:00,2011-11-01 09:51:00,6,39,1,108.97999999999999,108.97999999999999,0,1.0,0,0
14346,1021.58,2,605,2011-08-11 09:47:00,2011-02-15 13:52:00,55,121,2,1021.58,510.79,176,0.011299435028248588,0,0
14348,409.57,1,183,2011-03-24 16:23:00,2011-03-24 16:23:00,18,260,1,409.57,409.57,0,1.0,0,0
14349,133.5,1,86,2011-11-29 15:39:00,2011-11-29 15:39:00,31,10,1,133.5,133.5,0,1.0,0,0
14350,282.93,1,183,2011-03-10 14:14:00,2011-03-10 14:14:00,18,274,1,282.93,282.93,0,1.0,0,0
14351,51.0,1,12,2011-06-28 11:56:00,2011-06-28 11:56:00,1,165,1,51.0,51.0,0,1.0,0,0
14352,1078.96,4,538,2011-07-05 15:41:00,2011-03-11 14:58:00,44,157,4,1078.96,269.74,116,0.03418803418803419,0,0
14353,90.6,1,64,2011-05-08 16:06:00,2011-05-08 16:06:00,6,215,1,90.6,90.6,0,1.0,0,0
14354,163.62,2,210,2011-12-04 11:32:00,2011-11-09 15:36:00,9,6,2,163.62,81.81,24,0.08,0,0
14355,174.4,1,92,2010-12-09 12:16:00,2010-12-09 12:16:00,11,366,1,174.4,174.4,0,1.0,0,0
14356,701.23,2,277,2011-09-21 09:18:00,2011-09-19 14:43:00,33,80,2,701.23,350.615,1,1.0,0,0
14357,225.12,1,147,2011-10-27 16:23:00,2011-10-27 16:23:00,39,43,1,225.12,225.12,0,1.0,0,0
14359,912.18,3,371,2011-11-20 13:17:00,2011-09-13 09:03:00,44,19,3,912.18,304.06,68,0.043478260869565216,1,0
14360,2118.03,4,1139,2011-11-08 09:12:00,2011-09-06 11:58:00,104,32,4,2118.03,529.5075,62,0.06349206349206349,1,0
14362,151.5,1,96,2011-11-17 15:08:00,2011-11-17 15:08:00,37,22,1,151.5,151.5,0,1.0,0,0
14364,3717.35,8,1967,2011-08-23 11:01:00,2011-05-12 12:56:00,61,109,8,3717.35,464.66875,102,0.07766990291262135,1,0
14367,9227.82,16,4426,2011-12-01 13:19:00,2011-03-08 14:12:00,270,8,16,9227.82,576.73875,267,0.05970149253731343,1,1
14368,155.0,1,36,2011-01-24 09:52:00,2011-01-24 09:52:00,8,320,1,155.0,155.0,0,1.0,0,0
14371,100.5,1,34,2011-02-17 16:35:00,2011-02-17 16:35:00,4,295,1,100.5,100.5,0,1.0,0,0
14373,76.55,1,17,2010-12-16 15:40:00,2010-12-16 15:40:00,4,358,1,76.55,76.55,0,1.0,0,0
14375,235.56,1,184,2011-06-07 13:44:00,2011-06-07 13:44:00,57,185,1,235.56,235.56,0,1.0,0,0
14377,617.05,2,219,2011-06-01 13:32:00,2011-03-22 13:38:00,11,191,2,617.05,308.525,70,0.028169014084507043,0,0
14379,348.1,2,292,2011-10-26 16:43:00,2011-02-17 15:03:00,39,44,2,348.1,174.05,251,0.007936507936507936,0,0
14381,202.68,1,146,2011-10-18 17:10:00,2011-10-18 17:10:00,56,52,1,202.68,202.68,0,1.0,0,0
14382,615.49,1,1231,2011-11-13 16:18:00,2011-11-13 16:18:00,121,26,1,615.49,615.49,0,1.0,0,0
14383,1247.69,3,817,2011-11-01 15:53:00,2011-06-29 10:18:00,49,38,3,1247.69,415.8966666666667,125,0.023809523809523808,1,0
14385,202.11,3,159,2011-11-30 15:36:00,2011-11-16 11:55:00,13,9,3,202.11,67.37,14,0.2,0,0
14386,142.4,1,54,2011-02-16 09:45:00,2011-02-16 09:45:00,7,297,1,142.4,142.4,0,1.0,0,0
14387,1727.6,3,795,2011-11-07 12:29:00,2011-08-22 14:13:00,125,33,3,1727.6,575.8666666666667,76,0.03896103896103896,1,0
14388,3212.84,8,1941,2011-11-29 13:32:00,2010-12-02 11:02:00,124,10,8,3212.84,401.605,362,0.02203856749311295,1,1
14389,1043.46,2,729,2011-10-05 15:17:00,2011-06-02 12:04:00,33,65,2,1043.46,521.73,125,0.015873015873015872,0,0
14390,4642.57,9,2133,2011-11-29 13:49:00,2010-12-02 11:57:00,135,10,9,4642.57,515.8411111111111,362,0.024793388429752067,1,1
14393,67.95,1,13,2011-05-05 18:16:00,2011-05-05 18:16:00,5,218,1,67.95,67.95,0,1.0,0,0
14395,3479.91,9,1689,2011-12-07 14:34:00,2010-12-02 18:15:00,181,2,9,3479.91,386.65666666666664,369,0.024324324324324326,1,1
14396,487.99,2,225,2011-10-05 16:09:00,2010-12-03 15:19:00,71,65,2,487.99,243.995,306,0.006514657980456026,0,0
14397,2612.96,19,1890,2011-12-07 09:22:00,2011-05-10 12:25:00,18,3,19,2612.96,137.52421052631578,210,0.09004739336492891,1,1
14400,574.7,1,454,2011-07-13 15:50:00,2011-07-13 15:50:00,25,149,1,574.7,574.7,0,1.0,0,0
14401,4051.48,13,4507,2011-12-05 13:30:00,2010-12-15 09:07:00,113,4,13,4051.48,311.6523076923077,355,0.03651685393258427,1,1
14403,1475.81,4,519,2011-08-01 12:57:00,2011-04-06 14:23:00,17,130,4,1475.81,368.9525,116,0.03418803418803419,0,0
14404,1449.32,6,827,2011-11-06 12:30:00,2010-12-05 16:00:00,70,34,6,1449.32,241.5533333333333,335,0.017857142857142856,1,1
14406,156.75,1,77,2011-08-12 16:54:00,2011-08-12 16:54:00,8,119,1,156.75,156.75,0,1.0,0,0
14407,2157.73,6,1415,2011-08-24 14:02:00,2011-03-08 11:59:00,67,107,6,2157.73,359.62166666666667,169,0.03529411764705882,1,0
14408,2599.03,7,1610,2011-11-29 11:41:00,2011-03-20 14:41:00,60,11,7,2599.03,371.29,253,0.027559055118110236,1,1
14409,2059.4500000000003,6,1230,2011-09-29 18:18:00,2010-12-06 15:03:00,40,71,6,2059.4500000000003,343.24166666666673,297,0.020134228187919462,1,0
14410,1100.27,9,567,2011-09-08 15:08:00,2011-02-07 09:36:00,153,92,9,1100.27,122.25222222222222,213,0.04205607476635514,1,0
14411,1063.0,1,196,2011-02-02 10:56:00,2011-02-02 10:56:00,14,311,1,1063.0,1063.0,0,1.0,0,0
14412,770.03,2,786,2011-10-28 10:45:00,2011-09-28 08:48:00,43,43,2,770.03,385.015,30,0.06451612903225806,0,0
14413,121.05,1,67,2010-12-12 13:37:00,2010-12-12 13:37:00,22,362,1,121.05,121.05,0,1.0,0,0
14414,1496.98,7,2512,2011-09-09 12:09:00,2010-12-16 11:11:00,79,92,7,1496.98,213.8542857142857,267,0.026119402985074626,1,0
14415,5855.57,13,2996,2011-12-08 14:38:00,2010-12-14 13:31:00,283,1,13,5855.57,450.42846153846153,359,0.03611111111111111,1,1
14416,490.22,2,326,2011-11-17 15:22:00,2011-10-28 15:10:00,13,22,2,490.22,245.11,20,0.09523809523809523,0,0
14418,1937.25,3,1711,2011-12-06 11:39:00,2011-08-23 17:18:00,114,4,3,1937.25,645.75,104,0.02857142857142857,1,1
14419,1051.79,6,483,2011-11-29 11:22:00,2010-12-10 10:56:00,112,11,6,1051.79,175.29833333333332,354,0.016901408450704224,1,1
14420,387.52,1,334,2011-09-01 18:07:00,2011-09-01 18:07:00,29,99,1,387.52,387.52,0,1.0,0,0
14421,813.11,2,365,2011-10-13 13:24:00,2011-05-12 10:49:00,25,57,2,813.11,406.555,154,0.012903225806451613,0,0
14422,4263.64,6,2906,2011-12-09 11:26:00,2011-03-17 17:26:00,189,1,6,4263.64,710.6066666666667,266,0.02247191011235955,1,1
14423,265.2,1,120,2011-05-05 15:12:00,2011-05-05 15:12:00,3,218,1,265.2,265.2,0,1.0,0,0
14424,322.08,1,48,2011-11-22 11:48:00,2011-11-22 11:48:00,1,18,1,322.08,322.08,0,1.0,0,0
14426,4481.67,10,2699,2011-11-16 12:25:00,2011-01-31 09:51:00,183,24,10,4481.67,448.16700000000003,289,0.034482758620689655,1,1
14427,363.34000000000003,2,228,2011-10-20 14:23:00,2011-10-07 09:10:00,16,50,2,363.34000000000003,181.67000000000002,13,0.14285714285714285,0,0
14428,1224.06,5,428,2011-12-02 13:17:00,2011-01-18 16:39:00,108,7,5,1224.06,244.81199999999998,317,0.015723270440251572,1,1
14431,470.36,1,130,2011-02-10 10:40:00,2011-02-10 10:40:00,17,303,1,470.36,470.36,0,1.0,0,0
14432,2248.5,6,2013,2011-11-30 08:04:00,2011-09-11 14:09:00,256,10,6,2248.5,374.75,79,0.075,1,1
14434,1372.8,6,368,2011-11-18 08:56:00,2011-09-28 15:31:00,3,22,6,1372.8,228.79999999999998,50,0.11764705882352941,1,1
14436,89.06,1,129,2011-09-02 10:13:00,2011-09-02 10:13:00,9,99,1,89.06,89.06,0,1.0,0,0
14437,63.0,1,60,2010-12-09 09:27:00,2010-12-09 09:27:00,5,366,1,63.0,63.0,0,1.0,0,0
14438,131.9,1,82,2011-02-06 14:56:00,2011-02-06 14:56:00,9,306,1,131.9,131.9,0,1.0,0,0
14439,2661.24,1,526,2011-01-24 11:39:00,2011-01-24 11:39:00,32,320,1,2661.24,2661.24,0,1.0,0,0
14440,2357.6800000000003,5,588,2011-12-01 15:42:00,2010-12-09 12:49:00,33,8,5,2357.6800000000003,471.53600000000006,357,0.013966480446927373,1,1
14441,1712.89,4,446,2011-12-09 09:07:00,2011-03-29 12:01:00,43,1,4,1712.89,428.2225,254,0.01568627450980392,1,1
14442,1589.82,2,482,2011-05-19 11:36:00,2011-01-27 09:33:00,58,205,2,1589.82,794.91,112,0.017699115044247787,0,0
14443,1420.2,4,938,2011-10-17 10:10:00,2010-12-06 11:03:00,84,54,4,1420.2,355.05,314,0.012698412698412698,1,0
14446,1010.35,4,916,2011-12-09 11:34:00,2011-04-07 12:10:00,233,1,4,1010.35,252.5875,245,0.016260162601626018,1,1
14447,1163.23,5,571,2011-11-21 08:28:00,2011-03-04 10:49:00,54,19,5,1163.23,232.64600000000002,261,0.019083969465648856,1,1
14448,375.35,2,104,2011-11-30 13:50:00,2010-12-10 17:26:00,20,9,2,375.35,187.675,354,0.005633802816901409,0,0
14449,885.8,4,741,2011-11-21 12:06:00,2010-12-02 14:09:00,201,19,4,885.8,221.45,353,0.011299435028248588,1,0
14450,483.25,3,241,2011-06-12 10:46:00,2011-01-23 11:53:00,32,181,3,483.25,161.08333333333334,139,0.02142857142857143,0,0
14451,643.9,2,378,2011-10-10 13:38:00,2011-05-29 12:35:00,86,60,2,643.9,321.95,134,0.014814814814814815,0,0
14452,259.05,2,116,2011-11-29 12:06:00,2011-09-07 11:32:00,55,11,2,259.05,129.525,83,0.023809523809523808,0,0
14453,119.93,1,49,2011-06-02 14:15:00,2011-06-02 14:15:00,22,190,1,119.93,119.93,0,1.0,0,0
14456,3017.28,9,2885,2011-12-04 13:59:00,2011-07-20 13:06:00,580,5,9,3017.28,335.25333333333333,137,0.06521739130434782,1,1
14457,113.64,1,88,2011-02-02 09:39:00,2011-02-02 09:39:00,4,311,1,113.64,113.64,0,1.0,0,0
14459,1837.92,1,760,2011-07-07 13:35:00,2011-07-07 13:35:00,37,155,1,1837.92,1837.92,0,1.0,0,0
14460,434.34,3,881,2011-08-21 14:19:00,2011-02-02 11:55:00,14,110,3,434.34,144.78,200,0.014925373134328358,0,0
14461,2103.06,3,766,2011-07-14 17:11:00,2011-03-23 12:15:00,173,148,3,2103.06,701.02,113,0.02631578947368421,0,0
14462,1980.57,11,956,2011-10-04 15:55:00,2011-01-04 12:45:00,150,66,11,1980.57,180.05181818181816,273,0.040145985401459854,1,1
14463,529.62,3,179,2011-09-02 15:20:00,2011-05-18 14:42:00,6,98,3,529.62,176.54,107,0.027777777777777776,0,0
14465,1038.44,3,398,2011-04-07 12:38:00,2011-02-10 12:13:00,107,247,3,1038.44,346.1466666666667,56,0.05263157894736842,0,0
14466,2272.4,7,1006,2011-11-10 14:07:00,2010-12-02 13:36:00,35,29,7,2272.4,324.62857142857143,343,0.020348837209302327,1,0
14467,596.26,4,276,2011-11-22 12:48:00,2011-01-31 12:35:00,67,18,4,596.26,149.065,295,0.013513513513513514,1,0
14470,461.19,2,193,2011-11-28 10:31:00,2011-02-25 11:56:00,43,12,2,461.19,230.595,275,0.007246376811594203,0,0
14472,1852.67,8,1135,2011-08-28 11:01:00,2010-12-19 14:03:00,153,104,8,1852.67,231.58375,251,0.031746031746031744,1,0
14473,234.34000000000003,2,88,2011-09-26 15:10:00,2011-03-02 13:56:00,7,74,2,234.34000000000003,117.17000000000002,208,0.009569377990430622,0,0
14474,547.66,1,140,2011-10-24 13:26:00,2011-10-24 13:26:00,29,46,1,547.66,547.66,0,1.0,0,0
14475,925.85,3,447,2011-09-29 10:46:00,2011-02-08 10:12:00,35,72,3,925.85,308.6166666666667,233,0.01282051282051282,0,0
14476,193.0,1,110,2011-03-27 15:39:00,2011-03-27 15:39:00,17,257,1,193.0,193.0,0,1.0,0,0
14477,1309.6,4,720,2011-11-20 11:11:00,2011-02-15 15:44:00,7,20,4,1309.6,327.4,277,0.014388489208633094,1,1
14479,316.25,2,117,2011-03-31 09:07:00,2010-12-09 12:59:00,18,254,2,316.25,158.125,111,0.017857142857142856,0,0
14480,279.05,1,143,2011-11-28 16:35:00,2011-11-28 16:35:00,13,11,1,279.05,279.05,0,1.0,0,0
14481,636.51,2,489,2011-06-28 10:38:00,2011-02-25 13:53:00,25,165,2,636.51,318.255,122,0.016260162601626018,0,0
14482,2022.81,6,1627,2011-11-21 13:14:00,2011-04-14 16:41:00,110,18,6,2022.81,337.135,220,0.027149321266968326,1,1
14483,137.1,1,97,2011-03-03 10:26:00,2011-03-03 10:26:00,9,282,1,137.1,137.1,0,1.0,0,0
14484,321.92,1,210,2011-10-20 14:11:00,2011-10-20 14:11:00,14,50,1,321.92,321.92,0,1.0,0,0
14485,162.8,1,70,2011-11-01 12:25:00,2011-11-01 12:25:00,44,39,1,162.8,162.8,0,1.0,0,0
14487,1165.48,6,712,2011-11-13 12:17:00,2010-12-06 13:22:00,112,27,6,1165.48,194.24666666666667,341,0.017543859649122806,1,1
14488,1064.28,1,799,2011-10-03 09:30:00,2011-10-03 09:30:00,46,68,1,1064.28,1064.28,0,1.0,0,0
14489,463.38,1,299,2011-05-16 14:51:00,2011-05-16 14:51:00,30,207,1,463.38,463.38,0,1.0,0,0
14491,340.93,2,139,2011-06-17 15:22:00,2010-12-02 12:10:00,17,175,2,340.93,170.465,197,0.010101010101010102,0,0
14493,2383.2400000000002,5,1285,2011-12-02 16:14:00,2011-07-07 16:59:00,95,7,5,2383.2400000000002,476.648,147,0.033783783783783786,1,1
14494,139.56,1,92,2011-11-14 09:21:00,2011-11-14 09:21:00,7,26,1,139.56,139.56,0,1.0,0,0
14495,123.8,2,62,2011-10-20 12:28:00,2011-08-10 14:13:00,6,51,2,123.8,61.9,70,0.028169014084507043,0,0
14496,538.8100000000001,2,159,2011-02-01 09:01:00,2010-12-01 15:35:00,16,312,2,538.8100000000001,269.40500000000003,61,0.03225806451612903,0,0
14497,475.37,1,235,2011-02-03 17:01:00,2011-02-03 17:01:00,29,309,1,475.37,475.37,0,1.0,0,0
14498,1957.32,5,1098,2011-10-28 12:09:00,2010-12-13 11:29:00,162,43,5,1957.32,391.464,319,0.015625,1,0
14499,808.44,3,496,2011-11-13 13:01:00,2011-03-06 11:55:00,146,26,3,808.44,269.48,252,0.011857707509881422,1,0
14500,356.85,3,117,2011-09-12 16:45:00,2011-06-03 10:08:00,6,88,3,356.85,118.95,101,0.029411764705882353,0,0
14501,251.21,2,161,2011-06-09 12:02:00,2011-01-24 10:43:00,9,184,2,251.21,125.605,136,0.014598540145985401,0,0
14502,2429.83,11,1480,2011-11-20 11:50:00,2011-01-30 15:52:00,368,20,11,2429.83,220.89363636363635,293,0.03741496598639456,1,1
14503,3543.26,6,2004,2011-12-06 13:30:00,2011-06-14 10:00:00,113,3,6,3543.26,590.5433333333334,175,0.03409090909090909,1,1
14504,673.26,4,308,2011-10-23 16:00:00,2011-03-06 14:38:00,85,47,4,673.26,168.315,231,0.017241379310344827,0,0
14505,5859.43,8,2739,2011-11-22 15:45:00,2010-12-12 16:14:00,540,17,8,5859.43,732.42875,344,0.02318840579710145,1,1
14506,1960.65,5,704,2011-11-22 13:02:00,2010-12-05 14:25:00,204,17,5,1960.65,392.13,351,0.014204545454545454,1,1
14507,1367.88,6,594,2011-11-16 12:21:00,2011-03-08 17:23:00,79,24,6,1367.88,227.98000000000002,252,0.023715415019762844,1,1
14508,268.05,2,129,2011-11-17 19:48:00,2011-09-11 11:29:00,52,22,2,268.05,134.025,67,0.029411764705882353,0,0
14511,1314.81,5,784,2011-11-28 17:05:00,2011-07-29 12:13:00,53,11,5,1314.81,262.962,122,0.04065040650406504,1,1
14512,275.28,2,122,2011-06-05 12:39:00,2011-04-21 19:05:00,19,188,2,275.28,137.64,44,0.044444444444444446,0,0
14513,455.59000000000003,3,361,2011-08-31 11:25:00,2011-02-24 09:36:00,11,101,3,455.59000000000003,151.86333333333334,188,0.015873015873015872,0,0
14514,990.2,3,564,2011-10-09 16:05:00,2011-01-12 15:22:00,65,61,3,990.2,330.06666666666666,270,0.01107011070110701,0,0
14515,2076.89,6,1110,2011-11-22 11:37:00,2011-05-05 12:13:00,68,18,6,2076.89,346.1483333333333,200,0.029850746268656716,1,1
14517,330.45,2,91,2011-11-06 14:20:00,2011-07-21 11:42:00,17,33,2,330.45,165.225,108,0.01834862385321101,0,0
14518,174.37,1,278,2011-10-06 14:43:00,2011-10-06 14:43:00,16,64,1,174.37,174.37,0,1.0,0,0
14520,270.6,2,146,2011-12-08 09:46:00,2011-02-22 09:15:00,3,2,2,270.6,135.3,289,0.006896551724137931,1,1
14522,974.54,4,525,2011-11-15 13:24:00,2011-05-25 16:01:00,15,24,4,974.54,243.635,173,0.022988505747126436,1,1
14523,241.09,1,251,2011-08-23 13:13:00,2011-08-23 13:13:00,12,108,1,241.09,241.09,0,1.0,0,0
14524,1843.83,9,669,2011-11-08 12:29:00,2010-12-14 11:01:00,161,32,9,1843.83,204.87,329,0.02727272727272727,1,1
14525,4215.9,9,2637,2011-11-20 11:37:00,2010-12-13 17:40:00,217,20,9,4215.9,468.4333333333333,341,0.02631578947368421,1,1
14527,8507.13,55,2088,2011-12-07 12:19:00,2010-12-05 13:17:00,330,3,55,8507.13,154.6750909090909,366,0.14986376021798364,1,1
14528,364.21999999999997,1,278,2011-11-02 17:09:00,2011-11-02 17:09:00,18,37,1,364.21999999999997,364.21999999999997,0,1.0,0,0
14529,578.61,3,325,2011-10-10 15:27:00,2011-08-21 14:10:00,177,60,3,578.61,192.87,50,0.058823529411764705,0,0
14530,2862.11,6,1395,2011-11-14 10:38:00,2011-02-16 10:47:00,140,26,6,2862.11,477.0183333333334,270,0.02214022140221402,1,0
14532,932.85,4,284,2011-04-17 13:05:00,2010-12-22 13:48:00,45,236,4,932.85,233.2125,115,0.034482758620689655,0,0
14533,1949.72,7,4019,2011-11-15 12:05:00,2010-12-22 11:07:00,53,25,7,1949.72,278.5314285714286,328,0.02127659574468085,1,1
14534,4397.3,18,2027,2011-12-07 12:19:00,2011-01-25 12:33:00,331,3,18,4397.3,244.29444444444445,315,0.056962025316455694,1,1
14535,2854.84,3,1824,2011-10-10 15:39:00,2011-04-05 12:50:00,280,60,3,2854.84,951.6133333333333,188,0.015873015873015872,1,0
14536,170.95,1,39,2011-03-25 12:21:00,2011-03-25 12:21:00,18,260,1,170.95,170.95,0,1.0,0,0
14537,355.56,1,120,2011-10-13 10:54:00,2011-10-13 10:54:00,10,58,1,355.56,355.56,0,1.0,0,0
14538,388.25,2,155,2011-10-06 10:31:00,2011-03-28 14:57:00,19,65,2,388.25,194.125,191,0.010416666666666666,0,0
14539,537.48,2,428,2011-11-24 09:50:00,2011-10-26 12:03:00,31,16,2,537.48,268.74,28,0.06896551724137931,0,0
14540,952.66,3,411,2011-11-30 10:15:00,2011-02-03 15:02:00,64,10,3,952.66,317.55333333333334,299,0.01,1,1
14541,1453.35,8,641,2011-10-12 10:08:00,2011-01-24 14:16:00,71,59,8,1453.35,181.66875,260,0.03065134099616858,1,0
14542,103.25,1,19,2011-06-07 08:19:00,2011-06-07 08:19:00,5,186,1,103.25,103.25,0,1.0,0,0
14543,3599.73,16,675,2011-11-11 12:45:00,2010-12-10 11:51:00,43,29,16,3599.73,224.983125,336,0.04747774480712166,1,1
14544,2004.3,2,1536,2011-11-15 15:06:00,2010-12-13 12:50:00,97,24,2,2004.3,1002.15,337,0.005917159763313609,1,0
14546,2573.93,5,1313,2011-12-04 13:00:00,2011-04-05 12:37:00,250,5,5,2573.93,514.786,243,0.020491803278688523,1,1
14547,3974.75,8,2639,2011-12-06 11:06:00,2011-10-16 14:35:00,198,4,8,3974.75,496.84375,50,0.1568627450980392,1,1
14548,652.8,2,256,2011-07-12 12:19:00,2011-01-26 08:38:00,2,151,2,652.8,326.4,167,0.011904761904761904,0,0
14549,289.24,1,136,2011-02-01 13:47:00,2011-02-01 13:47:00,56,311,1,289.24,289.24,0,1.0,0,0
14550,757.37,2,389,2011-11-29 12:12:00,2011-10-26 12:14:00,38,11,2,757.37,378.685,33,0.058823529411764705,1,1
14551,186.23,2,106,2011-11-21 13:36:00,2011-05-19 18:21:00,9,18,2,186.23,93.115,185,0.010752688172043012,0,0
14552,164.22,1,90,2011-07-11 12:49:00,2011-07-11 12:49:00,57,152,1,164.22,164.22,0,1.0,0,0
14553,859.27,5,493,2011-11-20 13:20:00,2011-01-04 15:40:00,103,19,5,859.27,171.85399999999998,319,0.015625,1,1
14554,2279.4900000000002,4,1443,2011-11-29 16:44:00,2011-10-18 13:04:00,147,10,4,2279.4900000000002,569.8725000000001,42,0.09302325581395349,1,1
14555,312.54,2,122,2011-10-13 16:24:00,2011-02-10 17:19:00,18,57,2,312.54,156.27,244,0.00816326530612245,0,0
14557,788.38,1,510,2011-09-15 15:48:00,2011-09-15 15:48:00,16,85,1,788.38,788.38,0,1.0,0,0
14560,2237.77,22,1260,2011-12-02 15:22:00,2010-12-17 09:22:00,39,7,22,2237.77,101.71681818181818,350,0.06267806267806268,1,1
14561,1080.76,3,1014,2011-09-25 12:39:00,2011-06-08 13:26:00,67,76,3,1080.76,360.25333333333333,108,0.027522935779816515,0,0
14562,5006.77,18,1815,2011-12-06 11:05:00,2011-02-08 14:45:00,187,4,18,5006.77,278.1538888888889,300,0.059800664451827246,1,1
14565,3099.12,4,1540,2011-09-05 09:07:00,2010-12-13 13:25:00,111,96,4,3099.12,774.78,265,0.015037593984962405,1,0
14566,1432.0,1,800,2011-08-21 11:05:00,2011-08-21 11:05:00,4,111,1,1432.0,1432.0,0,1.0,0,0
14567,1530.3600000000001,2,412,2011-10-14 10:21:00,2011-08-01 13:48:00,33,57,2,1530.3600000000001,765.1800000000001,73,0.02702702702702703,0,0
14569,227.39,1,79,2011-12-08 14:58:00,2011-12-08 14:58:00,10,1,1,227.39,227.39,0,1.0,0,1
14570,218.06,2,95,2011-03-04 10:58:00,2011-03-04 10:39:00,29,281,2,218.06,109.03,0,2.0,0,0
14572,2804.54,7,1420,2011-12-06 14:40:00,2011-01-19 17:23:00,190,3,7,2804.54,400.6485714285714,320,0.021806853582554516,1,1
14573,1639.82,9,534,2011-06-13 11:15:00,2010-12-02 19:59:00,127,180,9,1639.82,182.20222222222222,192,0.046632124352331605,1,0
14576,35.400000000000006,1,12,2010-12-02 17:51:00,2010-12-02 17:51:00,1,372,1,35.400000000000006,35.400000000000006,0,1.0,0,0
14577,859.71,4,353,2011-11-27 12:47:00,2010-12-12 11:26:00,86,13,4,859.71,214.9275,350,0.011396011396011397,1,1
14578,168.63,1,240,2011-12-06 17:18:00,2011-12-06 17:18:00,24,3,1,168.63,168.63,0,1.0,0,1
14581,138.6,1,217,2011-11-23 12:39:00,2011-11-23 12:39:00,16,17,1,138.6,138.6,0,1.0,0,0
14582,114.11,1,73,2011-10-30 11:56:00,2011-10-30 11:56:00,6,41,1,114.11,114.11,0,1.0,0,0
14583,986.96,5,751,2011-12-04 12:32:00,2011-05-18 11:28:00,243,6,5,986.96,197.392,200,0.024875621890547265,1,1
14584,1033.06,4,381,2011-06-23 18:33:00,2011-05-25 17:31:00,68,169,4,1033.06,258.265,29,0.13333333333333333,0,0
14585,157.05,1,91,2011-10-20 14:33:00,2011-10-20 14:33:00,29,50,1,157.05,157.05,0,1.0,0,0
14586,237.36,1,444,2011-03-08 10:04:00,2011-03-08 10:04:00,19,277,1,237.36,237.36,0,1.0,0,0
14587,1580.29,9,749,2011-11-21 11:34:00,2011-01-12 13:16:00,170,19,9,1580.29,175.58777777777777,312,0.02875399361022364,1,1
14589,39.75,1,5,2010-12-03 11:42:00,2010-12-03 11:42:00,3,372,1,39.75,39.75,0,1.0,0,0
14591,1320.21,4,1228,2011-11-24 13:57:00,2011-05-10 14:09:00,138,15,4,1320.21,330.0525,197,0.020202020202020204,1,1
14592,557.94,3,407,2011-11-04 16:35:00,2011-10-06 18:08:00,132,35,3,557.94,185.98000000000002,28,0.10344827586206896,0,0
14593,617.15,3,330,2011-11-18 12:48:00,2011-05-25 11:14:00,127,22,3,617.15,205.71666666666667,177,0.016853932584269662,0,0
14594,363.33,2,183,2011-12-02 13:28:00,2010-12-01 13:54:00,48,7,2,363.33,181.665,365,0.00546448087431694,0,0
14595,1740.6,6,978,2011-11-20 12:12:00,2011-01-30 13:36:00,94,20,6,1740.6,290.09999999999997,293,0.02040816326530612,1,1
14597,866.24,2,566,2011-11-28 13:13:00,2011-06-01 12:33:00,45,11,2,866.24,433.12,180,0.011049723756906077,1,1
14598,221.97,1,189,2011-10-26 13:19:00,2011-10-26 13:19:00,49,44,1,221.97,221.97,0,1.0,0,0
14600,393.33000000000004,1,125,2011-02-07 09:48:00,2011-02-07 09:48:00,25,306,1,393.33000000000004,393.33000000000004,0,1.0,0,0
14601,213.96,1,168,2011-11-29 09:48:00,2011-11-29 09:48:00,7,11,1,213.96,213.96,0,1.0,0,0
14603,660.0,1,400,2011-03-10 10:27:00,2011-03-10 10:27:00,2,275,1,660.0,660.0,0,1.0,0,0
14606,12076.15,93,6187,2011-12-08 19:28:00,2010-12-01 16:57:00,819,1,93,12076.15,129.8510752688172,372,0.24932975871313673,1,1
14607,16209.5,14,11526,2011-11-24 10:35:00,2011-03-23 15:22:00,38,16,14,16209.5,1157.8214285714287,245,0.056910569105691054,1,1
14608,1785.15,4,437,2011-12-05 16:52:00,2010-12-12 14:49:00,8,4,4,1785.15,446.2875,358,0.011142061281337047,1,1
14609,601.56,4,7026,2011-09-28 12:54:00,2011-02-16 12:10:00,2,72,4,601.56,150.39,224,0.017777777777777778,0,0
14616,406.08000000000004,3,104,2011-04-11 09:54:00,2011-01-26 12:42:00,2,243,3,406.08000000000004,135.36,74,0.04,0,0
14618,553.44,3,264,2011-11-30 13:45:00,2011-01-06 11:59:00,10,9,3,553.44,184.48000000000002,328,0.00911854103343465,1,1
14619,394.44,1,152,2011-04-08 07:37:00,2011-04-08 07:37:00,20,246,1,394.44,394.44,0,1.0,0,0
14620,412.78000000000003,2,214,2011-05-18 11:58:00,2011-03-01 08:30:00,26,206,2,412.78000000000003,206.39000000000001,78,0.02531645569620253,0,0
14621,1788.3600000000001,5,993,2011-12-08 16:22:00,2010-12-16 13:00:00,80,1,5,1788.3600000000001,357.672,357,0.013966480446927373,1,1
14622,320.58000000000004,1,146,2011-06-08 12:42:00,2011-06-08 12:42:00,21,185,1,320.58000000000004,320.58000000000004,0,1.0,0,0
14623,886.7,5,418,2011-11-07 13:56:00,2011-04-18 13:54:00,108,32,5,886.7,177.34,203,0.024509803921568627,1,0
14624,225.85,2,162,2011-10-13 13:44:00,2011-10-11 14:39:00,13,57,2,225.85,112.925,1,1.0,0,0
14625,899.63,2,335,2011-05-27 15:32:00,2010-12-13 15:36:00,51,196,2,899.63,449.815,164,0.012121212121212121,0,0
14626,2791.27,4,1403,2011-11-16 10:37:00,2011-04-20 13:18:00,108,24,4,2791.27,697.8175,209,0.01904761904761905,1,0
14628,671.96,2,272,2011-09-09 14:58:00,2011-04-11 14:43:00,22,91,2,671.96,335.98,151,0.013157894736842105,0,0
14629,955.26,2,378,2011-12-05 16:55:00,2011-10-23 16:13:00,133,4,2,955.26,477.63,43,0.045454545454545456,1,1
14631,1006.98,3,622,2011-10-20 11:17:00,2011-02-14 09:31:00,38,51,3,1006.98,335.66,248,0.012048192771084338,0,0
14632,114.56,1,96,2011-03-22 08:49:00,2011-03-22 08:49:00,8,263,1,114.56,114.56,0,1.0,0,0
14633,344.90000000000003,1,96,2011-03-18 17:07:00,2011-03-18 17:07:00,20,266,1,344.90000000000003,344.90000000000003,0,1.0,0,0
14636,609.85,2,241,2011-11-03 16:12:00,2011-03-16 09:52:00,27,36,2,609.85,304.925,232,0.008583690987124463,0,0
14638,443.6,1,166,2011-10-20 10:10:00,2011-10-20 10:10:00,16,51,1,443.6,443.6,0,1.0,0,0
14639,2984.49,6,1431,2011-10-18 15:06:00,2010-12-13 13:50:00,138,52,6,2984.49,497.41499999999996,309,0.01935483870967742,1,0
14640,2107.38,6,880,2011-11-15 13:07:00,2011-04-26 12:31:00,87,24,6,2107.38,351.23,203,0.029411764705882353,1,0
14641,110.46,1,90,2011-11-18 10:42:00,2011-11-18 10:42:00,7,22,1,110.46,110.46,0,1.0,0,0
14642,96.12,1,76,2011-10-12 11:08:00,2011-10-12 11:08:00,2,59,1,96.12,96.12,0,1.0,0,0
14643,693.8100000000001,2,815,2011-06-22 14:41:00,2010-12-16 17:53:00,30,170,2,693.8100000000001,346.90500000000003,187,0.010638297872340425,0,0
14644,830.76,2,258,2011-10-03 08:30:00,2011-02-14 14:14:00,26,68,2,830.76,415.38,230,0.008658008658008658,0,0
14645,597.09,2,381,2011-07-06 09:15:00,2011-03-09 09:52:00,28,157,2,597.09,298.545,118,0.01680672268907563,0,0
14646,280206.02,73,196915,2011-12-08 12:12:00,2010-12-20 10:09:00,700,2,73,280206.02,3838.4386301369864,353,0.2062146892655367,1,1
14647,236.04000000000002,1,91,2011-05-22 13:40:00,2011-05-22 13:40:00,24,201,1,236.04000000000002,236.04000000000002,0,1.0,0,0
14649,1402.59,4,1004,2011-12-05 12:30:00,2011-05-11 14:37:00,148,5,4,1402.59,350.6475,207,0.019230769230769232,1,1
14651,653.75,2,343,2011-10-03 15:52:00,2011-05-12 16:29:00,95,67,2,653.75,326.875,143,0.013888888888888888,0,0
14652,114.18,1,53,2011-09-23 14:21:00,2011-09-23 14:21:00,29,77,1,114.18,114.18,0,1.0,0,0
14653,1926.65,7,945,2011-12-08 13:45:00,2011-01-05 13:40:00,154,1,7,1926.65,275.2357142857143,337,0.020710059171597635,1,1
14655,1932.23,4,1089,2011-12-01 16:28:00,2011-05-01 14:59:00,35,8,4,1932.23,483.0575,214,0.018604651162790697,1,1
14656,291.05,2,120,2011-06-23 13:51:00,2011-03-01 13:19:00,73,169,2,291.05,145.525,114,0.017391304347826087,0,0
14657,848.22,4,466,2011-11-22 12:47:00,2011-01-17 15:19:00,103,18,4,848.22,212.055,308,0.012944983818770227,1,0
14658,247.15,2,47,2011-12-04 15:35:00,2011-08-14 15:42:00,27,5,2,247.15,123.575,111,0.017857142857142856,0,1
14659,2529.93,9,1195,2011-12-01 12:17:00,2011-01-28 12:43:00,147,9,9,2529.93,281.1033333333333,306,0.029315960912052116,1,1
14660,285.74,2,228,2011-09-14 11:34:00,2011-08-31 10:40:00,24,87,2,285.74,142.87,14,0.13333333333333333,0,0
14661,107.95,1,35,2011-11-13 11:51:00,2011-11-13 11:51:00,4,27,1,107.95,107.95,0,1.0,0,0
14662,741.37,4,578,2011-11-11 12:13:00,2011-01-27 17:41:00,143,29,4,741.37,185.3425,287,0.013888888888888888,1,0
14664,636.24,2,465,2011-11-20 10:59:00,2011-11-06 14:56:00,78,20,2,636.24,318.12,13,0.14285714285714285,0,0
14665,1835.7,5,740,2011-10-10 09:14:00,2011-02-02 09:08:00,63,61,5,1835.7,367.14,250,0.0199203187250996,1,0
14666,195.25,1,161,2011-11-15 12:57:00,2011-11-15 12:57:00,14,24,1,195.25,195.25,0,1.0,0,0
14667,9175.04,25,5319,2011-11-29 11:30:00,2010-12-06 13:13:00,354,11,25,9175.04,367.00160000000005,357,0.06983240223463687,1,1
14669,1259.24,3,770,2011-04-12 11:43:00,2011-01-11 12:30:00,158,242,3,1259.24,419.74666666666667,90,0.03296703296703297,0,0
14670,392.86,2,326,2011-03-04 14:13:00,2011-03-04 13:58:00,107,280,2,392.86,196.43,0,2.0,0,0
14672,765.55,2,454,2011-04-19 10:19:00,2011-01-07 15:48:00,58,235,2,765.55,382.775,101,0.0196078431372549,0,0
14673,1736.4,5,1004,2011-12-06 14:31:00,2010-12-07 12:49:00,39,3,5,1736.4,347.28000000000003,364,0.0136986301369863,1,1
14675,596.36,1,336,2011-11-23 12:58:00,2011-11-23 12:58:00,93,16,1,596.36,596.36,0,1.0,0,0
14676,2548.2400000000002,6,2500,2011-11-08 13:29:00,2011-03-01 14:26:00,29,31,6,2548.2400000000002,424.7066666666667,251,0.023809523809523808,1,0
14680,28754.11,16,13476,2011-11-14 16:59:00,2010-12-03 12:05:00,73,25,16,28754.11,1797.131875,346,0.04610951008645533,1,1
14681,498.95,3,76,2011-09-29 15:52:00,2011-05-12 10:45:00,6,71,3,498.95,166.31666666666666,140,0.02127659574468085,0,0
14682,52.0,2,80,2011-06-05 12:12:00,2011-05-22 12:51:00,1,188,2,52.0,26.0,13,0.14285714285714285,0,0
14684,1201.51,5,821,2011-11-14 11:33:00,2010-12-12 12:44:00,231,26,5,1201.51,240.302,336,0.01483679525222552,1,1
14687,628.38,1,470,2011-08-25 11:59:00,2011-08-25 11:59:00,15,107,1,628.38,628.38,0,1.0,0,0
14688,5579.1,21,3584,2011-12-02 12:26:00,2010-12-01 09:37:00,148,8,21,5579.1,265.6714285714286,366,0.05722070844686648,1,1
14689,112.8,1,76,2011-05-15 11:22:00,2011-05-15 11:22:00,13,209,1,112.8,112.8,0,1.0,0,0
14690,355.05,2,167,2011-10-26 15:39:00,2011-07-11 11:58:00,40,44,2,355.05,177.525,107,0.018518518518518517,0,0
14691,2114.33,5,707,2011-11-09 12:30:00,2011-05-11 09:55:00,50,31,5,2114.33,422.866,182,0.0273224043715847,1,0
14692,591.55,4,265,2011-07-25 15:08:00,2011-01-21 13:47:00,53,137,4,591.55,147.8875,185,0.021505376344086023,0,0
14693,172.9,1,34,2011-03-20 12:50:00,2011-03-20 12:50:00,8,265,1,172.9,172.9,0,1.0,0,0
14696,2078.95,7,1630,2011-12-05 13:43:00,2010-12-01 15:37:00,117,4,7,2078.95,296.99285714285713,368,0.018970189701897018,1,1
14697,188.60999999999999,2,181,2011-05-05 15:39:00,2011-05-05 15:29:00,22,218,2,188.60999999999999,94.30499999999999,0,2.0,0,0
14698,1217.27,5,602,2011-12-08 12:26:00,2011-10-19 12:54:00,148,2,5,1217.27,243.454,49,0.1,1,1
14699,109.13000000000001,1,77,2011-05-09 14:54:00,2011-05-09 14:54:00,8,214,1,109.13000000000001,109.13000000000001,0,1.0,0,0
14700,2195.1,3,1314,2011-11-07 14:40:00,2011-04-15 13:16:00,80,32,3,2195.1,731.6999999999999,206,0.014492753623188406,1,0
14701,2526.09,9,921,2011-11-29 12:38:00,2011-01-27 12:40:00,268,11,9,2526.09,280.6766666666667,305,0.029411764705882353,1,1
14702,3251.79,17,1439,2011-12-08 19:29:00,2010-12-09 19:23:00,196,1,17,3251.79,191.28176470588235,364,0.04657534246575343,1,1
14703,318.17,1,183,2011-11-25 09:23:00,2011-11-25 09:23:00,22,15,1,318.17,318.17,0,1.0,0,0
14704,1493.96,9,1043,2011-11-28 12:51:00,2011-06-12 13:59:00,288,11,9,1493.96,165.99555555555557,168,0.05325443786982249,1,1
14705,179.0,1,100,2011-05-25 12:39:00,2011-05-25 12:39:00,1,199,1,179.0,179.0,0,1.0,0,0
14708,1126.37,3,621,2011-12-07 08:21:00,2010-12-06 12:23:00,25,3,3,1126.37,375.45666666666665,365,0.00819672131147541,1,1
14709,4921.04,13,2484,2011-11-24 15:41:00,2010-12-16 13:43:00,71,15,13,4921.04,378.54153846153844,343,0.0377906976744186,1,1
14710,599.48,4,375,2011-11-25 14:53:00,2011-10-11 13:49:00,124,14,4,599.48,149.87,45,0.08695652173913043,1,1
14711,2839.62,11,966,2011-11-29 14:58:00,2011-03-22 13:32:00,221,10,11,2839.62,258.1472727272727,252,0.043478260869565216,1,1
14712,917.07,3,315,2011-11-10 12:59:00,2011-08-19 13:33:00,21,29,3,917.07,305.69,82,0.03614457831325301,1,0
14713,2662.2,11,1613,2011-11-30 16:26:00,2010-12-09 18:58:00,146,9,11,2662.2,242.0181818181818,355,0.03089887640449438,1,1
14714,160.19,1,229,2011-11-15 13:07:00,2011-11-15 13:07:00,10,24,1,160.19,160.19,0,1.0,0,0
14715,867.38,4,521,2011-11-15 12:10:00,2011-01-12 13:27:00,60,25,4,867.38,216.845,306,0.013029315960912053,1,0
14716,307.51,2,495,2011-10-27 17:29:00,2011-07-14 12:42:00,46,43,2,307.51,153.755,105,0.018867924528301886,0,0
14719,1581.84,5,1025,2011-12-08 12:43:00,2011-04-04 14:17:00,177,2,5,1581.84,316.368,247,0.020161290322580645,1,1
14720,663.81,3,219,2011-12-04 12:02:00,2011-08-05 12:06:00,34,6,3,663.81,221.26999999999998,120,0.024793388429752067,1,1
14722,180.42000000000002,1,118,2011-07-15 14:58:00,2011-07-15 14:58:00,28,147,1,180.42000000000002,180.42000000000002,0,1.0,0,0
14723,1122.3600000000001,6,673,2011-11-29 15:23:00,2010-12-03 14:18:00,193,10,6,1122.3600000000001,187.06000000000003,361,0.016574585635359115,1,1
14725,655.58,1,588,2011-11-15 12:42:00,2011-11-15 12:42:00,45,25,1,655.58,655.58,0,1.0,0,0
14727,268.58,1,62,2011-03-10 14:45:00,2011-03-10 14:45:00,10,274,1,268.58,268.58,0,1.0,0,0
14729,313.49,1,197,2010-12-01 12:43:00,2010-12-01 12:43:00,69,374,1,313.49,313.49,0,1.0,0,0
14730,1897.57,8,1078,2011-12-08 14:39:00,2011-03-08 12:49:00,317,1,8,1897.57,237.19625,275,0.028985507246376812,1,1
14731,380.02,3,256,2011-10-23 15:54:00,2011-05-11 13:06:00,38,47,3,380.02,126.67333333333333,165,0.018072289156626505,0,0
14732,2702.4900000000002,8,1405,2011-12-01 14:34:00,2011-01-04 14:40:00,105,8,8,2702.4900000000002,337.81125000000003,330,0.02416918429003021,1,1
14733,9585.91,12,3764,2011-11-23 15:39:00,2010-12-07 11:30:00,102,16,12,9585.91,798.8258333333333,351,0.03409090909090909,1,1
14735,6065.69,32,2264,2011-12-06 12:09:00,2010-12-16 16:05:00,99,4,32,6065.69,189.5528125,354,0.09014084507042254,1,1
14737,1164.55,3,345,2011-12-06 10:16:00,2010-12-21 13:49:00,15,4,3,1164.55,388.18333333333334,349,0.008571428571428572,1,1
14738,1314.45,7,601,2011-10-28 08:56:00,2011-01-27 14:10:00,39,43,7,1314.45,187.77857142857144,273,0.025547445255474453,1,0
14739,3902.28,7,3820,2011-12-05 16:54:00,2010-12-07 14:58:00,47,4,7,3902.28,557.4685714285714,363,0.019230769230769232,1,1
14740,1448.21,3,735,2011-05-26 18:17:00,2011-03-01 08:35:00,85,197,3,1448.21,482.7366666666667,86,0.034482758620689655,0,0
14741,1400.34,6,841,2011-11-28 08:48:00,2010-12-02 08:43:00,35,12,6,1400.34,233.39,361,0.016574585635359115,1,1
14744,1099.98,7,627,2011-11-23 12:51:00,2010-12-08 10:21:00,21,16,7,1099.98,157.14000000000001,350,0.019943019943019943,1,1
14745,1220.26,5,1038,2011-08-19 10:05:00,2011-02-27 15:25:00,46,113,5,1220.26,244.052,172,0.028901734104046242,1,0
14747,328.2,1,84,2011-04-04 14:09:00,2011-04-04 14:09:00,18,249,1,328.2,328.2,0,1.0,0,0
14748,1415.75,5,1223,2011-11-10 18:33:00,2010-12-06 10:19:00,87,29,5,1415.75,283.15,339,0.014705882352941176,1,1
14752,389.64,1,260,2011-10-27 11:55:00,2011-10-27 11:55:00,5,44,1,389.64,389.64,0,1.0,0,0
14753,563.15,1,211,2011-09-13 14:50:00,2011-09-13 14:50:00,30,87,1,563.15,563.15,0,1.0,0,0
14754,638.05,2,486,2011-10-26 12:01:00,2011-02-17 12:21:00,38,45,2,638.05,319.025,250,0.00796812749003984,0,0
14755,5010.28,11,2219,2011-11-30 11:24:00,2011-01-09 14:02:00,128,10,11,5010.28,455.47999999999996,324,0.033846153846153845,1,1
14756,738.96,1,416,2011-11-24 18:13:00,2011-11-24 18:13:00,38,15,1,738.96,738.96,0,1.0,0,0
14757,420.5,1,160,2011-09-25 14:36:00,2011-09-25 14:36:00,19,75,1,420.5,420.5,0,1.0,0,0
14758,1484.06,4,419,2011-07-18 08:21:00,2011-03-25 12:10:00,54,145,4,1484.06,371.015,114,0.034782608695652174,0,0
14759,1625.97,3,569,2011-12-05 12:03:00,2011-04-21 10:55:00,92,5,3,1625.97,541.99,228,0.013100436681222707,1,1
14760,89.2,1,40,2011-02-15 16:27:00,2011-02-15 16:27:00,5,297,1,89.2,89.2,0,1.0,0,0
14761,255.9,2,118,2011-10-12 12:10:00,2011-01-09 12:03:00,11,59,2,255.9,127.95,276,0.007220216606498195,0,0
14762,300.52,1,341,2011-03-21 08:20:00,2011-03-21 08:20:00,21,264,1,300.52,300.52,0,1.0,0,0
14764,278.3,1,190,2011-10-24 11:54:00,2011-10-24 11:54:00,6,47,1,278.3,278.3,0,1.0,0,0
14765,254.11,3,135,2011-11-10 19:53:00,2011-06-16 19:49:00,38,29,3,254.11,84.70333333333333,147,0.02027027027027027,0,0
14766,2473.37,6,1349,2011-12-01 16:05:00,2010-12-08 15:33:00,111,8,6,2473.37,412.2283333333333,358,0.016713091922005572,1,1
14768,192.60000000000002,2,52,2011-11-22 12:54:00,2011-08-04 13:25:00,4,17,2,192.60000000000002,96.30000000000001,109,0.01818181818181818,0,0
14769,10416.98,8,7239,2011-12-07 10:24:00,2010-12-17 11:40:00,718,3,8,10416.98,1302.1225,354,0.022535211267605635,1,1
14770,876.42,2,490,2011-04-21 14:21:00,2011-01-20 15:00:00,49,232,2,876.42,438.21,90,0.02197802197802198,0,0
14772,139.26,1,82,2011-08-19 15:04:00,2011-08-19 15:04:00,9,112,1,139.26,139.26,0,1.0,0,0
14775,1011.9,3,1174,2011-10-12 15:27:00,2010-12-02 16:38:00,57,58,3,1011.9,337.3,313,0.009554140127388535,0,0
14776,2538.3,11,3134,2011-10-19 15:34:00,2011-01-31 13:17:00,44,51,11,2538.3,230.75454545454548,261,0.04198473282442748,1,1
14778,730.86,2,306,2011-08-04 15:23:00,2011-02-04 11:43:00,34,127,2,730.86,365.43,181,0.01098901098901099,0,0
14779,386.15,3,84,2011-03-04 12:42:00,2011-01-20 12:04:00,40,281,3,386.15,128.71666666666667,43,0.06818181818181818,0,0
14780,447.68,2,310,2011-10-16 12:46:00,2011-09-21 15:15:00,26,55,2,447.68,223.84,24,0.08,0,0
14782,200.10000000000002,1,114,2011-01-24 11:12:00,2011-01-24 11:12:00,6,320,1,200.10000000000002,200.10000000000002,0,1.0,0,0
14784,289.99,2,237,2011-11-13 13:30:00,2011-01-20 09:25:00,15,26,2,289.99,144.995,297,0.006711409395973154,0,0
14785,77.4,2,84,2011-11-29 13:21:00,2011-11-24 13:40:00,2,10,2,77.4,38.7,4,0.4,0,0
14788,679.4399999999999,2,421,2011-12-02 17:06:00,2011-11-13 15:52:00,26,7,2,679.4399999999999,339.71999999999997,19,0.1,1,1
14789,197.64,1,116,2011-11-11 08:59:00,2011-11-11 08:59:00,6,29,1,197.64,197.64,0,1.0,0,0
14790,745.06,4,699,2011-11-23 09:28:00,2011-03-31 11:49:00,30,17,4,745.06,186.265,236,0.016877637130801686,1,0
14792,6.2,1,2,2011-10-07 09:19:00,2011-10-07 09:19:00,2,64,1,6.2,6.2,0,1.0,0,0
14793,228.99,1,91,2011-11-18 14:50:00,2011-11-18 14:50:00,14,21,1,228.99,228.99,0,1.0,0,0
14794,1319.91,7,673,2011-12-07 10:11:00,2011-01-09 16:11:00,68,3,7,1319.91,188.55857142857144,331,0.02108433734939759,1,1
14795,131.45000000000002,1,17,2011-06-26 13:04:00,2011-06-26 13:04:00,6,166,1,131.45000000000002,131.45000000000002,0,1.0,0,0
14796,7975.49,17,5995,2011-12-08 15:31:00,2010-12-08 10:40:00,403,1,17,7975.49,469.1464705882353,365,0.04644808743169399,1,1
14798,173.74,3,150,2011-10-18 10:58:00,2011-02-02 15:26:00,11,53,3,173.74,57.913333333333334,257,0.011627906976744186,0,0
14799,157.7,1,146,2011-10-19 16:16:00,2011-10-19 16:16:00,13,51,1,157.7,157.7,0,1.0,0,0
14800,4331.79,12,3644,2011-10-23 12:46:00,2010-12-05 11:10:00,246,48,12,4331.79,360.9825,322,0.03715170278637771,1,0
14801,189.34,1,173,2011-10-09 15:24:00,2011-10-09 15:24:00,56,61,1,189.34,189.34,0,1.0,0,0
14803,845.55,3,370,2011-06-30 13:58:00,2011-02-20 13:21:00,35,162,3,845.55,281.84999999999997,130,0.022900763358778626,0,0
14804,353.27,1,121,2011-12-01 11:20:00,2011-12-01 11:20:00,12,9,1,353.27,353.27,0,1.0,0,0
14805,546.4,4,114,2011-11-24 16:20:00,2011-01-30 10:43:00,30,15,4,546.4,136.6,298,0.013377926421404682,1,1
14806,193.39000000000001,1,330,2011-09-25 15:32:00,2011-09-25 15:32:00,11,75,1,193.39000000000001,193.39000000000001,0,1.0,0,0
14808,2718.6,8,2120,2011-10-31 12:21:00,2011-06-20 12:53:00,176,40,8,2718.6,339.825,132,0.06015037593984962,1,0
14810,2085.33,11,1015,2011-10-30 11:19:00,2010-12-05 12:08:00,106,41,11,2085.33,189.57545454545453,328,0.03343465045592705,1,1
14813,152.88,2,66,2010-12-05 11:57:00,2010-12-05 11:54:00,25,370,2,152.88,76.44,0,2.0,0,0
14815,778.5,2,744,2011-11-03 11:36:00,2011-10-03 11:36:00,53,37,2,778.5,389.25,31,0.0625,0,0
14816,271.85,1,5,2011-05-26 13:16:00,2011-05-26 13:16:00,4,197,1,271.85,271.85,0,1.0,0,0
14817,1110.34,2,655,2011-05-23 13:35:00,2011-03-07 13:51:00,52,200,2,1110.34,555.17,76,0.025974025974025976,0,0
14818,657.8,3,324,2011-09-27 11:01:00,2011-03-31 12:28:00,41,74,3,657.8,219.26666666666665,179,0.016666666666666666,0,0
14819,272.07,2,109,2011-10-06 13:41:00,2011-05-31 13:50:00,13,64,2,272.07,136.035,127,0.015625,0,0
14820,507.29,4,253,2011-11-18 15:41:00,2011-06-19 14:56:00,24,21,4,507.29,126.8225,152,0.026143790849673203,1,0
14821,48.800000000000004,1,20,2010-12-08 08:43:00,2010-12-08 08:43:00,2,367,1,48.800000000000004,48.800000000000004,0,1.0,0,0
14823,321.43,3,88,2011-06-12 13:12:00,2011-05-29 12:48:00,56,180,3,321.43,107.14333333333333,14,0.2,0,0
14824,1127.71,4,525,2011-11-29 14:20:00,2011-09-09 14:12:00,19,10,4,1127.71,281.9275,81,0.04878048780487805,1,1
14825,2221.01,12,989,2011-12-06 11:38:00,2010-12-06 12:30:00,82,4,12,2221.01,185.08416666666668,364,0.03287671232876712,1,1
14828,2139.76,3,2172,2011-05-27 10:16:00,2011-01-07 09:50:00,17,197,3,2139.76,713.2533333333334,140,0.02127659574468085,0,0
14829,697.55,4,452,2011-11-10 16:16:00,2010-12-02 16:12:00,39,29,4,697.55,174.3875,343,0.011627906976744186,1,0
14830,188.88,1,164,2011-10-17 14:29:00,2011-10-17 14:29:00,39,53,1,188.88,188.88,0,1.0,0,0
14834,1720.3,6,734,2011-11-22 10:30:00,2011-04-13 15:00:00,43,18,6,1720.3,286.71666666666664,222,0.026905829596412557,1,1
14836,102.44999999999999,3,45,2011-11-29 16:45:00,2011-11-09 13:26:00,5,10,3,102.44999999999999,34.15,20,0.14285714285714285,0,0
14837,1649.5,4,1436,2011-09-11 10:58:00,2011-05-22 12:49:00,96,90,4,1649.5,412.375,111,0.03571428571428571,1,0
14840,62.85,1,31,2011-03-17 12:00:00,2011-03-17 12:00:00,4,268,1,62.85,62.85,0,1.0,0,0
14841,3295.76,6,1778,2011-10-17 15:03:00,2010-12-16 10:28:00,103,53,6,3295.76,549.2933333333334,305,0.0196078431372549,1,0
14842,2824.69,4,1166,2011-10-27 12:37:00,2011-02-04 15:32:00,128,44,4,2824.69,706.1725,264,0.01509433962264151,1,0
14844,3189.81,4,1833,2011-10-07 10:41:00,2011-04-12 13:10:00,87,64,4,3189.81,797.4525,177,0.02247191011235955,1,0
14847,309.4,1,120,2011-07-14 10:52:00,2011-07-14 10:52:00,13,149,1,309.4,309.4,0,1.0,0,0
14849,7930.54,25,5694,2011-11-18 10:58:00,2010-12-01 12:22:00,159,22,25,7930.54,317.2216,351,0.07102272727272728,1,1
14850,325.75,1,293,2011-02-01 11:21:00,2011-02-01 11:21:00,21,312,1,325.75,325.75,0,1.0,0,0
14851,511.35,2,325,2011-11-16 14:20:00,2011-03-28 14:59:00,28,23,2,511.35,255.675,232,0.008583690987124463,0,0
14852,2836.69,6,1747,2011-10-12 13:20:00,2011-04-01 13:22:00,96,58,6,2836.69,472.7816666666667,193,0.030927835051546393,1,0
14853,475.8,2,82,2011-11-15 16:56:00,2011-05-12 15:17:00,8,24,2,475.8,237.9,187,0.010638297872340425,0,0
14854,2740.03,7,1820,2011-09-22 17:00:00,2011-03-10 12:22:00,110,78,7,2740.03,391.4328571428572,196,0.03553299492385787,1,0
14855,645.65,2,267,2011-08-12 14:02:00,2011-07-28 12:06:00,13,119,2,645.65,322.825,15,0.125,0,0
14856,1290.53,3,711,2011-11-03 14:53:00,2011-10-14 09:35:00,65,36,3,1290.53,430.1766666666667,20,0.14285714285714285,1,0
14857,1173.12,2,464,2011-10-11 09:23:00,2011-07-14 15:03:00,58,60,2,1173.12,586.56,88,0.02247191011235955,0,0
14859,1353.74,4,671,2011-11-27 11:18:00,2011-05-19 14:42:00,47,13,4,1353.74,338.435,191,0.020833333333333332,1,1
14860,170.32,1,232,2011-11-20 14:17:00,2011-11-20 14:17:00,11,19,1,170.32,170.32,0,1.0,0,0
14861,125.79,1,117,2011-10-18 12:54:00,2011-10-18 12:54:00,6,52,1,125.79,125.79,0,1.0,0,0
14862,841.1999999999999,2,772,2011-11-14 10:01:00,2011-07-14 11:20:00,47,26,2,841.1999999999999,420.59999999999997,122,0.016260162601626018,0,0
14863,266.76,1,132,2011-11-10 15:04:00,2011-11-10 15:04:00,11,29,1,266.76,266.76,0,1.0,0,0
14865,52.2,2,108,2011-12-02 16:25:00,2010-12-02 18:23:00,4,7,2,52.2,26.1,364,0.005479452054794521,0,0
14866,14389.9,12,6752,2011-11-29 11:45:00,2010-12-08 14:58:00,30,11,12,14389.9,1199.1583333333333,355,0.033707865168539325,1,1
14867,710.28,3,328,2011-06-07 11:39:00,2011-01-07 16:34:00,31,186,3,710.28,236.76,150,0.019867549668874173,0,0
14868,2953.59,8,1405,2011-12-06 14:49:00,2011-04-20 13:36:00,96,3,8,2953.59,369.19875,230,0.03463203463203463,1,1
14869,721.45,2,549,2011-12-01 12:36:00,2011-08-28 16:09:00,66,9,2,721.45,360.725,94,0.021052631578947368,1,1
14870,327.25,1,119,2011-03-23 10:51:00,2011-03-23 10:51:00,13,262,1,327.25,327.25,0,1.0,0,0
14871,501.28000000000003,4,179,2011-12-06 13:42:00,2010-12-14 12:18:00,68,3,4,501.28000000000003,125.32000000000001,357,0.0111731843575419,1,1
14873,519.68,1,168,2011-05-13 13:52:00,2011-05-13 13:52:00,28,210,1,519.68,519.68,0,1.0,0,0
14875,1465.3200000000002,2,558,2011-08-24 12:20:00,2011-03-22 11:53:00,46,108,2,1465.3200000000002,732.6600000000001,155,0.01282051282051282,0,0
14878,1476.09,9,799,2011-11-27 11:15:00,2010-12-16 12:11:00,62,13,9,1476.09,164.01,345,0.02601156069364162,1,1
14880,690.59,3,365,2011-09-23 13:42:00,2011-02-24 12:27:00,45,77,3,690.59,230.1966666666667,211,0.014150943396226415,0,0
14881,255.4,1,316,2011-11-20 11:06:00,2011-11-20 11:06:00,17,20,1,255.4,255.4,0,1.0,0,0
14882,589.7,2,158,2011-11-13 12:47:00,2011-11-06 10:15:00,6,27,2,589.7,294.85,7,0.25,0,0
14883,761.59,6,790,2011-11-21 10:23:00,2011-05-12 09:49:00,39,19,6,761.59,126.93166666666667,193,0.030927835051546393,1,1
14885,765.3199999999999,1,724,2011-07-31 12:05:00,2011-07-31 12:05:00,15,132,1,765.3199999999999,765.3199999999999,0,1.0,0,0
14886,364.8,1,160,2011-04-01 08:56:00,2011-04-01 08:56:00,18,253,1,364.8,364.8,0,1.0,0,0
14887,1862.0,1,1100,2011-09-21 15:32:00,2011-09-21 15:32:00,6,79,1,1862.0,1862.0,0,1.0,0,0
14888,369.2,1,184,2011-05-16 14:58:00,2011-05-16 14:58:00,20,207,1,369.2,369.2,0,1.0,0,0
14889,135.9,1,90,2011-01-07 15:19:00,2011-01-07 15:19:00,10,336,1,135.9,135.9,0,1.0,0,0
14890,125.65,1,51,2011-03-31 11:57:00,2011-03-31 11:57:00,7,254,1,125.65,125.65,0,1.0,0,0
14891,554.38,2,505,2011-07-14 18:08:00,2011-06-05 10:58:00,30,148,2,554.38,277.19,39,0.05,0,0
14893,1237.8500000000001,2,799,2011-11-30 12:31:00,2011-11-28 10:49:00,72,10,2,1237.8500000000001,618.9250000000001,2,0.6666666666666666,1,1
14894,655.75,1,265,2011-09-15 13:51:00,2011-09-15 13:51:00,23,85,1,655.75,655.75,0,1.0,0,0
14895,11138.710000000001,20,4851,2011-12-02 09:23:00,2011-02-22 13:08:00,273,8,20,11138.710000000001,556.9355,282,0.0706713780918728,1,1
14896,468.77000000000004,2,279,2011-05-19 10:20:00,2010-12-09 12:24:00,43,205,2,468.77000000000004,234.38500000000002,160,0.012422360248447204,0,0
14897,1366.38,4,468,2011-12-02 10:32:00,2011-02-16 08:37:00,43,8,4,1366.38,341.595,289,0.013793103448275862,1,1
14898,1269.31,6,1001,2011-11-16 14:54:00,2010-12-03 15:25:00,86,23,6,1269.31,211.55166666666665,347,0.017241379310344827,1,1
14901,1421.29,9,661,2011-11-28 17:09:00,2010-12-02 11:20:00,73,11,9,1421.29,157.92111111111112,361,0.024861878453038673,1,1
14902,332.66,1,218,2011-11-14 10:34:00,2011-11-14 10:34:00,20,26,1,332.66,332.66,0,1.0,0,0
14903,2795.33,5,1531,2011-11-18 16:07:00,2011-03-06 11:50:00,227,21,5,2795.33,559.066,257,0.01937984496124031,1,0
14904,1025.44,2,1985,2011-12-07 12:55:00,2011-11-14 09:13:00,66,2,2,1025.44,512.72,23,0.08333333333333333,1,1
14905,616.15,2,287,2011-07-05 12:41:00,2011-04-20 10:48:00,14,158,2,616.15,308.075,76,0.025974025974025976,0,0
14907,3501.1,7,1691,2011-12-06 14:14:00,2010-12-07 10:14:00,125,3,7,3501.1,500.15714285714284,364,0.019178082191780823,1,1
14908,277.8,1,132,2011-09-26 12:56:00,2011-09-26 12:56:00,9,74,1,277.8,277.8,0,1.0,0,0
14910,434.35,4,238,2011-12-07 10:06:00,2011-10-16 11:06:00,25,3,4,434.35,108.5875,51,0.07692307692307693,1,1
14911,143711.17,201,80240,2011-12-08 15:54:00,2010-12-01 14:05:00,1787,1,201,143711.17,714.980945273632,372,0.5388739946380697,1,1
14912,867.85,2,971,2011-11-23 09:20:00,2011-04-07 11:06:00,21,17,2,867.85,433.925,229,0.008695652173913044,0,0
14913,1227.43,4,1743,2011-11-04 08:29:00,2010-12-15 14:35:00,76,36,4,1227.43,306.8575,323,0.012345679012345678,1,0
14915,307.48,2,112,2011-09-09 13:34:00,2011-03-07 09:39:00,12,91,2,307.48,153.74,186,0.0106951871657754,0,0
14916,1268.98,4,1136,2011-09-30 09:20:00,2011-01-19 15:30:00,72,71,4,1268.98,317.245,253,0.015748031496062992,1,0
14918,1610.15,2,675,2011-08-16 11:50:00,2011-07-08 12:50:00,39,116,2,1610.15,805.075,38,0.05128205128205128,0,0
14920,977.77,2,509,2011-05-11 10:32:00,2011-05-11 10:31:00,57,213,2,977.77,488.885,0,2.0,0,0
14921,1316.07,2,953,2011-11-09 13:17:00,2011-05-22 12:51:00,78,30,2,1316.07,658.035,171,0.011627906976744186,0,0
14923,749.1,1,418,2011-10-20 11:51:00,2011-10-20 11:51:00,44,51,1,749.1,749.1,0,1.0,0,0
14924,310.05,1,64,2011-04-08 09:25:00,2011-04-08 09:25:00,10,246,1,310.05,310.05,0,1.0,0,0
14929,223.88,1,136,2011-11-07 17:21:00,2011-11-07 17:21:00,11,32,1,223.88,223.88,0,1.0,0,0
14930,2362.96,3,1160,2011-08-23 10:31:00,2011-03-10 14:42:00,116,109,3,2362.96,787.6533333333333,165,0.018072289156626505,0,0
14931,1257.68,5,417,2011-12-05 10:19:00,2011-04-13 09:32:00,30,5,5,1257.68,251.536,236,0.02109704641350211,1,1
14932,363.53,1,80,2010-12-09 11:48:00,2010-12-09 11:48:00,17,366,1,363.53,363.53,0,1.0,0,0
14934,1890.94,2,1042,2011-09-19 10:10:00,2011-03-02 11:48:00,68,82,2,1890.94,945.47,200,0.009950248756218905,0,0
14935,1784.71,1,935,2011-02-15 14:44:00,2011-02-15 14:44:00,10,297,1,1784.71,1784.71,0,1.0,0,0
14936,8137.02,8,4085,2011-11-06 10:30:00,2011-03-09 11:53:00,210,34,8,8137.02,1017.1275,241,0.03305785123966942,1,1
14937,1621.88,3,484,2011-10-14 12:29:00,2011-08-01 14:16:00,33,57,3,1621.88,540.6266666666667,73,0.04054054054054054,1,0
14944,5900.25,12,2815,2011-11-10 09:10:00,2011-02-16 12:47:00,101,30,12,5900.25,491.6875,266,0.0449438202247191,1,1
14946,100.9,1,22,2011-11-25 13:33:00,2011-11-25 13:33:00,3,14,1,100.9,100.9,0,1.0,0,0
14947,290.82,2,179,2011-09-28 15:48:00,2011-08-01 09:31:00,14,72,2,290.82,145.41,58,0.03389830508474576,0,0
14948,1101.97,6,673,2011-11-16 17:16:00,2011-05-04 14:52:00,56,23,6,1101.97,183.66166666666666,196,0.030456852791878174,1,1
14950,371.2,1,136,2011-11-20 13:48:00,2011-11-20 13:48:00,19,19,1,371.2,371.2,0,1.0,0,0
14951,311.69,1,311,2011-09-21 15:15:00,2011-09-21 15:15:00,20,79,1,311.69,311.69,0,1.0,0,0
14952,8099.49,11,3355,2011-10-11 10:33:00,2010-12-10 12:48:00,117,60,11,8099.49,736.3172727272727,304,0.036065573770491806,1,0
14953,285.67,1,224,2011-11-14 14:59:00,2011-11-14 14:59:00,54,25,1,285.67,285.67,0,1.0,0,0
14954,294.85,1,117,2011-11-27 14:30:00,2011-11-27 14:30:00,75,12,1,294.85,294.85,0,1.0,0,0
14957,58.49,1,34,2011-03-31 17:59:00,2011-03-31 17:59:00,12,253,1,58.49,58.49,0,1.0,0,0
14958,483.72999999999996,3,128,2011-07-15 14:20:00,2011-04-08 11:28:00,33,147,3,483.72999999999996,161.2433333333333,98,0.030303030303030304,0,0
14959,695.42,4,494,2011-10-06 18:23:00,2011-02-16 13:00:00,37,64,4,695.42,173.855,232,0.017167381974248927,0,0
14960,221.27,2,221,2011-12-01 12:54:00,2011-06-21 13:38:00,23,8,2,221.27,110.635,162,0.012269938650306749,0,0
14961,7044.68,9,3708,2011-11-29 09:42:00,2010-12-14 11:38:00,193,11,9,7044.68,782.7422222222223,349,0.025714285714285714,1,1
14962,126.7,1,44,2011-03-14 09:42:00,2011-03-14 09:42:00,5,271,1,126.7,126.7,0,1.0,0,0
14963,1472.34,5,1159,2011-11-30 12:16:00,2011-06-09 12:30:00,149,10,5,1472.34,294.46799999999996,173,0.028735632183908046,1,1
14964,206.21,1,143,2011-04-06 14:13:00,2011-04-06 14:13:00,13,247,1,206.21,206.21,0,1.0,0,0
14965,596.09,2,363,2011-09-04 13:20:00,2011-09-04 13:15:00,80,96,2,596.09,298.045,0,2.0,0,0
14966,183.02,1,179,2011-11-25 12:20:00,2011-11-25 12:20:00,35,15,1,183.02,183.02,0,1.0,0,0
14967,463.8,1,140,2011-10-21 11:06:00,2011-10-21 11:06:00,6,50,1,463.8,463.8,0,1.0,0,0
14968,147.59,1,127,2011-11-09 13:58:00,2011-11-09 13:58:00,37,30,1,147.59,147.59,0,1.0,0,0
14970,1592.06,4,250,2011-10-02 13:44:00,2011-01-27 12:23:00,24,68,4,1592.06,398.015,248,0.01606425702811245,1,0
14971,1097.98,3,639,2011-11-04 17:07:00,2011-10-27 13:33:00,144,35,3,1097.98,365.99333333333334,8,0.3333333333333333,1,0
14972,114.77,1,28,2011-08-03 14:54:00,2011-08-03 14:54:00,18,128,1,114.77,114.77,0,1.0,0,0
14973,1314.45,3,369,2011-08-24 15:51:00,2011-04-28 12:22:00,29,107,3,1314.45,438.15000000000003,118,0.025210084033613446,0,0
14974,89.94,1,37,2011-11-02 13:01:00,2011-11-02 13:01:00,17,37,1,89.94,89.94,0,1.0,0,0
14975,279.94,1,380,2011-10-13 14:08:00,2011-10-13 14:08:00,11,57,1,279.94,279.94,0,1.0,0,0
14976,790.86,7,234,2011-10-13 16:37:00,2011-01-17 11:09:00,47,57,7,790.86,112.98,269,0.025925925925925925,1,0
14978,1921.3700000000001,5,523,2011-09-28 13:07:00,2011-01-13 12:03:00,136,72,5,1921.3700000000001,384.274,258,0.019305019305019305,1,0
14981,102.12,1,97,2011-04-07 13:45:00,2011-04-07 13:45:00,8,246,1,102.12,102.12,0,1.0,0,0
14984,202.37,2,58,2011-11-20 14:28:00,2011-06-12 11:04:00,37,19,2,202.37,101.185,161,0.012345679012345678,0,0
14985,292.01,2,256,2011-05-25 14:29:00,2010-12-16 19:51:00,78,198,2,292.01,146.005,159,0.0125,0,0
14987,326.4,2,128,2011-11-24 09:59:00,2010-12-09 12:13:00,2,16,2,326.4,163.2,349,0.005714285714285714,0,0
14988,334.54,1,141,2011-05-12 12:05:00,2011-05-12 12:05:00,40,212,1,334.54,334.54,0,1.0,0,0
14995,231.98000000000002,2,102,2011-11-01 11:39:00,2011-03-04 13:14:00,53,39,2,231.98000000000002,115.99000000000001,241,0.008264462809917356,0,0
14997,546.1999999999999,3,1120,2011-10-24 13:28:00,2011-06-14 16:52:00,25,46,3,546.1999999999999,182.06666666666663,131,0.022727272727272728,0,0
14998,414.87,2,258,2011-06-22 17:30:00,2011-04-12 16:28:00,70,170,2,414.87,207.435,71,0.027777777777777776,0,0
15000,490.52,1,218,2011-10-23 11:42:00,2011-10-23 11:42:00,76,48,1,490.52,490.52,0,1.0,0,0
15002,1641.76,4,862,2011-08-16 10:44:00,2010-12-07 13:16:00,93,116,4,1641.76,410.44,251,0.015873015873015872,0,0
15004,1220.77,1,623,2011-07-15 14:05:00,2011-07-15 14:05:00,154,147,1,1220.77,1220.77,0,1.0,0,0
15005,6295.37,28,4230,2011-11-24 12:25:00,2010-12-08 14:36:00,360,16,28,6295.37,224.83464285714285,350,0.07977207977207977,1,1
15006,480.38,1,286,2011-10-19 15:08:00,2011-10-19 15:08:00,121,51,1,480.38,480.38,0,1.0,0,0
15007,156.91,1,69,2011-07-03 16:00:00,2011-07-03 16:00:00,12,159,1,156.91,156.91,0,1.0,0,0
15009,1259.43,3,639,2011-11-27 13:35:00,2011-11-14 17:40:00,148,12,3,1259.43,419.81,12,0.23076923076923078,1,1
15010,308.94,1,184,2011-11-04 12:42:00,2011-11-04 12:42:00,20,36,1,308.94,308.94,0,1.0,0,0
15012,405.04,2,225,2011-10-17 12:22:00,2010-12-01 12:49:00,110,54,2,405.04,202.52,319,0.00625,0,0
15014,257.67,2,149,2011-10-27 20:07:00,2011-06-16 19:40:00,29,43,2,257.67,128.835,133,0.014925373134328358,0,0
15016,170.04,1,76,2011-06-20 12:06:00,2011-06-20 12:06:00,20,173,1,170.04,170.04,0,1.0,0,0
15017,125.58,1,63,2011-11-06 10:33:00,2011-11-06 10:33:00,20,34,1,125.58,125.58,0,1.0,0,0
15018,496.21000000000004,3,189,2011-11-01 12:47:00,2010-12-07 10:47:00,30,39,3,496.21000000000004,165.40333333333334,329,0.00909090909090909,0,0
15019,252.81,1,150,2011-03-18 12:35:00,2011-03-18 12:35:00,64,267,1,252.81,252.81,0,1.0,0,0
15021,1871.77,9,819,2011-12-01 11:53:00,2010-12-08 12:17:00,287,9,9,1871.77,207.97444444444443,357,0.025139664804469275,1,1
15022,852.39,4,527,2011-11-28 12:35:00,2011-10-23 15:47:00,96,12,4,852.39,213.0975,35,0.1111111111111111,1,1
15023,6720.41,11,2827,2011-12-06 17:23:00,2010-12-05 13:49:00,347,3,11,6720.41,610.9463636363636,366,0.02997275204359673,1,1
15024,1636.43,10,902,2011-11-30 12:06:00,2010-12-07 13:20:00,105,10,10,1636.43,163.643,357,0.027932960893854747,1,1
15025,361.96,1,184,2011-11-06 15:20:00,2011-11-06 15:20:00,66,33,1,361.96,361.96,0,1.0,0,0
15026,469.0,3,285,2011-09-20 13:52:00,2011-03-07 13:45:00,57,80,3,469.0,156.33333333333334,197,0.015151515151515152,0,0
15027,1066.1499999999999,4,565,2011-11-09 10:16:00,2011-04-15 14:14:00,30,31,4,1066.1499999999999,266.53749999999997,207,0.019230769230769232,1,0
15028,627.13,4,459,2011-12-01 14:06:00,2010-12-06 12:47:00,35,8,4,627.13,156.7825,360,0.0110803324099723,1,1
15030,518.28,2,372,2011-09-29 10:50:00,2011-03-16 15:34:00,7,72,2,518.28,259.14,196,0.01015228426395939,0,0
15031,653.19,4,400,2011-12-05 14:19:00,2011-03-02 14:46:00,74,4,4,653.19,163.2975,277,0.014388489208633094,1,1
15032,4959.1,3,2968,2011-03-28 15:03:00,2010-12-08 12:57:00,29,256,3,4959.1,1653.0333333333335,110,0.02702702702702703,0,0
15033,2557.18,10,1672,2011-12-05 12:40:00,2011-01-14 13:28:00,315,5,10,2557.18,255.718,324,0.03076923076923077,1,1
15034,4274.16,8,2413,2011-11-24 12:11:00,2010-12-21 09:47:00,299,16,8,4274.16,534.27,338,0.02359882005899705,1,1
15035,252.73000000000002,1,245,2011-09-11 11:08:00,2011-09-11 11:08:00,26,90,1,252.73000000000002,252.73000000000002,0,1.0,0,0
15036,429.56,3,316,2011-09-28 15:42:00,2011-06-13 12:19:00,107,72,3,429.56,143.18666666666667,107,0.027777777777777776,0,0
15038,685.74,6,212,2011-10-12 11:33:00,2010-12-05 10:54:00,105,59,6,685.74,114.29,311,0.019230769230769232,1,0
15039,19766.59,47,9131,2011-11-30 11:31:00,2010-12-06 11:26:00,408,10,47,19766.59,420.5657446808511,359,0.13055555555555556,1,1
15041,179.93,1,103,2011-06-22 16:16:00,2011-06-22 16:16:00,66,170,1,179.93,179.93,0,1.0,0,0
15042,135.93,1,30,2011-05-24 16:25:00,2011-05-24 16:25:00,5,199,1,135.93,135.93,0,1.0,0,0
15043,537.0,1,300,2011-11-08 14:26:00,2011-11-08 14:26:00,3,31,1,537.0,537.0,0,1.0,0,0
15044,7634.7300000000005,17,2785,2011-11-20 13:20:00,2010-12-12 14:27:00,233,19,17,7634.7300000000005,449.1017647058824,342,0.04956268221574344,1,1
15045,735.66,2,114,2011-07-11 11:33:00,2011-03-27 11:44:00,11,152,2,735.66,367.83,105,0.018867924528301886,0,0
15046,5090.42,15,3372,2011-11-30 15:50:00,2011-01-05 15:30:00,147,9,15,5090.42,339.36133333333333,329,0.045454545454545456,1,1
15047,343.62,1,222,2011-03-15 10:49:00,2011-03-15 10:49:00,22,270,1,343.62,343.62,0,1.0,0,0
15048,381.0,4,192,2011-10-05 14:55:00,2010-12-06 12:15:00,86,65,4,381.0,95.25,303,0.013157894736842105,0,0
15049,121.17000000000002,1,63,2011-03-11 12:13:00,2011-03-11 12:13:00,3,274,1,121.17000000000002,121.17000000000002,0,1.0,0,0
15050,1737.69,3,1216,2011-11-14 16:17:00,2011-09-29 13:22:00,68,25,3,1737.69,579.23,46,0.06382978723404255,1,0
15051,1383.3600000000001,3,1010,2011-11-16 15:38:00,2011-07-12 15:29:00,130,23,3,1383.3600000000001,461.12000000000006,127,0.0234375,1,0
15052,207.73000000000002,1,79,2011-01-24 15:52:00,2011-01-24 15:52:00,27,319,1,207.73000000000002,207.73000000000002,0,1.0,0,0
15053,693.95,3,984,2011-12-05 12:08:00,2011-03-03 12:06:00,49,5,3,693.95,231.3166666666667,277,0.01079136690647482,1,1
15054,302.1,2,198,2011-11-27 15:02:00,2011-10-30 14:33:00,105,12,2,302.1,151.05,28,0.06896551724137931,0,0
15057,1489.5,2,668,2011-03-09 15:17:00,2011-01-28 09:09:00,25,275,2,1489.5,744.75,40,0.04878048780487805,0,0
15058,2102.54,11,1054,2011-11-14 14:57:00,2011-01-31 15:35:00,199,25,11,2102.54,191.14,286,0.03832752613240418,1,1
15059,1337.72,9,604,2011-10-30 11:35:00,2011-01-09 11:54:00,161,41,9,1337.72,148.63555555555556,293,0.030612244897959183,1,0
15060,294.25,4,257,2011-12-01 13:47:00,2011-11-30 14:03:00,81,8,4,294.25,73.5625,0,4.0,1,1
15061,54534.14,48,28920,2011-12-06 12:06:00,2010-12-02 15:19:00,70,4,48,54534.14,1136.1279166666666,368,0.13008130081300814,1,1
15062,987.86,4,763,2011-09-29 16:51:00,2010-12-15 15:37:00,47,71,4,987.86,246.965,288,0.01384083044982699,0,0
15063,370.79999999999995,1,56,2011-05-10 13:25:00,2011-05-10 13:25:00,5,213,1,370.79999999999995,370.79999999999995,0,1.0,0,0
15065,3158.13,4,1383,2011-11-02 09:45:00,2011-02-21 12:54:00,148,38,4,3158.13,789.5325,253,0.015748031496062992,1,0
15066,893.59,1,317,2011-10-17 13:25:00,2011-10-17 13:25:00,42,53,1,893.59,893.59,0,1.0,0,0
15067,1744.76,3,954,2011-09-22 13:20:00,2011-03-02 12:10:00,82,78,3,1744.76,581.5866666666667,204,0.014634146341463415,0,0
15068,553.36,2,364,2011-10-24 14:47:00,2011-03-28 14:27:00,96,46,2,553.36,276.68,210,0.009478672985781991,0,0
15069,1109.53,1,520,2011-06-13 14:16:00,2011-06-13 14:16:00,70,179,1,1109.53,1109.53,0,1.0,0,0
15070,106.2,1,36,2010-12-02 11:23:00,2010-12-02 11:23:00,1,373,1,106.2,106.2,0,1.0,0,0
15071,982.07,2,269,2011-09-07 11:43:00,2011-03-09 10:19:00,25,94,2,982.07,491.035,182,0.01092896174863388,0,0
15073,1043.41,3,491,2011-11-30 10:44:00,2011-06-06 09:59:00,31,10,3,1043.41,347.80333333333334,177,0.016853932584269662,1,1
15074,735.67,1,431,2011-08-26 14:45:00,2011-08-26 14:45:00,41,105,1,735.67,735.67,0,1.0,0,0
15075,773.03,1,447,2011-09-23 12:27:00,2011-09-23 12:27:00,27,78,1,773.03,773.03,0,1.0,0,0
15076,880.85,1,571,2011-06-20 08:23:00,2011-06-20 08:23:00,49,173,1,880.85,880.85,0,1.0,0,0
15078,9743.11,32,5105,2011-12-02 15:41:00,2010-12-06 12:38:00,97,7,32,9743.11,304.4721875,361,0.08839779005524862,1,1
15079,895.61,4,389,2011-05-11 12:45:00,2010-12-09 09:25:00,46,213,4,895.61,223.9025,153,0.025974025974025976,0,0
15081,504.8,5,190,2011-11-17 17:08:00,2010-12-07 16:20:00,26,22,5,504.8,100.96000000000001,345,0.014450867052023121,1,0
15083,88.2,1,38,2011-03-28 12:18:00,2011-03-28 12:18:00,5,257,1,88.2,88.2,0,1.0,0,0
15087,306.94,1,470,2011-03-03 10:34:00,2011-03-03 10:34:00,15,282,1,306.94,306.94,0,1.0,0,0
15088,1160.07,2,460,2011-11-18 13:14:00,2011-10-03 14:05:00,53,21,2,1160.07,580.035,45,0.043478260869565216,0,0
15089,2420.84,6,1359,2011-11-29 16:31:00,2011-08-03 14:14:00,139,10,6,2420.84,403.47333333333336,118,0.05042016806722689,1,1
15090,381.32,1,208,2011-02-04 14:03:00,2011-02-04 14:03:00,23,308,1,381.32,381.32,0,1.0,0,0
15091,480.71,1,346,2011-10-03 12:47:00,2011-10-03 12:47:00,30,68,1,480.71,480.71,0,1.0,0,0
15092,457.81,2,135,2011-05-08 14:10:00,2011-03-01 12:24:00,23,215,2,457.81,228.905,68,0.028985507246376812,0,0
15093,4597.02,6,3760,2011-11-21 13:09:00,2010-12-02 18:25:00,52,18,6,4597.02,766.1700000000001,353,0.01694915254237288,1,1
15095,1370.6,4,1079,2011-08-28 12:01:00,2011-05-20 14:27:00,30,104,4,1370.6,342.65,99,0.04,0,0
15096,219.39000000000001,1,120,2011-10-28 10:27:00,2011-10-28 10:27:00,11,43,1,219.39000000000001,219.39000000000001,0,1.0,0,0
15097,248.08,1,170,2011-12-05 14:03:00,2011-12-05 14:03:00,25,4,1,248.08,248.08,0,1.0,0,1
15098,39916.5,3,121,2011-06-10 15:33:00,2011-06-10 15:22:00,1,182,3,39916.5,13305.5,0,3.0,1,0
15099,410.48,1,343,2011-09-16 13:13:00,2011-09-16 13:13:00,23,84,1,410.48,410.48,0,1.0,0,0
15100,876.0,3,80,2011-01-10 10:35:00,2010-12-01 09:09:00,1,334,3,876.0,292.0,40,0.07317073170731707,0,0
15101,317.53,2,241,2011-12-01 10:18:00,2010-12-15 12:54:00,8,9,2,317.53,158.765,350,0.005698005698005698,0,0
15103,703.36,2,329,2011-11-08 14:53:00,2011-09-14 13:54:00,35,31,2,703.36,351.68,55,0.03571428571428571,0,0
15104,993.54,2,635,2011-05-27 12:29:00,2011-03-02 14:16:00,66,197,2,993.54,496.77,85,0.023255813953488372,0,0
15105,2298.93,7,1211,2011-11-21 16:54:00,2011-07-28 10:09:00,90,18,7,2298.93,328.4185714285714,116,0.05982905982905983,1,1
15106,1422.52,5,1181,2011-11-22 09:16:00,2011-03-15 12:52:00,90,18,5,1422.52,284.504,251,0.01984126984126984,1,1
15107,319.5,6,169,2011-02-01 14:46:00,2010-12-02 13:45:00,12,311,6,319.5,53.25,61,0.0967741935483871,0,0
15108,1300.25,4,499,2011-07-21 10:24:00,2011-04-26 10:54:00,50,142,4,1300.25,325.0625,85,0.046511627906976744,0,0
15109,484.95,1,131,2011-04-08 09:58:00,2011-04-08 09:58:00,28,246,1,484.95,484.95,0,1.0,0,0
15110,996.1,4,246,2011-11-16 11:16:00,2011-01-25 11:41:00,17,24,4,996.1,249.025,294,0.013559322033898305,1,1
15111,1567.48,3,710,2011-11-10 16:58:00,2010-12-02 11:45:00,70,29,3,1567.48,522.4933333333333,343,0.00872093023255814,1,0
15113,3509.43,3,2344,2011-11-30 08:23:00,2011-10-16 15:27:00,77,10,3,3509.43,1169.81,44,0.06666666666666667,1,0
15114,2760.56,10,3096,2011-11-09 15:05:00,2011-02-11 08:45:00,136,30,10,2760.56,276.056,271,0.03676470588235294,1,1
15115,340.11,1,157,2011-11-21 14:59:00,2011-11-21 14:59:00,21,18,1,340.11,340.11,0,1.0,0,0
15116,1352.75,4,648,2011-11-22 12:25:00,2011-05-19 08:50:00,37,18,4,1352.75,338.1875,187,0.02127659574468085,1,1
15117,1551.78,5,1948,2011-11-25 08:12:00,2011-05-08 12:38:00,63,15,5,1551.78,310.356,200,0.024875621890547265,1,1
15118,244.8,1,1440,2011-07-28 14:54:00,2011-07-28 14:54:00,1,134,1,244.8,244.8,0,1.0,0,0
15119,266.4,1,88,2011-04-08 09:08:00,2011-04-08 09:08:00,14,246,1,266.4,266.4,0,1.0,0,0
15120,358.82,1,296,2011-07-29 09:48:00,2011-07-29 09:48:00,21,134,1,358.82,358.82,0,1.0,0,0
15121,457.72,2,199,2011-10-20 14:51:00,2011-02-24 12:41:00,28,50,2,457.72,228.86,238,0.008368200836820083,0,0
15122,1633.78,3,800,2011-08-17 16:48:00,2011-02-15 09:59:00,65,114,3,1633.78,544.5933333333334,183,0.016304347826086956,0,0
15123,2199.31,2,1195,2011-12-02 13:12:00,2011-05-17 14:57:00,93,7,2,2199.31,1099.655,198,0.010050251256281407,1,1
15124,184.19,2,233,2011-11-17 10:09:00,2011-06-01 09:06:00,14,23,2,184.19,92.095,169,0.011764705882352941,0,0
15125,11528.48,15,6193,2011-11-14 13:57:00,2011-03-14 09:59:00,102,25,15,11528.48,768.5653333333333,245,0.06097560975609756,1,1
15127,406.53,1,251,2011-10-05 10:30:00,2011-10-05 10:30:00,16,66,1,406.53,406.53,0,1.0,0,0
15128,1471.0,4,1343,2011-10-10 13:54:00,2011-05-04 12:32:00,74,60,4,1471.0,367.75,159,0.025,1,0
15129,3447.4,11,1794,2011-10-20 14:40:00,2011-02-21 09:09:00,54,50,11,3447.4,313.40000000000003,241,0.045454545454545456,1,0
15130,330.11,1,197,2011-06-23 10:15:00,2011-06-23 10:15:00,22,170,1,330.11,330.11,0,1.0,0,0
15132,977.9300000000001,5,679,2011-11-21 17:10:00,2011-03-22 12:02:00,49,18,5,977.9300000000001,195.586,244,0.02040816326530612,1,1
15133,982.42,3,680,2011-08-04 10:44:00,2011-02-11 10:38:00,27,128,3,982.42,327.4733333333333,174,0.017142857142857144,0,0
15134,1387.99,8,887,2011-11-25 08:55:00,2011-04-13 11:05:00,44,15,8,1387.99,173.49875,225,0.035398230088495575,1,1
15135,139.05,1,43,2011-04-14 19:16:00,2011-04-14 19:16:00,9,239,1,139.05,139.05,0,1.0,0,0
15136,1286.7,4,776,2011-12-07 12:26:00,2011-09-04 16:05:00,61,3,4,1286.7,321.675,93,0.0425531914893617,1,1
15139,178.96,2,208,2011-04-14 11:39:00,2011-01-07 12:44:00,13,240,2,178.96,89.48,96,0.020618556701030927,0,0
15140,2354.25,7,1572,2011-10-18 14:07:00,2011-03-20 14:37:00,74,52,7,2354.25,336.32142857142856,211,0.0330188679245283,1,0
15142,498.74,1,365,2011-10-24 12:51:00,2011-10-24 12:51:00,26,46,1,498.74,498.74,0,1.0,0,0
15143,259.45,1,150,2011-04-28 12:03:00,2011-04-28 12:03:00,14,226,1,259.45,259.45,0,1.0,0,0
15144,6580.44,17,3050,2011-12-01 15:12:00,2011-01-31 13:17:00,132,8,17,6580.44,387.0847058823529,304,0.05573770491803279,1,1
15145,1194.73,4,756,2011-12-05 17:21:00,2011-04-05 15:20:00,54,4,4,1194.73,298.6825,244,0.0163265306122449,1,1
15146,1327.16,2,1473,2011-06-28 12:09:00,2011-02-21 13:07:00,90,165,2,1327.16,663.58,126,0.015748031496062992,0,0
15147,623.5,1,366,2011-04-13 15:57:00,2011-04-13 15:57:00,28,240,1,623.5,623.5,0,1.0,0,0
15148,301.29,1,187,2011-11-29 08:21:00,2011-11-29 08:21:00,20,11,1,301.29,301.29,0,1.0,0,0
15149,520.8000000000001,1,128,2011-07-29 10:58:00,2011-07-29 10:58:00,23,134,1,520.8000000000001,520.8000000000001,0,1.0,0,0
15150,5291.33,10,3642,2011-11-22 12:52:00,2011-03-15 14:21:00,282,17,10,5291.33,529.133,251,0.03968253968253968,1,1
15152,4745.69,13,2704,2011-11-30 12:32:00,2011-06-05 15:36:00,196,10,13,4745.69,365.0530769230769,177,0.07303370786516854,1,1
15153,329.25,1,198,2011-11-08 17:09:00,2011-11-08 17:09:00,22,31,1,329.25,329.25,0,1.0,0,0
15154,254.28,1,89,2011-09-25 16:05:00,2011-09-25 16:05:00,66,75,1,254.28,254.28,0,1.0,0,0
15156,961.49,3,597,2011-12-08 18:22:00,2011-11-06 12:41:00,51,1,3,961.49,320.49666666666667,32,0.09090909090909091,1,1
15157,1936.07,3,2392,2011-12-06 11:28:00,2010-12-16 13:44:00,125,4,3,1936.07,645.3566666666667,354,0.008450704225352112,1,1
15158,401.40000000000003,1,198,2011-10-25 13:53:00,2011-10-25 13:53:00,7,45,1,401.40000000000003,401.40000000000003,0,1.0,0,0
15159,18641.010000000002,30,11441,2011-12-08 12:05:00,2010-12-13 15:44:00,363,2,30,18641.010000000002,621.3670000000001,359,0.08333333333333333,1,1
15160,158.16,1,84,2010-12-17 14:15:00,2010-12-17 14:15:00,4,357,1,158.16,158.16,0,1.0,0,0
15163,304.47,2,186,2011-11-21 13:10:00,2011-05-31 15:22:00,29,18,2,304.47,152.235,173,0.011494252873563218,0,0
15164,824.58,3,351,2011-10-02 12:05:00,2011-01-04 14:21:00,79,69,3,824.58,274.86,270,0.01107011070110701,0,0
15165,487.75,1,160,2010-12-01 14:03:00,2010-12-01 14:03:00,27,373,1,487.75,487.75,0,1.0,0,0
15167,158.8,1,65,2011-01-23 12:41:00,2011-01-23 12:41:00,39,321,1,158.8,158.8,0,1.0,0,0
15168,106.56,1,52,2011-11-14 11:26:00,2011-11-14 11:26:00,5,26,1,106.56,106.56,0,1.0,0,0
15171,1289.5,1,290,2011-01-12 15:36:00,2011-01-12 15:36:00,5,331,1,1289.5,1289.5,0,1.0,0,0
15172,1624.05,5,1611,2011-12-01 11:51:00,2011-04-17 11:56:00,106,9,5,1624.05,324.81,227,0.021929824561403508,1,1
15174,135.75,1,145,2011-01-21 09:06:00,2011-01-21 09:06:00,11,323,1,135.75,135.75,0,1.0,0,0
15175,224.14,1,454,2011-09-29 11:31:00,2011-09-29 11:31:00,23,72,1,224.14,224.14,0,1.0,0,0
15178,40.5,1,30,2011-03-24 15:12:00,2011-03-24 15:12:00,3,260,1,40.5,40.5,0,1.0,0,0
15179,2206.95,5,1938,2011-11-21 12:53:00,2011-01-24 13:48:00,91,18,5,2206.95,441.39,300,0.016611295681063124,1,1
15180,87.5,1,36,2010-12-07 14:57:00,2010-12-07 14:57:00,6,367,1,87.5,87.5,0,1.0,0,0
15181,689.4799999999999,3,544,2011-10-04 13:58:00,2011-03-15 12:03:00,11,66,3,689.4799999999999,229.82666666666663,203,0.014705882352941176,0,0
15182,622.85,2,253,2011-07-08 13:37:00,2011-03-16 12:42:00,24,154,2,622.85,311.425,114,0.017391304347826087,0,0
15184,402.2,2,199,2011-11-10 13:41:00,2011-06-02 12:06:00,59,29,2,402.2,201.1,161,0.012345679012345678,0,0
15185,310.62,1,666,2011-09-30 14:06:00,2011-09-30 14:06:00,21,70,1,310.62,310.62,0,1.0,0,0
15186,411.41,2,215,2011-11-25 14:58:00,2011-06-24 14:54:00,17,14,2,411.41,205.705,154,0.012903225806451613,0,0
15187,4777.18,16,1887,2011-12-08 11:56:00,2011-05-11 13:49:00,61,2,16,4777.18,298.57375,210,0.07582938388625593,1,1
15189,16225.39,41,6149,2011-12-08 13:22:00,2011-01-11 12:29:00,80,1,41,16225.39,395.74121951219513,331,0.12349397590361445,1,1
15192,1044.32,3,918,2011-08-12 11:41:00,2010-12-09 14:56:00,36,120,3,1044.32,348.1066666666666,245,0.012195121951219513,0,0
15193,499.32,1,144,2011-10-10 08:23:00,2011-10-10 08:23:00,19,61,1,499.32,499.32,0,1.0,0,0
15194,7616.53,15,5703,2011-12-06 15:10:00,2010-12-06 15:00:00,209,3,15,7616.53,507.76866666666666,365,0.040983606557377046,1,1
15195,3861.0,1,1404,2011-12-07 12:20:00,2011-12-07 12:20:00,1,3,1,3861.0,3861.0,0,1.0,1,1
15197,1079.6100000000001,3,469,2011-11-29 10:00:00,2010-12-16 18:01:00,30,11,3,1079.6100000000001,359.87000000000006,347,0.008620689655172414,1,1
15198,193.64,2,120,2011-09-08 14:42:00,2011-08-07 15:16:00,10,92,2,193.64,96.82,31,0.0625,0,0
15199,1268.7,4,396,2011-10-11 15:12:00,2011-02-04 14:04:00,5,59,4,1268.7,317.175,249,0.016,1,0
15201,1236.54,5,1210,2011-09-13 14:53:00,2011-04-06 14:02:00,35,87,5,1236.54,247.308,160,0.031055900621118012,1,0
15203,1827.8,6,1753,2011-11-14 08:16:00,2011-02-01 12:29:00,82,26,6,1827.8,304.6333333333333,285,0.02097902097902098,1,0
15204,316.58,1,258,2010-12-17 13:49:00,2010-12-17 13:49:00,9,357,1,316.58,316.58,0,1.0,0,0
15205,653.24,2,378,2011-09-15 19:36:00,2011-08-04 16:07:00,37,85,2,653.24,326.62,42,0.046511627906976744,0,0
15206,420.29999999999995,4,162,2011-11-29 13:41:00,2011-03-09 08:59:00,3,10,4,420.29999999999995,105.07499999999999,265,0.015037593984962405,1,1
15208,870.12,5,316,2011-12-08 17:24:00,2010-12-21 13:03:00,25,1,5,870.12,174.024,352,0.014164305949008499,1,1
15210,331.18,1,228,2011-04-28 16:11:00,2011-04-28 16:11:00,20,225,1,331.18,331.18,0,1.0,0,0
15211,894.4100000000001,2,240,2011-10-10 13:31:00,2010-12-09 16:08:00,52,60,2,894.4100000000001,447.20500000000004,304,0.006557377049180328,0,0
15212,101.8,1,36,2011-04-12 13:45:00,2011-04-12 13:45:00,5,241,1,101.8,101.8,0,1.0,0,0
15213,328.35,2,272,2011-01-25 12:21:00,2011-01-14 11:05:00,22,319,2,328.35,164.175,11,0.16666666666666666,0,0
15214,1661.44,8,1254,2011-12-08 12:07:00,2011-04-11 09:46:00,109,2,8,1661.44,207.68,241,0.03305785123966942,1,1
15215,734.94,3,225,2011-10-24 11:41:00,2011-09-04 12:24:00,33,47,3,734.94,244.98000000000002,49,0.06,0,0
15216,96.6,1,28,2011-09-13 11:41:00,2011-09-13 11:41:00,2,88,1,96.6,96.6,0,1.0,0,0
15218,5756.89,11,3329,2011-11-29 11:48:00,2011-01-25 11:20:00,77,11,11,5756.89,523.3536363636364,308,0.03559870550161812,1,1
15219,305.75,1,45,2011-06-16 16:57:00,2011-06-16 16:57:00,9,176,1,305.75,305.75,0,1.0,0,0
15220,1778.96,6,1393,2011-10-19 12:39:00,2011-03-04 10:24:00,110,52,6,1778.96,296.49333333333334,229,0.02608695652173913,1,0
15221,403.25,1,43,2010-12-08 13:08:00,2010-12-08 13:08:00,5,366,1,403.25,403.25,0,1.0,0,0
15222,585.0,1,440,2011-01-25 08:03:00,2011-01-25 08:03:00,5,319,1,585.0,585.0,0,1.0,0,0
15223,755.75,2,213,2011-04-28 11:31:00,2011-04-04 12:17:00,14,226,2,755.75,377.875,23,0.08333333333333333,0,0
15224,322.08,2,152,2010-12-16 15:02:00,2010-12-12 12:34:00,13,358,2,322.08,161.04,4,0.4,0,0
15225,409.40000000000003,1,226,2011-04-19 14:51:00,2011-04-19 14:51:00,23,234,1,409.40000000000003,409.40000000000003,0,1.0,0,0
15226,154.41,1,71,2011-02-02 11:41:00,2011-02-02 11:41:00,8,311,1,154.41,154.41,0,1.0,0,0
15227,1219.4,5,750,2011-11-03 11:59:00,2011-01-26 15:31:00,43,37,5,1219.4,243.88000000000002,280,0.017793594306049824,1,0
15228,3386.71,4,2255,2011-10-04 13:56:00,2011-02-18 09:04:00,110,66,4,3386.71,846.6775,228,0.017467248908296942,1,0
15230,429.6,2,351,2011-04-14 14:39:00,2011-04-13 11:04:00,23,239,2,429.6,214.8,1,1.0,0,0
15232,612.06,2,686,2011-08-18 16:27:00,2011-07-22 12:21:00,26,113,2,612.06,306.03,27,0.07142857142857142,0,0
15234,197.0,1,196,2011-03-08 08:53:00,2011-03-08 08:53:00,14,277,1,197.0,197.0,0,1.0,0,0
15235,2247.51,12,1324,2011-05-06 09:44:00,2010-12-01 17:22:00,132,218,12,2247.51,187.29250000000002,155,0.07692307692307693,1,0
15236,321.05,1,269,2011-02-14 10:52:00,2011-02-14 10:52:00,15,299,1,321.05,321.05,0,1.0,0,0
15237,1412.32,4,1071,2011-12-08 09:46:00,2011-04-26 15:04:00,94,2,4,1412.32,353.08,225,0.017699115044247787,1,1
15238,1071.99,3,692,2011-11-10 14:28:00,2011-06-08 16:00:00,49,29,3,1071.99,357.33,154,0.01935483870967742,1,0
15239,780.59,2,594,2011-11-29 14:14:00,2011-09-22 09:53:00,48,10,2,780.59,390.295,68,0.028985507246376812,1,1
15240,1706.57,5,1369,2011-10-26 09:50:00,2011-02-01 08:23:00,58,45,5,1706.57,341.31399999999996,267,0.018656716417910446,1,0
15241,1756.44,8,1818,2011-10-04 09:05:00,2011-03-01 11:02:00,82,67,8,1756.44,219.555,216,0.03686635944700461,1,0
15243,316.68,1,185,2011-09-26 14:12:00,2011-09-26 14:12:00,22,74,1,316.68,316.68,0,1.0,0,0
15244,631.57,2,405,2011-10-05 13:19:00,2011-04-05 15:12:00,31,65,2,631.57,315.785,182,0.01092896174863388,0,0
15245,2515.84,3,1784,2011-07-28 18:56:00,2011-03-23 13:42:00,55,134,3,2515.84,838.6133333333333,127,0.0234375,0,0
15246,514.15,2,247,2011-04-15 14:45:00,2010-12-16 09:46:00,32,238,2,514.15,257.075,120,0.01652892561983471,0,0
15247,356.0,1,160,2011-08-09 12:52:00,2011-08-09 12:52:00,6,122,1,356.0,356.0,0,1.0,0,0
15249,6688.46,13,3577,2011-11-08 11:45:00,2011-03-28 12:49:00,211,32,13,6688.46,514.496923076923,224,0.057777777777777775,1,1
15251,10484.99,11,6171,2011-11-30 15:02:00,2011-04-12 10:38:00,97,9,11,10484.99,953.180909090909,232,0.04721030042918455,1,1
15252,740.78,2,522,2011-11-03 13:30:00,2011-06-09 14:15:00,44,36,2,740.78,370.39,146,0.013605442176870748,0,0
15253,918.1999999999999,5,866,2011-11-23 16:22:00,2011-06-23 12:19:00,52,16,5,918.1999999999999,183.64,153,0.032467532467532464,1,1
15254,300.36,1,275,2011-08-04 15:04:00,2011-08-04 15:04:00,18,127,1,300.36,300.36,0,1.0,0,0
15255,890.85,1,489,2011-10-04 12:43:00,2011-10-04 12:43:00,47,67,1,890.85,890.85,0,1.0,0,0
15256,98.45,1,55,2011-07-14 11:47:00,2011-07-14 11:47:00,6,149,1,98.45,98.45,0,1.0,0,0
15257,317.15,1,46,2011-03-01 12:58:00,2011-03-01 12:58:00,7,283,1,317.15,317.15,0,1.0,0,0
15258,623.16,2,142,2011-06-24 12:30:00,2011-05-06 14:16:00,32,169,2,623.16,311.58,48,0.04081632653061224,0,0
15260,1810.77,7,885,2011-08-31 13:55:00,2010-12-02 12:09:00,62,100,7,1810.77,258.68142857142857,272,0.02564102564102564,1,0
15261,254.82,1,270,2011-07-27 15:20:00,2011-07-27 15:20:00,19,135,1,254.82,254.82,0,1.0,0,0
15262,178.95000000000002,1,73,2011-01-20 12:16:00,2011-01-20 12:16:00,10,324,1,178.95000000000002,178.95000000000002,0,1.0,0,0
15263,156.51,1,89,2011-08-25 10:26:00,2011-08-25 10:26:00,12,107,1,156.51,156.51,0,1.0,0,0
15264,393.74,1,265,2011-10-06 13:49:00,2011-10-06 13:49:00,23,64,1,393.74,393.74,0,1.0,0,0
15265,1506.1200000000001,2,612,2011-07-11 14:46:00,2011-04-18 12:16:00,76,151,2,1506.1200000000001,753.0600000000001,84,0.023529411764705882,0,0
15266,119.3,1,18,2011-01-05 13:40:00,2011-01-05 13:40:00,6,338,1,119.3,119.3,0,1.0,0,0
15267,1717.36,5,944,2011-11-17 15:59:00,2011-06-10 10:24:00,8,22,5,1717.36,343.472,160,0.031055900621118012,1,1
15269,408.8,1,26,2011-11-16 09:32:00,2011-11-16 09:32:00,2,24,1,408.8,408.8,0,1.0,0,0
15270,2379.49,7,1521,2011-11-24 09:24:00,2011-02-02 13:25:00,22,16,7,2379.49,339.9271428571428,294,0.023728813559322035,1,1
15271,2493.34,15,1251,2011-12-02 14:11:00,2010-12-09 13:47:00,184,7,15,2493.34,166.22266666666667,358,0.04178272980501393,1,1
15272,721.94,2,310,2011-10-13 12:59:00,2011-09-14 16:36:00,63,57,2,721.94,360.97,28,0.06896551724137931,0,0
15274,716.57,2,619,2011-12-05 16:57:00,2011-11-21 14:17:00,44,4,2,716.57,358.285,14,0.13333333333333333,1,1
15275,615.14,1,498,2011-11-02 11:20:00,2011-11-02 11:20:00,41,38,1,615.14,615.14,0,1.0,0,0
15276,128.63,1,61,2011-10-04 16:39:00,2011-10-04 16:39:00,49,66,1,128.63,128.63,0,1.0,0,0
15277,255.89999999999998,1,205,2011-10-24 10:08:00,2011-10-24 10:08:00,12,47,1,255.89999999999998,255.89999999999998,0,1.0,0,0
15279,290.51,1,189,2010-12-20 10:48:00,2010-12-20 10:48:00,19,355,1,290.51,290.51,0,1.0,0,0
15280,113.12,1,154,2011-06-20 17:14:00,2011-06-20 17:14:00,16,172,1,113.12,113.12,0,1.0,0,0
15281,2332.15,9,1211,2011-10-12 09:10:00,2011-01-10 15:51:00,121,59,9,2332.15,259.1277777777778,274,0.03272727272727273,1,0
15286,240.55,1,55,2011-10-21 11:08:00,2011-10-21 11:08:00,3,50,1,240.55,240.55,0,1.0,0,0
15287,486.69,2,433,2011-11-17 15:34:00,2011-09-30 12:30:00,17,22,2,486.69,243.345,48,0.04081632653061224,0,0
15288,2306.52,5,775,2011-10-27 16:58:00,2010-12-09 13:59:00,80,43,5,2306.52,461.304,322,0.015479876160990712,1,0
15289,939.78,3,1008,2011-11-10 13:49:00,2011-04-04 12:44:00,43,29,3,939.78,313.26,220,0.013574660633484163,1,0
15290,7943.22,18,4501,2011-12-05 11:39:00,2010-12-15 16:03:00,93,5,18,7943.22,441.29,354,0.05070422535211268,1,1
15291,4668.3,15,2103,2011-11-14 11:02:00,2010-12-01 09:32:00,62,26,15,4668.3,311.22,348,0.04297994269340974,1,1
15292,178.39,1,55,2011-05-22 15:00:00,2011-05-22 15:00:00,24,201,1,178.39,178.39,0,1.0,0,0
15296,3672.86,6,1766,2011-10-20 11:47:00,2011-01-17 11:57:00,137,51,6,3672.86,612.1433333333333,275,0.021739130434782608,1,0
15297,641.94,3,292,2011-11-29 16:32:00,2011-10-07 09:42:00,30,10,3,641.94,213.98000000000002,53,0.05555555555555555,1,1
15298,4799.9,12,3116,2011-12-07 17:17:00,2010-12-08 13:55:00,115,2,12,4799.9,399.9916666666666,364,0.03287671232876712,1,1
15299,4507.01,7,2948,2011-10-03 14:19:00,2010-12-02 16:48:00,7,67,7,4507.01,643.8585714285715,304,0.022950819672131147,1,0
15300,496.44,1,292,2011-10-06 17:08:00,2011-10-06 17:08:00,28,64,1,496.44,496.44,0,1.0,0,0
15301,5049.95,12,2751,2011-10-20 09:57:00,2010-12-06 12:21:00,167,51,12,5049.95,420.82916666666665,317,0.03773584905660377,1,0
15303,574.02,1,248,2011-02-22 13:59:00,2011-02-22 13:59:00,31,290,1,574.02,574.02,0,1.0,0,0
15304,694.4000000000001,8,104,2011-10-10 10:23:00,2010-12-06 11:42:00,8,61,8,694.4000000000001,86.80000000000001,307,0.025974025974025976,1,0
15306,1174.35,3,810,2011-10-06 12:56:00,2011-07-14 15:22:00,57,64,3,1174.35,391.45,83,0.03571428571428571,0,0
15307,205.3,1,37,2011-09-05 11:38:00,2011-09-05 11:38:00,12,96,1,205.3,205.3,0,1.0,0,0
15308,310.47,1,175,2011-03-10 13:08:00,2011-03-10 13:08:00,19,274,1,310.47,310.47,0,1.0,0,0
15311,60632.75,91,38147,2011-12-09 12:00:00,2010-12-01 09:41:00,567,1,91,60632.75,666.2939560439561,373,0.24331550802139038,1,1
15312,924.85,4,516,2011-09-25 13:10:00,2010-12-20 12:51:00,42,75,4,924.85,231.2125,279,0.014285714285714285,0,0
15313,52.0,1,25,2011-08-21 16:02:00,2011-08-21 16:02:00,1,110,1,52.0,52.0,0,1.0,0,0
15314,327.97,1,313,2011-05-24 14:39:00,2011-05-24 14:39:00,24,199,1,327.97,327.97,0,1.0,0,0
15315,570.5,2,862,2011-10-06 12:51:00,2011-08-15 15:17:00,35,64,2,570.5,285.25,51,0.038461538461538464,0,0
15316,165.0,1,100,2011-01-17 11:34:00,2011-01-17 11:34:00,1,327,1,165.0,165.0,0,1.0,0,0
15318,312.62,1,642,2011-12-06 11:30:00,2011-12-06 11:30:00,33,4,1,312.62,312.62,0,1.0,0,1
15319,204.5,1,175,2011-03-01 12:48:00,2011-03-01 12:48:00,16,284,1,204.5,204.5,0,1.0,0,0
15320,267.13,1,326,2011-10-26 13:27:00,2011-10-26 13:27:00,36,44,1,267.13,267.13,0,1.0,0,0
15321,2748.31,3,1181,2011-09-30 09:40:00,2011-02-21 11:10:00,83,71,3,2748.31,916.1033333333334,220,0.013574660633484163,1,0
15322,679.68,1,416,2011-09-15 09:34:00,2011-09-15 09:34:00,42,86,1,679.68,679.68,0,1.0,0,0
15325,161.74,1,231,2011-08-28 11:55:00,2011-08-28 11:55:00,47,104,1,161.74,161.74,0,1.0,0,0
15326,311.71,1,386,2011-01-10 11:38:00,2011-01-10 11:38:00,29,334,1,311.71,311.71,0,1.0,0,0
15327,208.75,1,116,2011-10-18 11:55:00,2011-10-18 11:55:00,10,53,1,208.75,208.75,0,1.0,0,0
15329,1049.7,3,486,2011-10-31 15:36:00,2011-06-21 10:37:00,51,39,3,1049.7,349.90000000000003,132,0.022556390977443608,0,0
15330,714.96,2,1312,2011-11-07 17:50:00,2011-10-10 12:30:00,10,32,2,714.96,357.48,28,0.06896551724137931,0,0
15332,1661.06,4,652,2010-12-08 14:43:00,2010-12-05 12:00:00,29,366,4,1661.06,415.265,3,1.0,0,0
15333,1028.56,1,344,2011-05-15 13:27:00,2011-05-15 13:27:00,16,208,1,1028.56,1028.56,0,1.0,0,0
15334,350.82,3,273,2011-07-06 11:22:00,2011-06-19 13:51:00,67,157,3,350.82,116.94,16,0.17647058823529413,0,0
15335,170.22,1,79,2011-10-17 12:50:00,2011-10-17 12:50:00,34,54,1,170.22,170.22,0,1.0,0,0
15339,574.07,2,416,2011-10-04 12:51:00,2011-01-25 13:15:00,77,66,2,574.07,287.035,251,0.007936507936507936,0,0
15341,2020.52,1,812,2011-09-20 09:40:00,2011-09-20 09:40:00,17,81,1,2020.52,2020.52,0,1.0,0,0
15342,406.09,1,283,2011-08-02 10:19:00,2011-08-02 10:19:00,24,130,1,406.09,406.09,0,1.0,0,0
15343,364.5,1,84,2011-09-13 13:55:00,2011-09-13 13:55:00,21,87,1,364.5,364.5,0,1.0,0,0
15344,563.94,3,116,2011-12-09 10:45:00,2011-09-26 14:48:00,21,1,3,563.94,187.98000000000002,73,0.04054054054054054,1,1
15345,393.54,1,81,2011-10-25 11:28:00,2011-10-25 11:28:00,20,46,1,393.54,393.54,0,1.0,0,0
15346,252.42000000000002,1,144,2011-01-11 11:18:00,2011-01-11 11:18:00,17,333,1,252.42000000000002,252.42000000000002,0,1.0,0,0
15347,201.60000000000002,1,130,2010-12-08 15:25:00,2010-12-08 15:25:00,5,366,1,201.60000000000002,201.60000000000002,0,1.0,0,0
15348,158.04,1,84,2011-09-28 13:17:00,2011-09-28 13:17:00,9,72,1,158.04,158.04,0,1.0,0,0
15349,463.90999999999997,2,321,2011-07-04 16:06:00,2011-06-05 15:46:00,65,158,2,463.90999999999997,231.95499999999998,29,0.06666666666666667,0,0
15350,115.65,1,51,2010-12-01 13:33:00,2010-12-01 13:33:00,5,373,1,115.65,115.65,0,1.0,0,0
15351,1934.66,7,742,2011-11-27 12:52:00,2010-12-05 11:49:00,157,12,7,1934.66,276.38,357,0.019553072625698324,1,1
15353,770.12,2,341,2011-03-30 12:15:00,2010-12-07 11:49:00,59,255,2,770.12,385.06,113,0.017543859649122806,0,0
15355,277.05,2,45,2011-11-10 13:44:00,2011-10-17 15:22:00,9,29,2,277.05,138.525,23,0.08333333333333333,0,0
15356,2718.03,10,1643,2011-11-08 13:11:00,2010-12-06 14:05:00,215,31,10,2718.03,271.803,336,0.02967359050445104,1,1
15358,8347.2,22,7050,2011-12-05 09:04:00,2010-12-09 10:04:00,292,5,22,8347.2,379.41818181818184,360,0.060941828254847646,1,1
15360,427.93,1,223,2011-10-31 09:35:00,2011-10-31 09:35:00,13,40,1,427.93,427.93,0,1.0,0,0
15361,418.92,1,336,2010-12-13 09:52:00,2010-12-13 09:52:00,7,362,1,418.92,418.92,0,1.0,0,0
15363,326.0,1,144,2010-12-02 12:28:00,2010-12-02 12:28:00,16,373,1,326.0,326.0,0,1.0,0,0
15364,913.19,2,493,2011-09-05 09:46:00,2011-03-30 13:39:00,29,96,2,913.19,456.595,158,0.012578616352201259,0,0
15365,2314.32,7,1084,2011-11-14 08:29:00,2011-01-28 13:08:00,65,26,7,2314.32,330.6171428571429,289,0.02413793103448276,1,0
15366,602.51,2,621,2011-09-25 15:01:00,2010-12-16 15:59:00,37,75,2,602.51,301.255,282,0.007067137809187279,0,0
15367,1877.59,4,1057,2011-10-13 14:13:00,2011-03-09 13:53:00,91,57,4,1877.59,469.3975,218,0.0182648401826484,1,0
15368,446.94000000000005,1,230,2011-11-18 14:42:00,2011-11-18 14:42:00,4,21,1,446.94000000000005,446.94000000000005,0,1.0,0,0
15370,2386.05,7,830,2011-10-30 10:58:00,2011-01-11 11:32:00,65,41,7,2386.05,340.86428571428576,291,0.023972602739726026,1,0
15372,2007.3999999999999,1,2924,2011-07-25 16:39:00,2011-07-25 16:39:00,27,137,1,2007.3999999999999,2007.3999999999999,0,1.0,0,0
15373,2415.91,12,500,2011-12-01 15:05:00,2010-12-03 14:40:00,74,8,12,2415.91,201.32583333333332,363,0.03296703296703297,1,1
15374,168.0,1,126,2011-08-03 09:59:00,2011-08-03 09:59:00,3,129,1,168.0,168.0,0,1.0,0,0
15376,1221.56,3,615,2011-10-30 15:04:00,2011-05-01 13:45:00,100,40,3,1221.56,407.18666666666667,182,0.01639344262295082,1,0
15379,3703.29,7,2305,2011-06-23 13:13:00,2010-12-16 13:02:00,145,169,7,3703.29,529.0414285714286,189,0.03684210526315789,1,0
15380,1690.2600000000002,5,376,2011-12-01 12:13:00,2010-12-09 15:01:00,22,9,5,1690.2600000000002,338.052,356,0.014005602240896359,1,1
15381,596.85,2,171,2011-05-10 11:55:00,2011-03-16 13:44:00,8,214,2,596.85,298.425,54,0.03636363636363636,0,0
15382,5955.71,6,4012,2011-11-25 10:58:00,2011-02-17 12:01:00,193,15,6,5955.71,992.6183333333333,280,0.021352313167259787,1,1
15384,642.41,2,596,2011-06-23 10:57:00,2010-12-15 11:34:00,34,170,2,642.41,321.205,189,0.010526315789473684,0,0
15385,316.88,1,161,2011-10-30 15:11:00,2011-10-30 15:11:00,12,40,1,316.88,316.88,0,1.0,0,0
15386,394.14,1,446,2011-06-06 13:47:00,2011-06-06 13:47:00,31,186,1,394.14,394.14,0,1.0,0,0
15388,140.54,1,88,2011-03-14 13:53:00,2011-03-14 13:53:00,10,270,1,140.54,140.54,0,1.0,0,0
15389,500.0,1,400,2011-06-20 16:18:00,2011-06-20 16:18:00,1,172,1,500.0,500.0,0,1.0,0,0
15392,1535.53,4,1277,2011-12-05 11:01:00,2010-12-14 15:50:00,74,5,4,1535.53,383.8825,355,0.011235955056179775,1,1
15393,231.86,2,150,2011-11-23 16:48:00,2011-03-03 16:58:00,10,16,2,231.86,115.93,264,0.007547169811320755,0,0
15394,2183.54,4,910,2011-11-30 11:49:00,2010-12-16 12:46:00,54,10,4,2183.54,545.885,348,0.011461318051575931,1,1
15395,107.45,1,17,2011-01-18 12:40:00,2011-01-18 12:40:00,7,326,1,107.45,107.45,0,1.0,0,0
15396,288.18,1,122,2011-08-19 10:56:00,2011-08-19 10:56:00,14,113,1,288.18,288.18,0,1.0,0,0
15397,94.0,1,20,2011-02-23 09:25:00,2011-02-23 09:25:00,6,290,1,94.0,94.0,0,1.0,0,0
15398,1345.53,2,769,2011-11-23 16:47:00,2011-09-22 14:56:00,60,16,2,1345.53,672.765,62,0.031746031746031744,1,0
15399,815.77,3,611,2011-12-08 13:04:00,2011-09-21 15:57:00,45,1,3,815.77,271.92333333333335,77,0.038461538461538464,1,1
15400,716.2,5,390,2011-09-08 13:57:00,2011-03-06 11:27:00,10,92,5,716.2,143.24,186,0.026737967914438502,0,0
15402,626.77,2,694,2011-07-14 12:17:00,2011-05-27 13:32:00,35,149,2,626.77,313.385,47,0.041666666666666664,0,0
15405,349.1,1,193,2011-06-03 14:44:00,2011-06-03 14:44:00,8,189,1,349.1,349.1,0,1.0,0,0
15406,510.71000000000004,2,254,2011-11-08 13:22:00,2011-02-11 16:19:00,51,31,2,510.71000000000004,255.35500000000002,269,0.007407407407407408,0,0
15407,1046.74,4,552,2011-11-06 11:55:00,2011-02-07 13:18:00,142,34,4,1046.74,261.685,271,0.014705882352941176,1,0
15408,267.18,1,106,2011-03-20 15:02:00,2011-03-20 15:02:00,34,264,1,267.18,267.18,0,1.0,0,0
15410,3450.84,8,1200,2011-09-16 14:47:00,2011-03-23 10:15:00,48,84,8,3450.84,431.355,177,0.0449438202247191,1,0
15411,1348.93,4,529,2011-11-13 15:19:00,2011-06-10 12:30:00,86,26,4,1348.93,337.2325,156,0.025477707006369428,1,0
15412,190.53,1,108,2011-06-21 15:24:00,2011-06-21 15:24:00,10,171,1,190.53,190.53,0,1.0,0,0
15414,774.9000000000001,3,443,2011-11-30 09:50:00,2011-04-11 13:45:00,37,10,3,774.9000000000001,258.3,232,0.012875536480686695,1,1
15415,559.61,1,551,2011-01-30 14:13:00,2011-01-30 14:13:00,46,313,1,559.61,559.61,0,1.0,0,0
15416,3984.32,4,2090,2011-10-06 09:38:00,2011-03-02 08:41:00,165,65,4,3984.32,996.08,218,0.0182648401826484,1,0
15417,508.8,1,284,2011-09-15 15:26:00,2011-09-15 15:26:00,28,85,1,508.8,508.8,0,1.0,0,0
15419,135.86,1,230,2011-11-15 09:23:00,2011-11-15 09:23:00,8,25,1,135.86,135.86,0,1.0,0,0
15421,950.36,4,500,2011-10-12 09:20:00,2011-02-02 14:36:00,40,59,4,950.36,237.59,251,0.015873015873015872,0,0
15422,97.7,2,38,2011-01-20 16:17:00,2011-01-20 14:17:00,6,323,2,97.7,48.85,0,2.0,0,0
15423,43.5,1,101,2011-11-01 14:01:00,2011-11-01 14:01:00,2,38,1,43.5,43.5,0,1.0,0,0
15424,383.34,2,554,2011-03-30 13:02:00,2011-03-30 13:00:00,17,254,2,383.34,191.67,0,2.0,0,0
15426,1404.07,5,656,2011-11-20 15:36:00,2010-12-05 13:55:00,217,19,5,1404.07,280.81399999999996,350,0.014245014245014245,1,1
15427,1430.54,3,967,2011-11-06 14:29:00,2011-10-23 14:47:00,233,33,3,1430.54,476.84666666666664,13,0.21428571428571427,1,0
15428,93.78,1,102,2011-11-24 16:54:00,2011-11-24 16:54:00,6,15,1,93.78,93.78,0,1.0,0,0
15429,397.35,2,380,2011-11-13 12:28:00,2011-09-25 13:42:00,77,27,2,397.35,198.675,48,0.04081632653061224,0,0
15432,171.19,1,65,2011-11-16 16:30:00,2011-11-16 16:30:00,10,23,1,171.19,171.19,0,1.0,0,0
15433,533.3,2,534,2011-05-10 10:45:00,2011-03-17 14:12:00,40,214,2,533.3,266.65,53,0.037037037037037035,0,0
15434,1041.48,5,647,2011-12-01 13:33:00,2011-05-23 14:18:00,40,8,5,1041.48,208.296,191,0.026041666666666668,1,1
15435,149.29,1,54,2011-11-17 16:39:00,2011-11-17 16:39:00,29,22,1,149.29,149.29,0,1.0,0,0
15436,1067.75,3,574,2011-11-27 16:05:00,2011-04-19 16:52:00,243,12,3,1067.75,355.9166666666667,221,0.013513513513513514,1,1
15437,200.16,1,79,2011-03-22 13:11:00,2011-03-22 13:11:00,44,262,1,200.16,200.16,0,1.0,0,0
15438,156.57999999999998,1,59,2011-07-31 14:19:00,2011-07-31 14:19:00,25,131,1,156.57999999999998,156.57999999999998,0,1.0,0,0
15440,383.68,3,197,2011-10-16 12:16:00,2011-05-15 11:30:00,50,55,3,383.68,127.89333333333333,154,0.01935483870967742,0,0
15442,594.0,1,120,2011-04-05 12:24:00,2011-04-05 12:24:00,2,249,1,594.0,594.0,0,1.0,0,0
15443,3213.59,7,1639,2011-12-08 10:40:00,2011-01-23 13:25:00,237,2,7,3213.59,459.0842857142857,318,0.0219435736677116,1,1
15444,1411.21,2,759,2011-11-30 17:37:00,2011-10-30 16:12:00,191,9,2,1411.21,705.605,31,0.0625,1,1
15445,113.5,1,58,2011-03-20 15:06:00,2011-03-20 15:06:00,5,264,1,113.5,113.5,0,1.0,0,0
15447,155.17,1,85,2011-01-13 11:26:00,2011-01-13 11:26:00,9,331,1,155.17,155.17,0,1.0,0,0
15448,494.64,1,232,2011-01-31 10:42:00,2011-01-31 10:42:00,28,313,1,494.64,494.64,0,1.0,0,0
15449,974.52,3,812,2011-11-13 15:02:00,2011-03-23 10:43:00,47,26,3,974.52,324.84,235,0.012711864406779662,1,0
15450,429.84,1,376,2011-11-09 17:11:00,2011-11-09 17:11:00,30,30,1,429.84,429.84,0,1.0,0,0
15452,528.48,3,280,2011-11-10 12:13:00,2011-03-20 15:21:00,47,30,3,528.48,176.16,234,0.01276595744680851,0,0
15453,1371.77,7,837,2011-12-08 10:59:00,2011-06-05 12:37:00,169,2,7,1371.77,195.96714285714285,185,0.03763440860215054,1,1
15454,179.1,1,86,2010-12-12 14:21:00,2010-12-12 14:21:00,23,362,1,179.1,179.1,0,1.0,0,0
15456,434.59000000000003,3,633,2011-03-01 13:51:00,2010-12-15 15:34:00,48,283,3,434.59000000000003,144.86333333333334,75,0.039473684210526314,0,0
15457,237.07,1,132,2011-03-22 15:31:00,2011-03-22 15:31:00,56,262,1,237.07,237.07,0,1.0,0,0
15458,161.64,1,156,2011-11-14 13:08:00,2011-11-14 13:08:00,7,25,1,161.64,161.64,0,1.0,0,0
15460,214.26,1,107,2010-12-20 16:08:00,2010-12-20 16:08:00,53,354,1,214.26,214.26,0,1.0,0,0
15462,234.6,3,172,2011-09-06 13:11:00,2011-06-05 15:36:00,9,94,3,234.6,78.2,92,0.03225806451612903,0,0
15463,126.14,1,106,2011-11-10 12:57:00,2011-11-10 12:57:00,7,29,1,126.14,126.14,0,1.0,0,0
15464,1044.65,1,348,2011-01-05 15:56:00,2011-01-05 15:56:00,155,338,1,1044.65,1044.65,0,1.0,0,0
15465,7354.62,18,1257,2011-11-20 10:11:00,2010-12-05 10:12:00,43,20,18,7354.62,408.59,349,0.05142857142857143,1,1
15466,334.53,1,246,2011-09-15 14:08:00,2011-09-15 14:08:00,56,85,1,334.53,334.53,0,1.0,0,0
15467,524.88,3,310,2011-11-30 14:17:00,2011-07-10 14:42:00,41,9,3,524.88,174.96,142,0.02097902097902098,1,1
15468,467.51,2,155,2011-10-19 13:49:00,2011-10-19 13:38:00,24,51,2,467.51,233.755,0,2.0,0,0
15469,538.55,2,153,2011-10-20 16:21:00,2011-08-11 16:54:00,24,50,2,538.55,269.275,69,0.02857142857142857,0,0
15471,454.48,1,256,2011-12-07 14:12:00,2011-12-07 14:12:00,67,2,1,454.48,454.48,0,1.0,0,1
15472,371.56,1,251,2011-08-18 15:17:00,2011-08-18 15:17:00,76,113,1,371.56,371.56,0,1.0,0,0
15473,1771.2,7,672,2011-11-25 15:15:00,2011-10-10 11:12:00,4,14,7,1771.2,253.02857142857144,46,0.14893617021276595,1,1
15475,454.10999999999996,1,319,2011-09-23 15:20:00,2011-09-23 15:20:00,29,77,1,454.10999999999996,454.10999999999996,0,1.0,0,0
15478,1399.92,2,575,2011-10-30 14:19:00,2011-10-14 11:09:00,34,40,2,1399.92,699.96,16,0.11764705882352941,0,0
15480,905.5,1,303,2011-08-15 14:32:00,2011-08-15 14:32:00,45,116,1,905.5,905.5,0,1.0,0,0
15482,10879.76,12,5004,2011-11-24 10:46:00,2010-12-16 10:08:00,46,16,12,10879.76,906.6466666666666,343,0.03488372093023256,1,1
15483,225.26,4,291,2011-07-01 13:07:00,2011-03-18 12:26:00,74,161,4,225.26,56.315,105,0.03773584905660377,0,0
15484,3590.41,4,3150,2011-12-08 15:03:00,2011-09-22 13:31:00,135,1,4,3590.41,897.6025,77,0.05128205128205128,1,1
15485,2564.5,3,1281,2011-11-09 14:31:00,2010-12-01 13:23:00,59,30,3,2564.5,854.8333333333334,343,0.00872093023255814,1,0
15488,91.32000000000001,1,73,2011-09-08 10:11:00,2011-09-08 10:11:00,2,93,1,91.32000000000001,91.32000000000001,0,1.0,0,0
15489,1134.28,3,608,2011-11-17 08:53:00,2011-05-12 12:54:00,47,23,3,1134.28,378.0933333333333,188,0.015873015873015872,1,0
15491,3100.09,6,1646,2011-09-05 15:56:00,2011-04-18 10:04:00,108,95,6,3100.09,516.6816666666667,140,0.0425531914893617,1,0
15492,659.4599999999999,2,483,2011-11-11 14:53:00,2011-09-26 14:02:00,32,28,2,659.4599999999999,329.72999999999996,46,0.0425531914893617,0,0
15493,1953.41,5,551,2011-11-07 12:04:00,2011-03-14 11:44:00,177,33,5,1953.41,390.682,238,0.02092050209205021,1,0
15494,1280.58,2,1139,2011-11-18 14:51:00,2011-08-10 15:29:00,120,21,2,1280.58,640.29,99,0.02,1,0
15497,1262.2,2,624,2011-11-22 11:51:00,2011-01-24 10:01:00,13,18,2,1262.2,631.1,302,0.006600660066006601,1,0
15498,13316.4,27,6105,2011-12-07 12:48:00,2010-12-08 12:29:00,360,3,27,13316.4,493.2,364,0.07397260273972603,1,1
15500,1131.56,4,572,2011-12-01 13:47:00,2011-09-19 13:47:00,64,8,4,1131.56,282.89,73,0.05405405405405406,1,1
15502,10384.93,12,4236,2011-11-24 12:48:00,2010-12-05 15:40:00,164,16,12,10384.93,865.4108333333334,353,0.03389830508474576,1,1
15503,141.04,1,70,2010-12-12 10:57:00,2010-12-12 10:57:00,66,363,1,141.04,141.04,0,1.0,0,0
15504,52.83,1,33,2011-09-19 13:45:00,2011-09-19 13:45:00,13,81,1,52.83,52.83,0,1.0,0,0
15505,3610.96,5,2390,2011-10-18 07:56:00,2011-07-07 13:33:00,90,53,5,3610.96,722.192,102,0.04854368932038835,1,0
15506,972.08,3,842,2011-11-17 12:11:00,2011-07-24 11:45:00,121,23,3,972.08,324.0266666666667,116,0.02564102564102564,1,0
15507,475.86,1,160,2011-06-21 11:19:00,2011-06-21 11:19:00,41,172,1,475.86,475.86,0,1.0,0,0
15508,1000.27,6,440,2011-06-03 15:43:00,2011-04-18 15:31:00,78,189,6,1000.27,166.71166666666667,46,0.1276595744680851,0,0
15510,250.0,1,2,2011-01-13 12:10:00,2011-01-13 12:10:00,1,331,1,250.0,250.0,0,1.0,0,0
15511,900.53,5,269,2011-11-28 09:43:00,2011-09-15 15:05:00,117,12,5,900.53,180.106,73,0.06756756756756757,1,1
15512,121.0,2,68,2011-07-07 10:20:00,2010-12-15 12:01:00,7,156,2,121.0,60.5,203,0.00980392156862745,0,0
15513,14758.220000000001,19,5709,2011-11-06 14:36:00,2010-12-01 11:22:00,183,33,19,14758.220000000001,776.7484210526317,340,0.05571847507331378,1,1
15514,4023.7200000000003,11,2098,2011-11-27 14:40:00,2010-12-10 13:50:00,96,12,11,4023.7200000000003,365.7927272727273,352,0.031161473087818695,1,1
15516,62.43,3,27,2011-10-26 10:51:00,2011-10-24 11:33:00,15,45,3,62.43,20.81,1,1.5,0,0
15517,267.03,1,293,2011-04-20 14:02:00,2011-04-20 14:02:00,27,233,1,267.03,267.03,0,1.0,0,0
15518,1921.55,8,1263,2011-10-06 13:05:00,2011-01-11 12:55:00,135,64,8,1921.55,240.19375,268,0.02973977695167286,1,0
15520,343.5,1,314,2011-12-08 10:58:00,2011-12-08 10:58:00,18,2,1,343.5,343.5,0,1.0,0,1
15521,3000.2,8,1836,2011-10-30 13:42:00,2011-03-30 09:15:00,116,40,8,3000.2,375.025,214,0.037209302325581395,1,0
15522,397.99,2,572,2011-11-07 11:26:00,2011-09-13 12:26:00,47,33,2,397.99,198.995,54,0.03636363636363636,0,0
15523,412.01000000000005,1,132,2011-09-16 16:29:00,2011-09-16 16:29:00,10,84,1,412.01000000000005,412.01000000000005,0,1.0,0,0
15524,440.0,1,4,2011-11-15 12:09:00,2011-11-15 12:09:00,1,25,1,440.0,440.0,0,1.0,0,0
15525,734.37,3,387,2011-12-07 14:43:00,2010-12-01 13:17:00,133,2,3,734.37,244.79,371,0.008064516129032258,1,1
15526,148.44,2,24,2011-11-06 15:04:00,2011-11-06 15:01:00,4,33,2,148.44,74.22,0,2.0,0,0
15527,2428.53,8,991,2011-11-21 12:17:00,2010-12-20 14:15:00,127,19,8,2428.53,303.56625,335,0.023809523809523808,1,1
15528,229.33,1,123,2011-03-30 16:14:00,2011-03-30 16:14:00,26,254,1,229.33,229.33,0,1.0,0,0
15529,3962.6,11,3455,2011-11-17 11:29:00,2010-12-08 12:24:00,415,23,11,3962.6,360.23636363636365,343,0.03197674418604651,1,1
15530,1497.31,4,938,2011-11-18 12:25:00,2011-04-07 11:16:00,90,22,4,1497.31,374.3275,225,0.017699115044247787,1,1
15531,1972.39,2,1085,2011-12-01 18:43:00,2011-11-09 17:47:00,196,8,2,1972.39,986.195,22,0.08695652173913043,1,1
15532,1564.73,4,515,2011-11-14 14:51:00,2010-12-16 16:45:00,205,25,4,1564.73,391.1825,332,0.012012012012012012,1,1
15533,807.57,3,289,2011-11-20 15:35:00,2011-09-11 15:41:00,73,19,3,807.57,269.19,69,0.04285714285714286,1,0
15535,502.9,4,135,2011-06-19 16:02:00,2011-01-16 12:35:00,55,173,4,502.9,125.725,154,0.025806451612903226,0,0
15537,110.92,1,29,2011-06-29 13:10:00,2011-06-29 13:10:00,24,163,1,110.92,110.92,0,1.0,0,0
15539,538.46,1,410,2011-12-02 13:36:00,2011-12-02 13:36:00,41,7,1,538.46,538.46,0,1.0,0,1
15540,213.3,1,200,2011-11-28 13:51:00,2011-11-28 13:51:00,15,11,1,213.3,213.3,0,1.0,0,0
15541,85.13000000000001,1,49,2011-08-17 14:58:00,2011-08-17 14:58:00,29,114,1,85.13000000000001,85.13000000000001,0,1.0,0,0
15543,127.86,1,86,2011-02-24 15:26:00,2011-02-24 15:26:00,26,288,1,127.86,127.86,0,1.0,0,0
15544,3546.71,9,3109,2011-11-30 16:43:00,2010-12-02 12:47:00,122,9,9,3546.71,394.0788888888889,363,0.024725274725274724,1,1
15545,288.96999999999997,2,162,2011-10-16 13:24:00,2010-12-03 17:28:00,78,54,2,288.96999999999997,144.48499999999999,316,0.006309148264984227,0,0
15547,4910.6,14,3999,2011-12-02 12:52:00,2010-12-12 13:26:00,441,7,14,4910.6,350.75714285714287,354,0.03943661971830986,1,1
15549,1681.46,3,694,2011-09-23 16:22:00,2011-01-27 15:38:00,104,77,3,1681.46,560.4866666666667,239,0.0125,0,0
15550,575.63,4,295,2011-12-05 15:38:00,2011-02-11 12:49:00,43,4,4,575.63,143.9075,297,0.013422818791946308,1,1
15551,436.06,1,218,2011-11-03 12:37:00,2011-11-03 12:37:00,29,37,1,436.06,436.06,0,1.0,0,0
15552,90.12,1,60,2011-05-06 14:47:00,2011-05-06 14:47:00,17,217,1,90.12,90.12,0,1.0,0,0
15553,428.93,1,449,2011-10-10 14:02:00,2011-10-10 14:02:00,51,60,1,428.93,428.93,0,1.0,0,0
15554,217.2,1,74,2011-03-07 09:00:00,2011-03-07 09:00:00,14,278,1,217.2,217.2,0,1.0,0,0
15555,4794.86,16,4427,2011-11-27 16:19:00,2010-12-05 14:45:00,401,12,16,4794.86,299.67875,357,0.0446927374301676,1,1
15556,279.77,1,236,2011-11-15 16:08:00,2011-11-15 16:08:00,31,24,1,279.77,279.77,0,1.0,0,0
15557,468.91,1,213,2011-11-11 12:46:00,2011-11-11 12:46:00,16,29,1,468.91,468.91,0,1.0,0,0
15561,800.59,4,267,2011-11-28 11:07:00,2011-05-08 11:38:00,27,12,4,800.59,200.1475,203,0.0196078431372549,1,1
15562,134.55,1,39,2010-12-23 09:55:00,2010-12-23 09:55:00,1,352,1,134.55,134.55,0,1.0,0,0
15563,1400.44,4,1501,2011-11-17 14:50:00,2010-12-16 11:27:00,88,22,4,1400.44,350.11,336,0.011869436201780416,1,1
15565,173.16,2,60,2011-10-20 14:33:00,2011-09-30 10:44:00,8,50,2,173.16,86.58,20,0.09523809523809523,0,0
15567,186.01,1,223,2011-11-21 10:48:00,2011-11-21 10:48:00,7,19,1,186.01,186.01,0,1.0,0,0
15568,758.29,3,461,2011-12-07 11:27:00,2011-09-27 14:37:00,27,3,3,758.29,252.76333333333332,70,0.04225352112676056,1,1
15569,1375.71,5,666,2011-08-28 10:15:00,2011-01-11 13:26:00,27,104,5,1375.71,275.142,228,0.021834061135371178,1,0
15570,4148.82,12,2063,2011-12-02 14:47:00,2010-12-05 12:57:00,231,7,12,4148.82,345.73499999999996,362,0.03305785123966942,1,1
15571,650.4300000000001,4,264,2011-11-28 10:02:00,2011-09-22 13:15:00,47,12,4,650.4300000000001,162.60750000000002,66,0.05970149253731343,1,1
15572,2533.42,7,1213,2011-12-05 10:09:00,2011-03-06 14:44:00,166,5,7,2533.42,361.9171428571429,273,0.025547445255474453,1,1
15573,591.1899999999999,2,355,2011-11-08 11:38:00,2011-09-15 12:16:00,88,32,2,591.1899999999999,295.59499999999997,53,0.037037037037037035,0,0
15574,675.64,4,332,2011-06-15 12:01:00,2010-12-02 15:46:00,131,178,4,675.64,168.91,194,0.020512820512820513,0,0
15576,921.37,1,394,2011-11-02 12:03:00,2011-11-02 12:03:00,43,38,1,921.37,921.37,0,1.0,0,0
15577,258.88,3,89,2011-07-11 17:03:00,2011-02-07 13:32:00,39,151,3,258.88,86.29333333333334,154,0.01935483870967742,0,0
15578,127.1,1,52,2011-06-30 13:03:00,2011-06-30 13:03:00,13,162,1,127.1,127.1,0,1.0,0,0
15579,327.6,2,117,2011-10-02 12:45:00,2011-01-30 12:09:00,45,69,2,327.6,163.8,245,0.008130081300813009,0,0
15581,3675.77,13,283,2011-08-11 09:38:00,2010-12-08 14:38:00,134,121,13,3675.77,282.7515384615385,245,0.052845528455284556,1,0
15582,682.9100000000001,3,453,2011-11-15 09:55:00,2011-05-03 13:36:00,39,25,3,682.9100000000001,227.63666666666668,195,0.015306122448979591,0,0
15584,720.86,4,313,2011-11-16 10:55:00,2011-06-30 16:39:00,89,24,4,720.86,180.215,138,0.02877697841726619,1,0
15585,455.3,1,320,2011-06-16 08:38:00,2011-06-16 08:38:00,31,177,1,455.3,455.3,0,1.0,0,0
15587,913.6800000000001,4,312,2011-10-20 13:37:00,2010-12-23 09:59:00,3,50,4,913.6800000000001,228.42000000000002,301,0.013245033112582781,1,0
15589,478.53000000000003,3,243,2011-03-29 09:54:00,2011-02-02 10:46:00,28,256,3,478.53000000000003,159.51000000000002,54,0.05454545454545454,0,0
15592,388.58,1,354,2011-10-24 08:59:00,2011-10-24 08:59:00,24,47,1,388.58,388.58,0,1.0,0,0
15593,199.8,1,60,2011-09-30 11:46:00,2011-09-30 11:46:00,5,71,1,199.8,199.8,0,1.0,0,0
15594,1771.78,5,983,2011-11-24 08:53:00,2011-04-19 10:08:00,85,16,5,1771.78,354.356,218,0.0228310502283105,1,1
15596,1406.59,5,561,2011-08-31 10:55:00,2010-12-09 16:10:00,51,101,5,1406.59,281.318,264,0.018867924528301886,1,0
15597,324.57,1,279,2011-11-04 13:26:00,2011-11-04 13:26:00,22,35,1,324.57,324.57,0,1.0,0,0
15598,240.68,1,160,2011-10-17 16:04:00,2011-10-17 16:04:00,14,53,1,240.68,240.68,0,1.0,0,0
15599,761.74,2,718,2011-11-13 11:44:00,2011-05-19 13:05:00,50,27,2,761.74,380.87,177,0.011235955056179775,0,0
15601,6776.56,14,4983,2011-11-28 15:15:00,2010-12-02 10:39:00,230,11,14,6776.56,484.04,361,0.03867403314917127,1,1
15602,1297.8700000000001,9,1137,2011-12-01 14:14:00,2010-12-06 15:35:00,30,8,9,1297.8700000000001,144.20777777777778,359,0.025,1,1
15603,48.480000000000004,1,96,2011-09-22 10:04:00,2011-09-22 10:04:00,2,79,1,48.480000000000004,48.480000000000004,0,1.0,0,0
15604,216.39,1,159,2011-10-18 14:47:00,2011-10-18 14:47:00,17,52,1,216.39,216.39,0,1.0,0,0
15605,1198.23,5,441,2011-11-03 14:17:00,2010-12-01 13:38:00,61,36,5,1198.23,239.64600000000002,337,0.014792899408284023,1,0
15606,2920.16,9,892,2011-10-09 15:47:00,2011-01-19 12:07:00,48,61,9,2920.16,324.4622222222222,263,0.03409090909090909,1,0
15607,104.76,1,202,2011-01-07 12:44:00,2011-01-07 12:44:00,13,337,1,104.76,104.76,0,1.0,0,0
15608,1093.68,4,714,2011-11-11 13:20:00,2011-08-11 09:56:00,59,28,4,1093.68,273.42,92,0.043010752688172046,1,0
15609,298.48,1,148,2011-06-08 13:00:00,2011-06-08 13:00:00,16,184,1,298.48,298.48,0,1.0,0,0
15610,112.46000000000001,1,66,2011-10-19 10:36:00,2011-10-19 10:36:00,6,52,1,112.46000000000001,112.46000000000001,0,1.0,0,0
15611,1591.45,13,504,2011-11-30 12:36:00,2011-01-09 11:32:00,23,10,13,1591.45,122.41923076923078,325,0.03987730061349693,1,1
15612,195.15,2,52,2011-11-03 14:52:00,2011-10-09 12:49:00,4,36,2,195.15,97.575,25,0.07692307692307693,0,0
15615,10399.74,23,5508,2011-11-29 14:42:00,2010-12-15 16:21:00,184,10,23,10399.74,452.1626086956522,348,0.0659025787965616,1,1
15618,776.851,4,454,2011-11-07 08:34:00,2011-07-26 10:13:00,39,33,4,776.851,194.21275,103,0.038461538461538464,1,0
15619,336.40000000000003,1,136,2011-11-29 08:14:00,2011-11-29 08:14:00,3,11,1,336.40000000000003,336.40000000000003,0,1.0,0,0
15620,1553.18,3,915,2011-10-14 12:41:00,2010-12-16 14:34:00,92,57,3,1553.18,517.7266666666667,301,0.009933774834437087,1,0
15621,1293.03,4,501,2011-12-05 14:01:00,2011-11-18 11:49:00,11,4,4,1293.03,323.2575,17,0.2222222222222222,1,1
15622,3709.56,9,1674,2011-10-27 16:44:00,2011-03-02 13:42:00,169,43,9,3709.56,412.17333333333335,239,0.0375,1,0
15623,301.03,1,125,2011-07-21 17:26:00,2011-07-21 17:26:00,19,141,1,301.03,301.03,0,1.0,0,0
15624,588.13,4,357,2011-08-15 11:38:00,2011-03-28 13:32:00,26,117,4,588.13,147.0325,139,0.02857142857142857,0,0
15625,1534.26,4,1188,2011-08-28 10:21:00,2011-04-18 14:01:00,44,104,4,1534.26,383.565,131,0.030303030303030304,0,0
15626,675.8,2,766,2011-09-26 10:03:00,2011-01-14 10:10:00,49,75,2,675.8,337.9,254,0.00784313725490196,0,0
15628,2870.2400000000002,9,1894,2011-12-05 10:24:00,2010-12-08 09:51:00,85,5,9,2870.2400000000002,318.91555555555556,362,0.024793388429752067,1,1
15630,1186.35,2,800,2011-10-25 15:36:00,2011-05-19 10:16:00,57,45,2,1186.35,593.175,159,0.0125,0,0
15632,3285.31,8,2109,2011-11-24 09:51:00,2011-03-10 08:29:00,107,16,8,3285.31,410.66375,259,0.03076923076923077,1,1
15634,243.55,1,99,2011-11-22 16:28:00,2011-11-22 16:28:00,15,17,1,243.55,243.55,0,1.0,0,0
15636,724.76,2,284,2011-09-11 11:17:00,2011-03-02 14:50:00,20,90,2,724.76,362.38,192,0.010362694300518135,0,0
15637,223.36,1,128,2011-10-18 08:28:00,2011-10-18 08:28:00,15,53,1,223.36,223.36,0,1.0,0,0
15639,425.32,1,323,2011-07-28 14:30:00,2011-07-28 14:30:00,25,134,1,425.32,425.32,0,1.0,0,0
15640,12416.11,15,6572,2011-12-05 14:35:00,2010-12-02 15:40:00,240,4,15,12416.11,827.7406666666667,367,0.04076086956521739,1,1
15641,1887.2,4,1562,2011-08-26 14:04:00,2010-12-15 14:45:00,102,105,4,1887.2,471.8,253,0.015748031496062992,1,0
15643,664.0,3,246,2011-06-01 07:38:00,2011-03-02 14:34:00,31,192,3,664.0,221.33333333333334,90,0.03296703296703297,0,0
15644,803.54,4,550,2011-06-26 14:54:00,2011-03-23 15:37:00,166,166,4,803.54,200.885,94,0.042105263157894736,0,0
15645,612.01,1,256,2011-11-21 11:55:00,2011-11-21 11:55:00,50,19,1,612.01,612.01,0,1.0,0,0
15646,447.64000000000004,3,394,2011-07-05 09:53:00,2010-12-02 16:59:00,35,158,3,447.64000000000004,149.21333333333334,214,0.013953488372093023,0,0
15648,639.5,2,218,2011-05-19 15:53:00,2011-03-17 18:59:00,23,204,2,639.5,319.75,62,0.031746031746031744,0,0
15649,816.0,2,192,2011-01-07 13:34:00,2010-12-07 10:06:00,1,336,2,816.0,408.0,31,0.0625,0,0
15651,646.3,3,479,2011-11-03 08:41:00,2011-03-24 08:56:00,27,37,3,646.3,215.4333333333333,223,0.013392857142857142,0,0
15652,337.74,1,208,2011-09-09 14:22:00,2011-09-09 14:22:00,21,91,1,337.74,337.74,0,1.0,0,0
15653,877.4399999999999,2,1200,2011-09-08 10:49:00,2011-08-16 09:50:00,4,93,2,877.4399999999999,438.71999999999997,23,0.08333333333333333,0,0
15654,922.53,2,475,2011-11-30 13:08:00,2011-11-13 15:15:00,15,9,2,922.53,461.265,16,0.11764705882352941,1,1
15655,560.67,1,324,2011-04-10 15:25:00,2011-04-10 15:25:00,34,243,1,560.67,560.67,0,1.0,0,0
15656,748.5,4,343,2011-10-25 14:56:00,2011-02-28 15:32:00,46,45,4,748.5,187.125,238,0.016736401673640166,0,0
15657,30.0,1,24,2011-11-17 12:19:00,2011-11-17 12:19:00,1,23,1,30.0,30.0,0,1.0,0,0
15658,1024.1000000000001,5,242,2011-06-02 15:22:00,2010-12-02 10:53:00,40,190,5,1024.1000000000001,204.82000000000002,182,0.0273224043715847,0,0
15659,306.45,1,111,2011-10-27 09:23:00,2011-10-27 09:23:00,11,44,1,306.45,306.45,0,1.0,0,0
15660,1600.86,9,1050,2011-11-14 16:58:00,2010-12-09 09:49:00,55,25,9,1600.86,177.87333333333333,340,0.026392961876832845,1,1
15661,309.8,2,236,2011-01-26 13:56:00,2011-01-05 12:32:00,4,317,2,309.8,154.9,21,0.09090909090909091,0,0
15663,138.14,1,106,2011-08-25 15:50:00,2011-08-25 15:50:00,9,106,1,138.14,138.14,0,1.0,0,0
15664,386.43,1,157,2011-10-20 10:57:00,2011-10-20 10:57:00,17,51,1,386.43,386.43,0,1.0,0,0
15665,2222.21,2,1654,2011-06-24 14:57:00,2011-04-10 15:09:00,92,168,2,2222.21,1111.105,74,0.02666666666666667,0,0
15667,301.32,1,240,2011-10-31 10:56:00,2011-10-31 10:56:00,13,40,1,301.32,301.32,0,1.0,0,0
15668,76.32000000000001,1,72,2011-05-06 10:39:00,2011-05-06 10:39:00,1,218,1,76.32000000000001,76.32000000000001,0,1.0,0,0
15669,684.34,4,342,2011-10-30 16:03:00,2011-03-21 09:13:00,31,40,4,684.34,171.085,223,0.017857142857142856,0,0
15670,173.05,1,91,2011-02-16 10:50:00,2011-02-16 10:50:00,12,297,1,173.05,173.05,0,1.0,0,0
15671,2657.13,7,1699,2011-11-21 12:43:00,2011-03-14 09:37:00,52,19,7,2657.13,379.59000000000003,252,0.02766798418972332,1,1
15673,2726.23,4,1451,2011-09-12 16:12:00,2011-01-16 16:25:00,107,88,4,2726.23,681.5575,238,0.016736401673640166,1,0
15674,2446.6,5,1275,2011-09-27 15:17:00,2011-03-30 09:19:00,88,73,5,2446.6,489.32,181,0.027472527472527472,1,0
15675,323.69,3,527,2011-09-19 13:48:00,2011-03-04 14:21:00,20,81,3,323.69,107.89666666666666,198,0.01507537688442211,0,0
15676,3435.76,3,2252,2011-11-21 12:40:00,2011-03-01 10:19:00,191,19,3,3435.76,1145.2533333333333,265,0.011278195488721804,1,0
15677,657.23,1,319,2011-10-21 15:36:00,2011-10-21 15:36:00,33,49,1,657.23,657.23,0,1.0,0,0
15678,352.7,1,184,2011-10-18 09:25:00,2011-10-18 09:25:00,12,53,1,352.7,352.7,0,1.0,0,0
15679,781.28,4,1170,2011-11-15 16:19:00,2011-06-10 08:24:00,98,24,4,781.28,195.32,158,0.025157232704402517,1,0
15680,1333.68,3,952,2011-11-30 13:46:00,2010-12-08 14:43:00,61,9,3,1333.68,444.56,356,0.008403361344537815,1,1
15681,1426.16,5,816,2011-11-14 16:30:00,2011-03-04 13:46:00,32,25,5,1426.16,285.232,255,0.01953125,1,1
15683,193.75,1,131,2011-08-14 12:56:00,2011-08-14 12:56:00,10,117,1,193.75,193.75,0,1.0,0,0
15687,2993.1,9,1310,2011-12-01 08:33:00,2011-01-13 15:13:00,119,9,9,2993.1,332.56666666666666,321,0.027950310559006212,1,1
15689,254.1,2,84,2011-08-12 09:37:00,2010-12-13 09:57:00,8,120,2,254.1,127.05,241,0.008264462809917356,0,0
15690,239.76,2,408,2011-12-05 15:59:00,2011-08-31 11:40:00,19,4,2,239.76,119.88,96,0.020618556701030927,0,1
15691,136.8,1,72,2011-04-01 15:13:00,2011-04-01 15:13:00,2,252,1,136.8,136.8,0,1.0,0,0
15692,191.04,1,138,2011-11-11 14:12:00,2011-11-11 14:12:00,12,28,1,191.04,191.04,0,1.0,0,0
15694,6479.4,14,1677,2011-12-09 09:44:00,2010-12-02 07:49:00,42,1,14,6479.4,462.8142857142857,372,0.03753351206434316,1,1
15695,409.98,2,212,2011-03-18 08:32:00,2011-03-18 08:31:00,22,267,2,409.98,204.99,0,2.0,0,0
15696,2711.11,8,1015,2011-11-06 14:02:00,2011-01-17 11:24:00,140,33,8,2711.11,338.88875,293,0.027210884353741496,1,0
15699,309.65,1,113,2011-11-22 08:26:00,2011-11-22 08:26:00,18,18,1,309.65,309.65,0,1.0,0,0
15700,696.68,2,357,2011-06-20 16:53:00,2011-06-19 15:36:00,85,172,2,696.68,348.34,1,1.0,0,0
15701,1529.0,4,912,2011-12-07 14:39:00,2011-08-21 12:36:00,193,2,4,1529.0,382.25,108,0.03669724770642202,1,1
15703,211.5,1,66,2011-03-20 10:51:00,2011-03-20 10:51:00,5,265,1,211.5,211.5,0,1.0,0,0
15704,2293.62,4,1028,2011-07-22 13:35:00,2011-05-08 12:42:00,79,140,4,2293.62,573.405,75,0.05263157894736842,1,0
15705,143.1,1,62,2011-05-22 15:37:00,2011-05-22 15:37:00,6,201,1,143.1,143.1,0,1.0,0,0
15706,1060.56,4,321,2011-10-07 10:09:00,2011-08-15 14:32:00,50,64,4,1060.56,265.14,52,0.07547169811320754,0,0
15707,916.98,4,594,2011-11-04 14:35:00,2011-09-14 14:19:00,126,35,4,916.98,229.245,51,0.07692307692307693,1,0
15708,3235.25,7,1217,2011-10-30 10:54:00,2010-12-05 11:12:00,124,41,7,3235.25,462.17857142857144,328,0.02127659574468085,1,0
15709,133.25,1,121,2011-03-01 10:38:00,2011-03-01 10:38:00,6,284,1,133.25,133.25,0,1.0,0,0
15712,1072.3600000000001,5,486,2011-11-30 14:09:00,2011-02-25 11:32:00,41,9,5,1072.3600000000001,214.47200000000004,278,0.017921146953405017,1,1
15713,356.7,2,150,2011-07-19 13:34:00,2010-12-08 15:16:00,18,143,2,356.7,178.35,222,0.008968609865470852,0,0
15714,330.03000000000003,2,186,2011-11-28 11:26:00,2011-09-23 11:25:00,34,12,2,330.03000000000003,165.01500000000001,66,0.029850746268656716,0,0
15716,1101.1100000000001,4,738,2011-07-17 11:59:00,2010-12-05 12:26:00,101,146,4,1101.1100000000001,275.27750000000003,223,0.017857142857142856,0,0
15717,150.3,1,70,2011-04-19 13:21:00,2011-04-19 13:21:00,7,234,1,150.3,150.3,0,1.0,0,0
15719,5030.07,13,2718,2011-11-07 12:29:00,2011-01-06 12:31:00,299,33,13,5030.07,386.92846153846153,304,0.04262295081967213,1,1
15720,598.73,1,281,2011-11-15 14:48:00,2011-11-15 14:48:00,128,24,1,598.73,598.73,0,1.0,0,0
15721,471.40000000000003,1,388,2011-11-28 12:14:00,2011-11-28 12:14:00,80,12,1,471.40000000000003,471.40000000000003,0,1.0,0,0
15722,2211.21,5,1023,2011-11-04 11:43:00,2011-02-22 12:24:00,45,36,5,2211.21,442.242,254,0.0196078431372549,1,0
15723,190.7,1,73,2010-12-10 11:12:00,2010-12-10 11:12:00,37,365,1,190.7,190.7,0,1.0,0,0
15724,218.25,2,73,2011-05-22 14:40:00,2011-02-28 10:40:00,11,201,2,218.25,109.125,83,0.023809523809523808,0,0
15725,415.25,1,221,2011-11-24 14:51:00,2011-11-24 14:51:00,32,15,1,415.25,415.25,0,1.0,0,0
15727,5159.06,7,3063,2011-11-23 12:36:00,2010-12-15 15:47:00,213,17,7,5159.06,737.0085714285715,342,0.02040816326530612,1,1
15729,85.0,1,28,2011-05-11 12:36:00,2011-05-11 12:36:00,5,213,1,85.0,85.0,0,1.0,0,0
15730,1120.88,3,689,2011-10-05 12:31:00,2011-05-17 12:43:00,68,66,3,1120.88,373.6266666666667,140,0.02127659574468085,0,0
15732,294.12,2,215,2011-05-11 14:24:00,2010-12-02 15:00:00,13,212,2,294.12,147.06,159,0.0125,0,0
15733,162.3,1,62,2011-03-02 09:05:00,2011-03-02 09:05:00,10,283,1,162.3,162.3,0,1.0,0,0
15734,1339.45,2,346,2011-08-17 10:50:00,2011-05-23 14:59:00,25,115,2,1339.45,669.725,85,0.023255813953488372,0,0
15737,1188.1200000000001,8,597,2011-11-25 11:21:00,2011-04-11 10:01:00,60,15,8,1188.1200000000001,148.51500000000001,228,0.034934497816593885,1,1
15738,4812.42,16,2982,2011-11-21 08:26:00,2010-12-02 12:50:00,46,19,16,4812.42,300.77625,353,0.04519774011299435,1,1
15739,449.12,1,472,2011-10-04 13:42:00,2011-10-04 13:42:00,8,66,1,449.12,449.12,0,1.0,0,0
15740,154.88,1,152,2011-10-21 14:29:00,2011-10-21 14:29:00,9,49,1,154.88,154.88,0,1.0,0,0
15743,775.96,4,214,2011-11-23 17:19:00,2011-06-08 10:14:00,59,16,4,775.96,193.99,168,0.023668639053254437,1,0
15744,34.8,1,120,2011-09-23 09:52:00,2011-09-23 09:52:00,3,78,1,34.8,34.8,0,1.0,0,0
15745,1094.59,4,421,2011-11-20 13:45:00,2011-04-17 13:04:00,57,19,4,1094.59,273.6475,217,0.01834862385321101,1,1
15746,196.88,1,178,2011-07-28 15:21:00,2011-07-28 15:21:00,28,134,1,196.88,196.88,0,1.0,0,0
15747,946.64,3,466,2011-11-27 12:26:00,2011-06-20 11:30:00,52,13,3,946.64,315.5466666666667,160,0.018633540372670808,1,1
15748,144.36,1,50,2011-10-30 12:51:00,2011-10-30 12:51:00,19,40,1,144.36,144.36,0,1.0,0,0
15749,44534.3,3,18028,2011-04-18 13:20:00,2011-01-11 12:55:00,5,235,3,44534.3,14844.766666666668,97,0.030612244897959183,1,0
15750,2463.05,8,1783,2011-12-07 12:34:00,2010-12-08 10:36:00,214,3,8,2463.05,307.88125,364,0.021917808219178082,1,1
15752,2626.6,7,1960,2011-10-31 11:37:00,2010-12-02 09:43:00,236,40,7,2626.6,375.2285714285714,333,0.020958083832335328,1,0
15753,79.2,1,144,2011-02-08 12:41:00,2011-02-08 12:41:00,1,305,1,79.2,79.2,0,1.0,0,0
15754,458.57,3,199,2011-10-19 14:40:00,2011-04-07 12:24:00,24,51,3,458.57,152.85666666666665,195,0.015306122448979591,0,0
15755,2364.25,6,1427,2011-11-29 14:57:00,2011-02-18 11:53:00,127,10,6,2364.25,394.0416666666667,284,0.021052631578947368,1,1
15756,528.01,4,241,2011-10-09 13:30:00,2011-04-04 14:00:00,160,61,4,528.01,132.0025,187,0.02127659574468085,0,0
15757,714.42,2,491,2011-10-05 12:14:00,2011-05-06 11:40:00,43,66,2,714.42,357.21,152,0.013071895424836602,0,0
15758,205.25,1,47,2011-11-15 10:48:00,2011-11-15 10:48:00,9,25,1,205.25,205.25,0,1.0,0,0
15759,253.04,3,60,2011-05-05 15:13:00,2010-12-16 15:29:00,5,218,3,253.04,84.34666666666666,139,0.02142857142857143,0,0
15762,583.75,2,251,2011-10-05 16:15:00,2011-09-23 15:17:00,37,65,2,583.75,291.875,12,0.15384615384615385,0,0
15763,1086.92,2,271,2011-11-08 09:44:00,2011-09-23 12:10:00,58,32,2,1086.92,543.46,45,0.043478260869565216,0,0
15764,3279.97,6,2050,2011-09-12 17:58:00,2011-03-08 09:23:00,150,88,6,3279.97,546.6616666666666,188,0.031746031746031744,1,0
15766,315.06,1,170,2011-10-06 17:03:00,2011-10-06 17:03:00,11,64,1,315.06,315.06,0,1.0,0,0
15768,621.8299999999999,3,244,2011-08-16 10:48:00,2011-04-28 09:20:00,23,116,3,621.8299999999999,207.27666666666664,110,0.02702702702702703,0,0
15769,56252.72,26,29672,2011-12-02 13:52:00,2010-12-03 15:16:00,26,7,26,56252.72,2163.566153846154,363,0.07142857142857142,1,1
15773,635.6800000000001,1,311,2011-12-04 12:48:00,2011-12-04 12:48:00,10,6,1,635.6800000000001,635.6800000000001,0,1.0,0,1
15774,270.8,1,87,2011-10-02 12:04:00,2011-10-02 12:04:00,25,69,1,270.8,270.8,0,1.0,0,0
15775,104.9,1,68,2011-04-08 12:56:00,2011-04-08 12:56:00,7,245,1,104.9,104.9,0,1.0,0,0
15776,241.62,1,138,2011-07-29 13:46:00,2011-07-29 13:46:00,18,133,1,241.62,241.62,0,1.0,0,0
15777,1047.11,4,378,2011-04-12 16:43:00,2010-12-13 16:38:00,18,241,4,1047.11,261.7775,120,0.03305785123966942,0,0
15780,475.28000000000003,3,220,2011-06-09 12:01:00,2010-12-17 11:43:00,26,184,3,475.28000000000003,158.42666666666668,174,0.017142857142857144,0,0
15781,345.46,3,180,2011-11-14 14:57:00,2011-02-07 09:15:00,20,25,3,345.46,115.15333333333332,280,0.010676156583629894,0,0
15782,2614.7400000000002,3,864,2011-11-30 10:49:00,2011-09-11 14:29:00,34,10,3,2614.7400000000002,871.58,79,0.0375,1,0
15783,246.3,1,212,2011-11-29 09:50:00,2011-11-29 09:50:00,14,11,1,246.3,246.3,0,1.0,0,0
15785,2328.9700000000003,5,1612,2011-11-07 11:33:00,2011-02-17 14:17:00,58,33,5,2328.9700000000003,465.79400000000004,262,0.019011406844106463,1,0
15786,4919.0,3,3340,2011-10-24 14:13:00,2011-08-17 13:33:00,257,46,3,4919.0,1639.6666666666667,68,0.043478260869565216,1,0
15787,933.26,3,534,2011-11-13 14:55:00,2011-10-09 13:11:00,156,26,3,933.26,311.08666666666664,35,0.08333333333333333,1,0
15789,351.3,1,438,2010-12-16 14:35:00,2010-12-16 14:35:00,25,358,1,351.3,351.3,0,1.0,0,0
15790,218.75,1,113,2011-11-29 14:53:00,2011-11-29 14:53:00,34,10,1,218.75,218.75,0,1.0,0,0
15791,1612.69,2,731,2011-10-27 10:14:00,2011-05-19 15:15:00,66,44,2,1612.69,806.345,160,0.012422360248447204,0,0
15793,965.61,3,553,2011-11-25 09:31:00,2011-03-16 10:45:00,6,15,3,965.61,321.87,253,0.011811023622047244,1,1
15795,610.01,1,581,2011-07-13 10:43:00,2011-07-13 10:43:00,42,150,1,610.01,610.01,0,1.0,0,0
15796,2708.61,8,860,2011-12-08 19:55:00,2011-02-10 15:40:00,70,1,8,2708.61,338.57625,301,0.026490066225165563,1,1
15797,2207.4,4,873,2011-08-18 17:04:00,2011-01-24 15:47:00,8,113,4,2207.4,551.85,206,0.01932367149758454,1,0
15799,884.14,3,955,2011-09-25 12:46:00,2011-01-09 15:13:00,94,76,3,884.14,294.7133333333333,258,0.011583011583011582,0,0
15800,696.89,2,332,2011-08-24 14:23:00,2011-04-07 12:39:00,116,107,2,696.89,348.445,139,0.014285714285714285,0,0
15801,1063.95,3,570,2011-10-24 13:52:00,2011-08-22 09:53:00,61,46,3,1063.95,354.65000000000003,63,0.046875,0,0
15802,451.42,1,1,2011-07-20 11:38:00,2011-07-20 11:38:00,1,143,1,451.42,451.42,0,1.0,0,0
15803,415.82000000000005,1,290,2011-10-19 14:56:00,2011-10-19 14:56:00,8,51,1,415.82000000000005,415.82000000000005,0,1.0,0,0
15804,4206.39,13,2565,2011-12-09 12:31:00,2011-05-25 10:12:00,170,1,13,4206.39,323.5684615384616,198,0.06532663316582915,1,1
15805,5488.18,17,3367,2011-11-16 16:32:00,2010-12-10 09:33:00,220,23,17,5488.18,322.83411764705886,341,0.049707602339181284,1,1
15806,784.58,3,602,2011-10-24 14:35:00,2011-03-08 09:24:00,24,46,3,784.58,261.5266666666667,230,0.012987012987012988,0,0
15807,903.9,3,430,2011-10-20 14:10:00,2011-09-23 14:43:00,48,50,3,903.9,301.3,26,0.1111111111111111,0,0
15808,3651.27,4,1305,2011-02-06 14:33:00,2010-12-05 13:05:00,142,306,4,3651.27,912.8175,63,0.0625,0,0
15809,515.77,5,301,2011-11-03 16:40:00,2011-02-10 11:16:00,31,36,5,515.77,103.154,266,0.018726591760299626,1,0
15810,1391.98,4,861,2011-09-22 09:38:00,2011-02-16 09:11:00,66,79,4,1391.98,347.995,218,0.0182648401826484,1,0
15811,2218.62,6,1071,2011-11-17 15:31:00,2010-12-09 15:29:00,117,22,6,2218.62,369.77,343,0.01744186046511628,1,0
15812,1801.14,5,922,2011-08-24 14:19:00,2011-01-26 12:12:00,36,107,5,1801.14,360.228,210,0.023696682464454975,1,0
15813,1303.9099999999999,2,603,2011-05-16 08:13:00,2011-04-14 09:09:00,40,208,2,1303.9099999999999,651.9549999999999,31,0.0625,0,0
15814,1945.33,4,1271,2011-11-23 08:17:00,2011-10-20 09:04:00,63,17,4,1945.33,486.3325,33,0.11764705882352941,1,0
15815,2100.6,5,1856,2011-10-07 12:42:00,2011-03-25 08:43:00,33,64,5,2100.6,420.12,196,0.025380710659898477,1,0
15819,1905.45,4,1357,2011-10-21 14:50:00,2011-03-08 09:45:00,96,49,4,1905.45,476.3625,227,0.017543859649122806,1,0
15820,206.98,1,128,2011-01-24 12:00:00,2011-01-24 12:00:00,17,320,1,206.98,206.98,0,1.0,0,0
15821,570.96,2,202,2011-10-26 15:48:00,2011-10-09 13:28:00,57,44,2,570.96,285.48,17,0.1111111111111111,0,0
15822,885.47,2,375,2011-12-06 14:50:00,2010-12-15 13:38:00,28,3,2,885.47,442.735,356,0.0056022408963585435,1,1
15823,15.0,1,1,2010-12-02 15:08:00,2010-12-02 15:08:00,1,372,1,15.0,15.0,0,1.0,0,0
15825,532.94,1,220,2011-06-20 13:27:00,2011-06-20 13:27:00,20,172,1,532.94,532.94,0,1.0,0,0
15826,1654.31,3,963,2011-10-14 16:05:00,2011-05-13 10:44:00,64,56,3,1654.31,551.4366666666666,154,0.01935483870967742,1,0
15827,1836.0900000000001,14,882,2011-09-27 15:35:00,2010-12-02 13:06:00,72,73,14,1836.0900000000001,131.14928571428572,299,0.04666666666666667,1,1
15829,636.14,2,996,2011-09-01 16:45:00,2011-07-22 10:23:00,44,99,2,636.14,318.07,41,0.047619047619047616,0,0
15830,576.0,1,415,2011-11-02 10:40:00,2011-11-02 10:40:00,39,38,1,576.0,576.0,0,1.0,0,0
15831,794.64,3,1092,2011-10-12 13:14:00,2011-01-19 14:52:00,63,58,3,794.64,264.88,265,0.011278195488721804,0,0
15832,836.79,1,465,2011-03-30 15:29:00,2011-03-30 15:29:00,54,254,1,836.79,836.79,0,1.0,0,0
15834,2225.15,4,961,2011-09-30 14:41:00,2011-03-07 17:52:00,242,70,4,2225.15,556.2875,206,0.01932367149758454,1,0
15835,954.09,4,439,2011-10-26 15:47:00,2011-01-13 10:35:00,47,44,4,954.09,238.5225,286,0.013937282229965157,1,0
15836,137.37,1,26,2011-10-20 17:13:00,2011-10-20 17:13:00,10,50,1,137.37,137.37,0,1.0,0,0
15837,391.98,1,189,2011-10-06 09:01:00,2011-10-06 09:01:00,24,65,1,391.98,391.98,0,1.0,0,0
15838,33643.08,19,18368,2011-11-28 14:00:00,2010-12-07 11:26:00,54,11,19,33643.08,1770.6884210526316,356,0.05322128851540616,1,1
15839,1048.49,3,675,2011-11-06 13:54:00,2011-07-14 16:35:00,56,33,3,1048.49,349.49666666666667,114,0.02608695652173913,1,0
15840,355.56,2,396,2011-10-12 09:08:00,2011-06-20 11:42:00,26,59,2,355.56,177.78,113,0.017543859649122806,0,0
15841,1224.06,4,942,2011-09-28 12:15:00,2011-01-05 11:25:00,36,73,4,1224.06,306.015,266,0.0149812734082397,1,0
15843,118.95000000000002,1,27,2011-02-09 10:19:00,2011-02-09 10:19:00,8,304,1,118.95000000000002,118.95000000000002,0,1.0,0,0
15844,130.73999999999998,1,134,2011-10-24 15:19:00,2011-10-24 15:19:00,11,46,1,130.73999999999998,130.73999999999998,0,1.0,0,0
15845,3711.77,8,1926,2011-11-22 09:42:00,2011-01-06 17:19:00,97,18,8,3711.77,463.97125,319,0.025,1,1
15847,389.27,2,449,2011-11-01 14:41:00,2011-02-24 16:46:00,22,38,2,389.27,194.635,249,0.008,0,0
15850,234.88,2,298,2011-11-20 14:14:00,2011-06-24 14:16:00,87,19,2,234.88,117.44,148,0.013422818791946308,0,0
15852,160.71,2,48,2011-06-06 11:22:00,2011-05-26 13:26:00,22,187,2,160.71,80.355,10,0.18181818181818182,0,0
15853,110.8,1,135,2011-10-19 10:38:00,2011-10-19 10:38:00,29,52,1,110.8,110.8,0,1.0,0,0
15854,2969.12,12,926,2011-12-05 13:39:00,2010-12-13 11:47:00,105,4,12,2969.12,247.42666666666665,357,0.0335195530726257,1,1
15855,712.24,5,470,2011-07-26 10:20:00,2011-03-21 12:32:00,59,137,5,712.24,142.448,126,0.03937007874015748,0,0
15856,16143.64,27,10866,2011-12-05 17:09:00,2010-12-09 13:34:00,295,4,27,16143.64,597.9125925925925,361,0.07458563535911603,1,1
15857,297.0,1,308,2011-11-21 12:18:00,2011-11-21 12:18:00,14,19,1,297.0,297.0,0,1.0,0,0
15858,1427.57,5,1163,2011-11-24 12:48:00,2010-12-07 14:31:00,145,16,5,1427.57,285.514,351,0.014204545454545454,1,1
15860,965.16,8,437,2011-10-30 11:25:00,2010-12-06 11:38:00,105,41,8,965.16,120.645,327,0.024390243902439025,1,0
15861,3146.92,8,2528,2011-11-27 15:59:00,2011-03-17 20:12:00,339,12,8,3146.92,393.365,254,0.03137254901960784,1,1
15862,832.88,4,585,2011-12-01 13:28:00,2010-12-01 11:21:00,142,8,4,832.88,208.22,365,0.01092896174863388,1,1
15863,68.84,2,19,2011-11-14 12:49:00,2011-05-31 11:36:00,18,26,2,68.84,34.42,167,0.011904761904761904,0,0
15864,1936.3200000000002,6,1192,2011-11-17 13:32:00,2011-01-27 16:43:00,16,22,6,1936.3200000000002,322.72,293,0.02040816326530612,1,0
15865,895.13,3,368,2011-10-30 12:43:00,2011-05-10 11:44:00,37,41,3,895.13,298.37666666666667,173,0.017241379310344827,0,0
15866,211.89,1,124,2011-08-30 14:09:00,2011-08-30 14:09:00,43,101,1,211.89,211.89,0,1.0,0,0
15867,3810.14,15,2052,2011-12-04 13:32:00,2010-12-05 14:17:00,302,5,15,3810.14,254.00933333333333,363,0.04120879120879121,1,1
15869,149.64,2,175,2011-03-07 17:23:00,2011-03-07 17:19:00,13,277,2,149.64,74.82,0,2.0,0,0
15870,351.44,1,333,2011-11-07 10:58:00,2011-11-07 10:58:00,68,33,1,351.44,351.44,0,1.0,0,0
15872,316.25,2,187,2011-11-25 11:55:00,2011-11-25 11:54:00,101,15,2,316.25,158.125,0,2.0,0,0
15874,4405.88,7,2534,2011-10-07 12:31:00,2011-02-28 13:28:00,110,64,7,4405.88,629.4114285714286,220,0.03167420814479638,1,0
15877,490.33,2,368,2011-12-08 11:53:00,2011-11-22 11:18:00,122,2,2,490.33,245.165,16,0.11764705882352941,1,1
15880,329.03000000000003,1,202,2010-12-05 13:00:00,2010-12-05 13:00:00,95,369,1,329.03000000000003,329.03000000000003,0,1.0,0,0
15881,501.39000000000004,5,260,2011-01-31 16:59:00,2010-12-10 13:32:00,26,312,5,501.39000000000004,100.278,52,0.09433962264150944,0,0
15882,516.36,4,276,2011-05-25 11:35:00,2010-12-06 13:01:00,23,199,4,516.36,129.09,169,0.023529411764705882,0,0
15883,396.48,2,223,2011-12-07 17:05:00,2011-11-06 14:50:00,42,2,2,396.48,198.24,31,0.0625,1,1
15885,379.35,3,111,2011-09-08 10:43:00,2011-02-03 15:28:00,18,93,3,379.35,126.45,216,0.013824884792626729,0,0
15886,181.09,1,147,2011-10-10 14:25:00,2011-10-10 14:25:00,12,60,1,181.09,181.09,0,1.0,0,0
15888,168.31,1,76,2011-09-20 12:30:00,2011-09-20 12:30:00,11,81,1,168.31,168.31,0,1.0,0,0
15889,420.07,2,206,2011-07-06 11:10:00,2010-12-05 15:12:00,79,157,2,420.07,210.035,212,0.009389671361502348,0,0
15891,511.68,1,418,2011-04-27 12:35:00,2011-04-27 12:35:00,60,227,1,511.68,511.68,0,1.0,0,0
15894,258.25,2,164,2011-03-31 13:50:00,2010-12-05 14:06:00,35,253,2,258.25,129.125,115,0.017241379310344827,0,0
15895,179.17,1,94,2011-07-13 10:27:00,2011-07-13 10:27:00,11,150,1,179.17,179.17,0,1.0,0,0
15897,208.59,2,223,2011-05-29 13:50:00,2011-05-29 13:32:00,17,194,2,208.59,104.295,0,2.0,0,0
15898,1383.83,5,567,2011-12-08 15:23:00,2010-12-06 11:01:00,70,1,5,1383.83,276.76599999999996,367,0.01358695652173913,1,1
15899,56.25,1,39,2010-12-06 10:36:00,2010-12-06 10:36:00,4,369,1,56.25,56.25,0,1.0,0,0
15900,337.28,1,216,2011-11-16 12:19:00,2011-11-16 12:19:00,44,24,1,337.28,337.28,0,1.0,0,0
15901,351.73,3,379,2011-11-23 12:43:00,2011-07-08 12:18:00,102,17,3,351.73,117.24333333333334,138,0.02158273381294964,0,0
15903,5126.76,7,2410,2011-11-30 08:08:00,2011-02-17 14:04:00,46,10,7,5126.76,732.3942857142857,285,0.024475524475524476,1,1
15904,164.68,1,84,2011-12-01 14:50:00,2011-12-01 14:50:00,30,8,1,164.68,164.68,0,1.0,0,0
15906,1567.69,7,544,2011-11-20 12:24:00,2011-03-29 13:28:00,113,20,7,1567.69,223.9557142857143,235,0.029661016949152543,1,1
15907,882.72,3,478,2011-12-06 12:21:00,2011-05-13 13:01:00,175,4,3,882.72,294.24,206,0.014492753623188406,1,1
15909,191.94,1,98,2011-06-19 10:38:00,2011-06-19 10:38:00,7,174,1,191.94,191.94,0,1.0,0,0
15910,1228.88,8,1013,2011-12-09 10:51:00,2011-01-27 11:55:00,215,1,8,1228.88,153.61,315,0.02531645569620253,1,1
15912,264.62,2,185,2011-06-14 14:29:00,2011-04-20 17:10:00,19,178,2,264.62,132.31,54,0.03636363636363636,0,0
15916,1502.8600000000001,8,752,2011-11-23 13:46:00,2010-12-08 13:07:00,124,16,8,1502.8600000000001,187.85750000000002,350,0.022792022792022793,1,1
15917,123.1,1,42,2011-04-06 10:40:00,2011-04-06 10:40:00,12,248,1,123.1,123.1,0,1.0,0,0
15918,334.23,2,153,2011-06-02 11:42:00,2011-03-13 15:55:00,33,191,2,334.23,167.115,80,0.024691358024691357,0,0
15919,525.69,2,385,2011-11-20 11:28:00,2010-12-06 11:26:00,103,20,2,525.69,262.845,349,0.005714285714285714,0,0
15920,167.5,4,99,2011-07-08 15:31:00,2011-07-08 15:16:00,53,154,4,167.5,41.875,0,4.0,0,0
15921,323.03000000000003,1,162,2011-06-20 11:03:00,2011-06-20 11:03:00,24,173,1,323.03000000000003,323.03000000000003,0,1.0,0,0
15922,369.5,1,138,2010-12-01 13:51:00,2010-12-01 13:51:00,11,373,1,369.5,369.5,0,1.0,0,0
15923,127.08,1,122,2010-12-02 12:16:00,2010-12-02 12:16:00,21,373,1,127.08,127.08,0,1.0,0,0
15925,207.15,1,93,2011-05-29 15:35:00,2011-05-29 15:35:00,12,194,1,207.15,207.15,0,1.0,0,0
15930,426.63,1,139,2011-10-03 14:52:00,2011-10-03 14:52:00,21,67,1,426.63,426.63,0,1.0,0,0
15932,2495.87,8,2325,2011-12-05 17:13:00,2011-02-23 14:50:00,93,4,8,2495.87,311.98375,285,0.027972027972027972,1,1
15933,1107.46,3,885,2011-11-18 13:14:00,2011-09-14 12:05:00,63,21,3,1107.46,369.15333333333336,65,0.045454545454545456,1,0
15935,416.86,2,115,2011-04-14 13:27:00,2011-04-12 09:35:00,12,239,2,416.86,208.43,2,0.6666666666666666,0,0
15937,145.35,1,73,2011-10-06 15:48:00,2011-10-06 15:48:00,7,64,1,145.35,145.35,0,1.0,0,0
15938,404.58,5,240,2011-08-19 12:56:00,2011-01-20 10:11:00,13,112,5,404.58,80.916,211,0.02358490566037736,0,0
15939,6115.01,15,4728,2011-09-11 11:30:00,2011-01-12 12:43:00,28,90,15,6115.01,407.6673333333334,241,0.06198347107438017,1,0
15940,35.8,1,4,2011-02-01 16:18:00,2011-02-01 16:18:00,1,311,1,35.8,35.8,0,1.0,0,0
15942,337.44,1,232,2011-07-29 09:01:00,2011-07-29 09:01:00,14,134,1,337.44,337.44,0,1.0,0,0
15944,325.1,1,50,2011-03-08 10:33:00,2011-03-08 10:33:00,6,277,1,325.1,325.1,0,1.0,0,0
15945,181.0,1,52,2010-12-09 13:14:00,2010-12-09 13:14:00,2,365,1,181.0,181.0,0,1.0,0,0
15947,1708.24,1,898,2011-09-18 10:46:00,2011-09-18 10:46:00,29,83,1,1708.24,1708.24,0,1.0,0,0
15948,955.24,2,567,2011-12-01 15:32:00,2011-10-27 08:35:00,51,8,2,955.24,477.62,35,0.05555555555555555,1,1
15949,364.72,2,284,2011-11-23 09:09:00,2011-09-29 17:34:00,12,17,2,364.72,182.36,54,0.03636363636363636,0,0
15950,1744.71,4,719,2011-11-08 11:09:00,2010-12-15 11:56:00,86,32,4,1744.71,436.1775,327,0.012195121951219513,1,0
15951,708.22,2,313,2011-12-01 08:34:00,2011-02-27 11:57:00,36,9,2,708.22,354.11,276,0.007220216606498195,1,1
15952,781.91,4,391,2011-11-06 11:18:00,2011-04-28 12:55:00,65,34,4,781.91,195.4775,191,0.020833333333333332,1,0
15953,1657.28,8,891,2011-11-24 15:32:00,2010-12-05 15:15:00,63,15,8,1657.28,207.16,354,0.022535211267605635,1,1
15955,4416.26,14,2135,2011-11-15 14:15:00,2010-12-02 11:22:00,137,24,14,4416.26,315.44714285714286,348,0.04011461318051576,1,1
15957,428.89,1,211,2011-11-08 12:14:00,2011-11-08 12:14:00,40,32,1,428.89,428.89,0,1.0,0,0
15958,104.35,1,33,2011-09-26 13:41:00,2011-09-26 13:41:00,7,74,1,104.35,104.35,0,1.0,0,0
15963,470.76,2,298,2011-11-20 11:33:00,2011-10-25 13:05:00,26,20,2,470.76,235.38,25,0.07692307692307693,0,0
15965,808.87,4,434,2011-11-22 16:44:00,2010-12-07 13:18:00,88,17,4,808.87,202.2175,350,0.011396011396011397,1,0
15967,397.68,2,205,2011-11-16 15:41:00,2011-01-25 11:57:00,73,23,2,397.68,198.84,295,0.006756756756756757,0,0
15969,666.1,3,124,2011-12-07 11:06:00,2011-06-07 12:19:00,20,3,3,666.1,222.03333333333333,182,0.01639344262295082,1,1
15970,314.1,1,116,2011-02-09 12:08:00,2011-02-09 12:08:00,11,304,1,314.1,314.1,0,1.0,0,0
15971,4199.85,12,1717,2011-11-22 12:50:00,2011-02-01 16:47:00,10,18,12,4199.85,349.9875,293,0.04081632653061224,1,1
15973,307.82000000000005,1,106,2010-12-08 11:42:00,2010-12-08 11:42:00,4,367,1,307.82000000000005,307.82000000000005,0,1.0,0,0
15974,3442.15,7,2262,2011-10-31 13:13:00,2011-02-24 10:10:00,141,39,7,3442.15,491.7357142857143,249,0.028,1,0
15975,371.01,1,243,2011-09-16 13:33:00,2011-09-16 13:33:00,24,84,1,371.01,371.01,0,1.0,0,0
15976,427.64,2,275,2011-06-27 13:00:00,2011-05-03 17:12:00,83,165,2,427.64,213.82,54,0.03636363636363636,0,0
15977,1054.73,2,1016,2011-11-22 13:29:00,2011-10-31 16:24:00,48,17,2,1054.73,527.365,21,0.09090909090909091,1,0
15978,1098.78,1,888,2011-09-23 15:21:00,2011-09-23 15:21:00,49,77,1,1098.78,1098.78,0,1.0,0,0
15980,2398.86,3,1560,2011-09-12 09:41:00,2011-03-30 15:05:00,40,89,3,2398.86,799.62,165,0.018072289156626505,1,0
15981,3408.48,8,1866,2011-11-15 08:00:00,2011-02-01 13:50:00,53,25,8,3408.48,426.06,286,0.027874564459930314,1,1
15983,1465.12,4,886,2011-11-17 17:34:00,2010-12-01 12:15:00,82,22,4,1465.12,366.28,351,0.011363636363636364,1,1
15984,2780.63,10,1815,2011-12-07 12:16:00,2010-12-06 13:21:00,217,3,10,2780.63,278.063,365,0.0273224043715847,1,1
15985,1142.42,2,1086,2011-08-08 16:31:00,2011-04-17 11:04:00,29,123,2,1142.42,571.21,113,0.017543859649122806,0,0
15986,168.12,1,268,2011-11-09 15:17:00,2011-11-09 15:17:00,14,30,1,168.12,168.12,0,1.0,0,0
15987,1432.77,7,1533,2011-11-27 15:38:00,2010-12-06 08:34:00,110,12,7,1432.77,204.68142857142857,356,0.0196078431372549,1,1
15988,156.78,1,180,2011-11-20 13:23:00,2011-11-20 13:23:00,26,19,1,156.78,156.78,0,1.0,0,0
15990,792.11,2,443,2011-10-26 15:58:00,2011-02-25 15:35:00,52,44,2,792.11,396.055,243,0.00819672131147541,0,0
15992,41.989999999999995,1,17,2011-12-06 11:00:00,2011-12-06 11:00:00,3,4,1,41.989999999999995,41.989999999999995,0,1.0,0,0
15993,2777.67,7,2037,2011-12-01 10:45:00,2011-10-26 16:21:00,335,9,7,2777.67,396.81,35,0.19444444444444445,1,1
15994,414.27,1,173,2011-10-16 12:28:00,2011-10-16 12:28:00,31,55,1,414.27,414.27,0,1.0,0,0
15996,1032.58,6,380,2011-09-12 15:14:00,2010-12-08 15:59:00,103,88,6,1032.58,172.09666666666666,277,0.02158273381294964,1,0
15998,3080.22,5,2032,2011-11-03 12:45:00,2010-12-12 13:32:00,370,37,5,3080.22,616.044,325,0.015337423312883436,1,0
16000,12393.7,3,5110,2011-12-07 12:17:00,2011-12-07 12:14:00,9,3,3,12393.7,4131.233333333334,0,3.0,1,1
16003,2735.37,5,1185,2011-11-10 09:57:00,2010-12-15 12:09:00,82,30,5,2735.37,547.074,329,0.015151515151515152,1,0
16005,578.71,4,280,2011-11-27 13:47:00,2011-03-14 11:46:00,173,12,4,578.71,144.6775,258,0.015444015444015444,1,1
16006,101.4,1,84,2011-05-12 13:12:00,2011-05-12 13:12:00,8,211,1,101.4,101.4,0,1.0,0,0
16007,1693.81,4,1388,2011-10-23 11:05:00,2011-05-08 13:32:00,221,48,4,1693.81,423.4525,167,0.023809523809523808,1,0
16008,478.78,3,323,2011-11-16 10:32:00,2011-05-19 10:54:00,29,24,3,478.78,159.59333333333333,180,0.016574585635359115,0,0
16009,972.11,4,366,2011-11-17 16:51:00,2011-07-03 11:26:00,68,22,4,972.11,243.0275,137,0.028985507246376812,1,1
16010,392.4,3,202,2011-04-08 10:14:00,2010-12-12 12:18:00,62,246,3,392.4,130.79999999999998,116,0.02564102564102564,0,0
16011,3352.96,16,2035,2011-12-01 16:31:00,2010-12-08 16:34:00,99,8,16,3352.96,209.56,357,0.0446927374301676,1,1
16012,1415.29,3,799,2011-11-04 13:25:00,2011-07-07 18:02:00,87,35,3,1415.29,471.7633333333333,119,0.025,1,0
16013,37130.6,47,15536,2011-12-06 10:36:00,2010-12-03 13:09:00,30,4,47,37130.6,790.0127659574467,367,0.12771739130434784,1,1
16014,646.83,3,258,2011-11-02 12:04:00,2011-02-21 17:42:00,123,38,3,646.83,215.61,253,0.011811023622047244,0,0
16015,704.55,3,907,2011-12-06 10:58:00,2011-10-21 12:56:00,146,4,3,704.55,234.85,45,0.06521739130434782,1,1
16016,1465.51,8,602,2011-12-06 14:35:00,2010-12-08 12:36:00,156,3,8,1465.51,183.18875,363,0.02197802197802198,1,1
16017,211.88,1,102,2011-10-23 12:56:00,2011-10-23 12:56:00,26,47,1,211.88,211.88,0,1.0,0,0
16018,408.90000000000003,2,190,2011-10-31 14:13:00,2011-06-12 13:52:00,26,39,2,408.90000000000003,204.45000000000002,141,0.014084507042253521,0,0
16019,3786.2400000000002,9,1733,2011-10-24 11:51:00,2010-12-10 12:29:00,133,47,9,3786.2400000000002,420.6933333333334,317,0.02830188679245283,1,0
16020,851.01,3,487,2011-11-23 11:18:00,2011-10-05 13:54:00,42,17,3,851.01,283.67,48,0.061224489795918366,1,0
16022,602.63,1,255,2011-03-24 13:16:00,2011-03-24 13:16:00,68,260,1,602.63,602.63,0,1.0,0,0
16023,719.81,3,358,2011-10-24 16:34:00,2011-03-18 13:32:00,90,46,3,719.81,239.93666666666664,220,0.013574660633484163,0,0
16024,251.03,1,397,2011-11-27 13:26:00,2011-11-27 13:26:00,61,12,1,251.03,251.03,0,1.0,0,0
16025,439.65999999999997,1,338,2011-11-10 11:45:00,2011-11-10 11:45:00,28,30,1,439.65999999999997,439.65999999999997,0,1.0,0,0
16026,236.09,1,243,2011-10-27 13:53:00,2011-10-27 13:53:00,30,43,1,236.09,236.09,0,1.0,0,0
16027,934.62,6,1147,2011-09-09 10:47:00,2011-02-10 12:19:00,11,92,6,934.62,155.77,210,0.02843601895734597,1,0
16029,80850.84,63,40108,2011-11-01 10:27:00,2010-12-01 09:57:00,44,39,63,80850.84,1283.3466666666666,335,0.1875,1,1
16030,331.24,1,283,2011-02-03 11:28:00,2011-02-03 11:28:00,28,310,1,331.24,331.24,0,1.0,0,0
16031,547.9,2,421,2011-09-08 13:07:00,2011-04-06 14:23:00,91,92,2,547.9,273.95,154,0.012903225806451613,0,0
16033,8778.82,20,3529,2011-12-04 12:44:00,2010-12-05 10:36:00,538,6,20,8778.82,438.941,364,0.0547945205479452,1,1
16034,437.7,3,242,2011-05-27 16:17:00,2011-01-11 11:54:00,18,196,3,437.7,145.9,136,0.021897810218978103,0,0
16036,758.92,2,716,2011-09-13 14:53:00,2011-03-21 13:01:00,55,87,2,758.92,379.46,176,0.011299435028248588,0,0
16037,855.02,3,428,2011-03-15 09:13:00,2010-12-16 10:18:00,37,270,3,855.02,285.00666666666666,88,0.033707865168539325,0,0
16038,471.78000000000003,3,244,2011-12-02 12:40:00,2011-05-22 11:29:00,24,8,3,471.78000000000003,157.26000000000002,194,0.015384615384615385,1,1
16040,1313.55,3,684,2011-10-05 13:47:00,2011-03-16 09:58:00,57,65,3,1313.55,437.84999999999997,203,0.014705882352941176,0,0
16041,3166.4,3,1584,2011-11-09 12:25:00,2011-07-21 16:27:00,6,31,3,3166.4,1055.4666666666667,110,0.02702702702702703,1,0
16042,1177.47,5,743,2011-11-17 17:50:00,2011-01-11 13:25:00,68,22,5,1177.47,235.494,310,0.01607717041800643,1,1
16043,773.99,4,503,2011-11-02 12:50:00,2011-01-26 11:14:00,30,38,4,773.99,193.4975,280,0.014234875444839857,1,0
16045,1340.7,4,897,2011-08-12 12:41:00,2011-02-22 14:55:00,71,120,4,1340.7,335.175,170,0.023391812865497075,0,0
16048,256.44,2,144,2010-12-01 15:28:00,2010-12-01 15:27:00,8,373,2,256.44,128.22,0,2.0,0,0
16049,1074.81,3,763,2011-10-30 13:19:00,2011-09-25 14:33:00,248,40,3,1074.81,358.27,34,0.08571428571428572,0,0
16050,137.9,1,278,2011-06-19 11:44:00,2011-06-19 11:44:00,10,174,1,137.9,137.9,0,1.0,0,0
16052,362.06,1,282,2011-10-16 15:13:00,2011-10-16 15:13:00,34,54,1,362.06,362.06,0,1.0,0,0
16053,1511.95,2,1793,2011-11-07 11:21:00,2011-08-09 14:57:00,81,33,2,1511.95,755.975,89,0.022222222222222223,0,0
16054,783.9,1,380,2011-07-17 13:08:00,2011-07-17 13:08:00,70,145,1,783.9,783.9,0,1.0,0,0
16055,134.8,1,22,2011-05-03 09:26:00,2011-05-03 09:26:00,8,221,1,134.8,134.8,0,1.0,0,0
16056,650.75,1,345,2011-10-25 15:19:00,2011-10-25 15:19:00,66,45,1,650.75,650.75,0,1.0,0,0
16057,2263.12,7,863,2011-11-23 15:23:00,2011-02-28 10:35:00,109,16,7,2263.12,323.30285714285714,268,0.026022304832713755,1,1
16059,1453.16,6,641,2011-10-05 09:56:00,2010-12-07 10:36:00,126,66,6,1453.16,242.19333333333336,301,0.019867549668874173,1,0
16062,1153.62,4,800,2011-11-30 12:15:00,2010-12-10 12:00:00,50,10,4,1153.62,288.405,355,0.011235955056179775,1,1
16063,335.32,1,262,2011-03-24 14:56:00,2011-03-24 14:55:00,23,260,1,335.32,335.32,0,1.0,0,0
16065,367.14,1,228,2010-12-09 13:03:00,2010-12-09 13:03:00,71,365,1,367.14,367.14,0,1.0,0,0
16066,1521.04,5,935,2011-11-23 11:54:00,2011-08-07 14:33:00,77,17,5,1521.04,304.20799999999997,107,0.046296296296296294,1,1
16070,852.15,2,457,2011-11-17 15:50:00,2011-11-07 16:36:00,32,22,2,852.15,426.075,9,0.2,0,0
16071,326.24,1,180,2011-10-26 11:14:00,2011-10-26 11:14:00,21,45,1,326.24,326.24,0,1.0,0,0
16072,584.3199999999999,1,140,2011-02-24 14:32:00,2011-02-24 14:32:00,23,288,1,584.3199999999999,584.3199999999999,0,1.0,0,0
16073,122.39999999999999,1,48,2011-02-15 15:41:00,2011-02-15 15:41:00,1,297,1,122.39999999999999,122.39999999999999,0,1.0,0,0
16076,2234.73,10,1435,2011-12-06 14:59:00,2011-05-15 12:31:00,71,3,10,2234.73,223.473,205,0.04854368932038835,1,1
16078,79.2,1,16,2011-03-01 09:47:00,2011-03-01 09:47:00,1,284,1,79.2,79.2,0,1.0,0,0
16079,1352.0,3,864,2011-11-23 12:48:00,2011-10-30 13:06:00,18,17,3,1352.0,450.6666666666667,23,0.125,1,0
16080,217.16,2,128,2011-09-19 10:42:00,2011-03-10 14:44:00,10,82,2,217.16,108.58,192,0.010362694300518135,0,0
16081,2799.42,5,1473,2011-10-14 13:06:00,2010-12-08 11:16:00,175,56,5,2799.42,559.884,310,0.01607717041800643,1,0
16083,1317.62,2,908,2011-08-31 10:47:00,2010-12-14 11:51:00,31,101,2,1317.62,658.81,259,0.007692307692307693,0,0
16084,436.18,1,216,2011-02-13 16:05:00,2011-02-13 16:05:00,38,299,1,436.18,436.18,0,1.0,0,0
16085,981.51,5,636,2011-11-16 13:24:00,2011-01-23 12:07:00,123,23,5,981.51,196.302,297,0.016778523489932886,1,1
16086,1121.39,5,511,2011-10-11 13:09:00,2010-12-07 13:45:00,24,59,5,1121.39,224.27800000000002,307,0.016233766233766232,1,0
16091,315.06,2,154,2011-07-08 08:45:00,2011-05-25 09:18:00,16,155,2,315.06,157.53,43,0.045454545454545456,0,0
16092,817.86,3,628,2011-08-17 10:46:00,2011-03-30 15:38:00,37,115,3,817.86,272.62,139,0.02142857142857143,0,0
16093,17.0,1,20,2011-08-25 11:09:00,2011-08-25 11:09:00,1,107,1,17.0,17.0,0,1.0,0,0
16094,1078.23,4,647,2011-11-28 12:45:00,2011-05-04 13:57:00,48,12,4,1078.23,269.5575,207,0.019230769230769232,1,1
16096,320.62,1,155,2011-03-20 13:38:00,2011-03-20 13:38:00,12,264,1,320.62,320.62,0,1.0,0,0
16097,185.04999999999998,1,87,2011-04-13 13:47:00,2011-04-13 13:47:00,10,240,1,185.04999999999998,185.04999999999998,0,1.0,0,0
16098,2005.63,7,613,2011-09-13 09:59:00,2010-12-01 09:45:00,34,88,7,2005.63,286.5185714285714,286,0.024390243902439025,1,0
16099,731.9,3,434,2011-10-20 13:13:00,2011-04-28 08:34:00,29,50,3,731.9,243.96666666666667,175,0.017045454545454544,0,0
16101,1290.7,1,757,2011-09-30 10:18:00,2011-09-30 10:18:00,76,71,1,1290.7,1290.7,0,1.0,0,0
16102,1842.14,3,942,2011-10-28 13:19:00,2011-08-03 12:50:00,41,42,3,1842.14,614.0466666666667,86,0.034482758620689655,1,0
16103,1429.64,6,558,2011-12-02 14:16:00,2011-04-20 12:28:00,30,7,6,1429.64,238.27333333333334,226,0.02643171806167401,1,1
16104,298.21,1,122,2011-10-09 10:23:00,2011-10-09 10:23:00,28,62,1,298.21,298.21,0,1.0,0,0
16105,336.96,1,330,2011-04-05 10:13:00,2011-04-05 10:13:00,13,249,1,336.96,336.96,0,1.0,0,0
16106,108.38,1,74,2011-10-05 10:37:00,2011-10-05 10:37:00,6,66,1,108.38,108.38,0,1.0,0,0
16107,3204.1600000000003,7,1176,2011-11-22 09:40:00,2011-06-09 18:42:00,16,18,7,3204.1600000000003,457.7371428571429,165,0.04216867469879518,1,1
16108,842.5,1,615,2011-09-16 11:48:00,2011-09-16 11:48:00,48,85,1,842.5,842.5,0,1.0,0,0
16109,611.88,2,612,2011-05-05 09:17:00,2011-02-04 12:37:00,18,219,2,611.88,305.94,89,0.022222222222222223,0,0
16110,1320.95,3,720,2011-10-25 14:35:00,2011-02-01 14:01:00,283,45,3,1320.95,440.31666666666666,266,0.011235955056179775,1,0
16112,195.73999999999998,4,574,2011-07-19 14:28:00,2011-01-05 11:47:00,15,143,4,195.73999999999998,48.934999999999995,195,0.02040816326530612,0,0
16113,161.38,1,176,2011-06-09 16:16:00,2011-06-09 16:16:00,30,183,1,161.38,161.38,0,1.0,0,0
16114,135.75000000000003,1,43,2011-06-22 10:13:00,2011-06-22 10:13:00,8,171,1,135.75000000000003,135.75000000000003,0,1.0,0,0
16115,1660.8799999999999,8,994,2011-11-30 11:32:00,2011-02-20 12:14:00,169,10,8,1660.8799999999999,207.60999999999999,282,0.028268551236749116,1,1
16116,612.78,1,248,2011-05-12 12:01:00,2011-05-12 12:01:00,34,212,1,612.78,612.78,0,1.0,0,0
16117,232.21,1,130,2011-06-03 11:42:00,2011-06-03 11:42:00,30,190,1,232.21,232.21,0,1.0,0,0
16119,423.36,2,240,2011-12-01 15:11:00,2011-09-28 10:15:00,14,8,2,423.36,211.68,64,0.03076923076923077,0,0
16120,1309.14,4,878,2011-10-11 14:22:00,2011-10-11 14:10:00,26,59,4,1309.14,327.285,0,4.0,1,0
16121,854.66,2,576,2011-10-13 12:59:00,2011-05-08 11:52:00,170,57,2,854.66,427.33,158,0.012578616352201259,0,0
16122,684.4200000000001,4,1128,2011-09-27 15:34:00,2010-12-08 11:41:00,26,73,4,684.4200000000001,171.10500000000002,293,0.013605442176870748,0,0
16123,307.78,1,170,2011-10-19 09:18:00,2011-10-19 09:18:00,16,52,1,307.78,307.78,0,1.0,0,0
16124,249.0,1,48,2011-01-26 14:45:00,2011-01-26 14:45:00,11,317,1,249.0,249.0,0,1.0,0,0
16125,289.35,1,124,2010-12-07 15:48:00,2010-12-07 15:48:00,13,367,1,289.35,289.35,0,1.0,0,0
16126,6287.77,4,2125,2011-11-10 16:03:00,2011-02-16 11:18:00,57,29,4,6287.77,1571.9425,267,0.014925373134328358,1,0
16127,656.25,1,323,2011-10-31 13:58:00,2011-10-31 13:58:00,40,39,1,656.25,656.25,0,1.0,0,0
16128,1880.22,5,988,2011-11-22 11:14:00,2011-03-02 12:21:00,76,18,5,1880.22,376.044,264,0.018867924528301886,1,1
16131,3506.54,6,1802,2011-10-19 11:53:00,2011-04-14 08:32:00,55,52,6,3506.54,584.4233333333333,188,0.031746031746031744,1,0
16133,14589.04,33,8887,2011-12-06 11:24:00,2011-01-25 15:55:00,219,4,33,14589.04,442.09212121212124,314,0.10476190476190476,1,1
16134,618.09,2,371,2011-11-18 10:05:00,2010-12-15 14:00:00,34,22,2,618.09,309.045,337,0.005917159763313609,0,0
16135,517.55,1,209,2011-03-22 12:30:00,2011-03-22 12:30:00,21,263,1,517.55,517.55,0,1.0,0,0
16136,709.38,3,440,2011-10-11 09:10:00,2011-03-07 09:52:00,35,60,3,709.38,236.46,217,0.013761467889908258,0,0
16139,635.41,3,330,2011-11-21 08:37:00,2011-05-17 10:23:00,25,19,3,635.41,211.8033333333333,187,0.015957446808510637,1,0
16140,725.18,2,730,2011-10-05 12:15:00,2010-12-03 14:40:00,32,66,2,725.18,362.59,305,0.006535947712418301,0,0
16141,620.4,1,238,2011-09-12 13:11:00,2011-09-12 13:11:00,30,88,1,620.4,620.4,0,1.0,0,0
16142,535.34,1,422,2011-04-04 10:16:00,2011-04-04 10:16:00,37,250,1,535.34,535.34,0,1.0,0,0
16143,2424.94,6,919,2011-12-06 14:13:00,2010-12-05 15:18:00,75,3,6,2424.94,404.1566666666667,365,0.01639344262295082,1,1
16144,175.2,1,16,2011-04-07 10:09:00,2011-04-07 10:09:00,1,247,1,175.2,175.2,0,1.0,0,0
16145,3799.4900000000002,11,3123,2011-12-01 10:33:00,2010-12-15 09:09:00,134,9,11,3799.4900000000002,345.40818181818184,351,0.03125,1,1
16146,734.13,3,427,2011-07-05 14:20:00,2011-04-21 15:25:00,26,157,3,734.13,244.71,74,0.04,0,0
16147,375.0,1,246,2011-07-29 09:57:00,2011-07-29 09:57:00,22,134,1,375.0,375.0,0,1.0,0,0
16148,76.32000000000001,1,72,2011-02-16 14:01:00,2011-02-16 14:01:00,1,296,1,76.32000000000001,76.32000000000001,0,1.0,0,0
16149,280.52,2,308,2011-12-05 11:29:00,2011-07-20 14:54:00,18,5,2,280.52,140.26,137,0.014492753623188406,0,1
16150,2053.02,5,1047,2011-10-28 12:39:00,2010-12-02 18:27:00,91,43,5,2053.02,410.604,329,0.015151515151515152,1,0
16152,1829.04,1,642,2011-03-16 09:47:00,2011-03-16 09:47:00,29,269,1,1829.04,1829.04,0,1.0,0,0
16153,1824.23,5,1073,2011-10-21 10:50:00,2010-12-20 09:22:00,78,50,5,1824.23,364.846,305,0.016339869281045753,1,0
16156,3092.04,9,1273,2011-12-01 12:42:00,2011-02-02 12:02:00,108,9,9,3092.04,343.56,302,0.0297029702970297,1,1
16157,656.69,3,347,2011-11-24 11:41:00,2011-09-28 11:48:00,12,16,3,656.69,218.89666666666668,56,0.05263157894736842,1,0
16159,348.2,1,236,2011-03-03 12:27:00,2011-03-03 12:27:00,14,282,1,348.2,348.2,0,1.0,0,0
16160,1025.44,2,1162,2011-10-05 14:19:00,2011-09-15 10:53:00,20,65,2,1025.44,512.72,20,0.09523809523809523,0,0
16161,5533.67,19,2583,2011-12-08 12:10:00,2010-12-06 10:03:00,286,2,19,5533.67,291.2457894736842,367,0.051630434782608696,1,1
16162,37.4,1,4,2011-04-01 15:03:00,2011-04-01 15:03:00,2,252,1,37.4,37.4,0,1.0,0,0
16163,856.6,2,192,2011-04-21 15:15:00,2010-12-09 16:28:00,5,232,2,856.6,428.3,132,0.015037593984962405,0,0
16164,822.48,3,433,2011-11-22 15:04:00,2011-10-28 09:12:00,27,17,3,822.48,274.16,25,0.11538461538461539,1,0
16168,3787.6,27,1892,2011-11-29 12:45:00,2010-12-05 11:38:00,57,11,27,3787.6,140.28148148148148,359,0.075,1,1
16169,1822.97,4,1325,2011-12-01 15:28:00,2011-09-25 11:33:00,71,8,4,1822.97,455.7425,67,0.058823529411764705,1,1
16170,1885.05,6,1770,2011-10-20 08:21:00,2011-04-05 13:42:00,106,51,6,1885.05,314.175,197,0.030303030303030304,1,0
16171,73.2,1,24,2011-10-11 14:51:00,2011-10-11 14:51:00,3,59,1,73.2,73.2,0,1.0,0,0
16172,1140.21,5,787,2011-09-05 13:22:00,2011-04-12 12:02:00,52,95,5,1140.21,228.042,146,0.034013605442176874,1,0
16173,1418.32,6,575,2011-11-24 10:53:00,2011-09-02 15:23:00,70,16,6,1418.32,236.38666666666666,82,0.07228915662650602,1,1
16174,1009.5500000000001,3,651,2011-08-05 13:26:00,2011-07-11 09:23:00,19,126,3,1009.5500000000001,336.5166666666667,25,0.11538461538461539,0,0
16175,1037.59,4,533,2011-09-06 14:32:00,2011-04-13 14:38:00,45,94,4,1037.59,259.3975,145,0.0273972602739726,0,0
16177,331.95,1,95,2011-10-20 12:57:00,2011-10-20 12:57:00,15,50,1,331.95,331.95,0,1.0,0,0
16178,197.9,1,94,2011-07-24 16:05:00,2011-07-24 16:05:00,8,138,1,197.9,197.9,0,1.0,0,0
16179,215.83,1,99,2011-10-10 09:41:00,2011-10-10 09:41:00,11,61,1,215.83,215.83,0,1.0,0,0
16180,10254.18,8,5867,2011-08-31 16:28:00,2011-04-01 10:23:00,90,100,8,10254.18,1281.7725,152,0.05228758169934641,1,0
16181,305.54,1,152,2011-09-27 13:38:00,2011-09-27 13:38:00,11,73,1,305.54,305.54,0,1.0,0,0
16182,6617.65,4,3791,2011-09-28 13:23:00,2011-02-18 10:11:00,17,72,4,6617.65,1654.4125,222,0.017937219730941704,1,0
16183,338.71000000000004,1,113,2011-10-03 14:59:00,2011-10-03 14:59:00,15,67,1,338.71000000000004,338.71000000000004,0,1.0,0,0
16184,1158.79,6,561,2011-10-06 17:43:00,2011-05-12 13:33:00,26,64,6,1158.79,193.13166666666666,147,0.04054054054054054,1,0
16185,529.41,2,260,2011-11-23 09:41:00,2011-04-21 11:59:00,31,17,2,529.41,264.705,215,0.009259259259259259,0,0
16186,4006.94,12,3020,2011-11-17 12:43:00,2010-12-02 14:40:00,87,23,12,4006.94,333.9116666666667,349,0.03428571428571429,1,1
16187,6911.4400000000005,15,5048,2011-11-08 09:50:00,2011-02-28 13:34:00,160,32,15,6911.4400000000005,460.7626666666667,252,0.05928853754940711,1,1
16188,981.86,4,782,2011-10-26 12:19:00,2011-04-11 09:44:00,65,45,4,981.86,245.465,198,0.020100502512562814,1,0
16189,215.48,2,134,2011-11-24 11:47:00,2011-09-15 15:21:00,9,16,2,215.48,107.74,69,0.02857142857142857,0,0
16190,215.08,1,88,2011-10-30 15:59:00,2011-10-30 15:59:00,6,40,1,215.08,215.08,0,1.0,0,0
16191,5180.52,13,3351,2011-12-07 11:26:00,2010-12-14 12:38:00,65,3,13,5180.52,398.5015384615385,357,0.036312849162011177,1,1
16193,314.45,1,219,2011-04-17 11:45:00,2011-04-17 11:45:00,19,237,1,314.45,314.45,0,1.0,0,0
16198,400.68100000000004,1,129,2011-09-25 14:58:00,2011-09-25 14:58:00,15,75,1,400.68100000000004,400.68100000000004,0,1.0,0,0
16200,1068.8700000000001,2,516,2011-12-05 14:40:00,2011-06-28 15:47:00,149,4,2,1068.8700000000001,534.4350000000001,159,0.0125,1,1
16201,1863.47,4,1286,2011-12-06 16:02:00,2011-08-22 10:47:00,74,3,4,1863.47,465.8675,106,0.037383177570093455,1,1
16202,365.27,1,191,2010-12-14 10:43:00,2010-12-14 10:43:00,18,361,1,365.27,365.27,0,1.0,0,0
16203,592.9,4,262,2011-10-12 12:31:00,2010-12-02 15:39:00,27,59,4,592.9,148.225,313,0.012738853503184714,0,0
16204,384.18,1,218,2011-11-16 13:40:00,2011-11-16 13:40:00,45,23,1,384.18,384.18,0,1.0,0,0
16205,757.63,4,516,2011-11-09 09:32:00,2011-06-13 11:33:00,73,31,4,757.63,189.4075,148,0.026845637583892617,1,0
16206,537.0600000000001,4,272,2011-10-16 10:41:00,2011-01-16 11:07:00,52,55,4,537.0600000000001,134.26500000000001,272,0.014652014652014652,0,0
16207,394.38,1,140,2011-11-14 13:51:00,2011-11-14 13:51:00,19,25,1,394.38,394.38,0,1.0,0,0
16208,664.26,2,333,2011-10-26 11:36:00,2011-02-23 13:37:00,61,45,2,664.26,332.13,244,0.00816326530612245,0,0
16209,2262.62,5,1179,2011-09-12 11:58:00,2011-04-07 12:23:00,37,89,5,2262.62,452.524,157,0.03164556962025317,1,0
16210,21086.3,18,7559,2011-12-08 12:36:00,2010-12-01 12:27:00,74,2,18,21086.3,1171.461111111111,372,0.04825737265415549,1,1
16211,547.02,1,154,2011-09-12 12:11:00,2011-09-12 12:11:00,23,89,1,547.02,547.02,0,1.0,0,0
16212,690.34,2,244,2011-11-20 13:00:00,2011-03-01 12:51:00,40,19,2,690.34,345.17,264,0.007547169811320755,0,0
16213,159.0,1,48,2011-09-22 10:03:00,2011-09-22 10:03:00,6,79,1,159.0,159.0,0,1.0,0,0
16214,1062.75,3,420,2011-06-22 11:30:00,2011-03-15 13:23:00,36,171,3,1062.75,354.25,98,0.030303030303030304,0,0
16215,242.35,1,104,2011-09-20 10:18:00,2011-09-20 10:18:00,14,81,1,242.35,242.35,0,1.0,0,0
16216,914.9300000000001,1,254,2011-03-17 15:34:00,2011-03-17 15:34:00,37,267,1,914.9300000000001,914.9300000000001,0,1.0,0,0
16217,304.25,2,91,2011-04-18 13:31:00,2011-03-02 15:28:00,13,235,2,304.25,152.125,46,0.0425531914893617,0,0
16218,3084.68,7,2088,2011-11-10 09:59:00,2010-12-01 11:29:00,56,30,7,3084.68,440.6685714285714,343,0.020348837209302327,1,0
16221,860.86,3,714,2011-11-03 11:43:00,2010-12-07 13:13:00,90,37,3,860.86,286.9533333333333,330,0.00906344410876133,0,0
16222,773.5500000000001,1,325,2011-01-25 13:38:00,2011-01-25 13:38:00,120,318,1,773.5500000000001,773.5500000000001,0,1.0,0,0
16224,1295.3,4,1116,2011-10-13 17:51:00,2011-04-04 12:00:00,90,57,4,1295.3,323.825,192,0.02072538860103627,1,0
16225,1096.32,5,493,2011-10-26 08:30:00,2011-03-07 12:17:00,109,45,5,1096.32,219.26399999999998,232,0.02145922746781116,1,0
16226,255.12,3,192,2011-05-20 14:41:00,2011-04-18 12:58:00,6,203,3,255.12,85.04,32,0.09090909090909091,0,0
16227,314.22,1,90,2011-04-28 13:33:00,2011-04-28 13:33:00,6,225,1,314.22,314.22,0,1.0,0,0
16229,1010.6,2,318,2011-09-13 17:16:00,2011-05-11 10:18:00,46,87,2,1010.6,505.3,125,0.015873015873015872,0,0
16230,542.03,2,365,2011-06-03 10:06:00,2011-05-03 15:12:00,32,190,2,542.03,271.015,30,0.06451612903225806,0,0
16232,990.88,4,550,2011-10-27 12:16:00,2011-05-08 14:05:00,24,44,4,990.88,247.72,171,0.023255813953488372,1,0
16233,536.6800000000001,3,174,2011-09-29 17:27:00,2010-12-08 12:51:00,22,71,3,536.6800000000001,178.89333333333335,295,0.010135135135135136,0,0
16235,867.31,5,330,2011-10-30 10:56:00,2011-01-11 15:42:00,42,41,5,867.31,173.462,291,0.017123287671232876,1,0
16236,432.2,1,184,2011-09-22 14:10:00,2011-09-22 14:10:00,20,78,1,432.2,432.2,0,1.0,0,0
16239,414.2,2,228,2011-10-14 08:29:00,2011-06-03 09:30:00,18,57,2,414.2,207.1,132,0.015037593984962405,0,0
16240,3718.8,2,1641,2011-11-15 14:30:00,2011-09-23 13:44:00,126,24,2,3718.8,1859.4,53,0.037037037037037035,1,0
16241,2590.31,13,1443,2011-11-30 11:08:00,2010-12-05 11:04:00,347,10,13,2590.31,199.2546153846154,360,0.036011080332409975,1,1
16242,3579.86,7,1969,2011-12-01 15:12:00,2011-03-07 17:04:00,184,8,7,3579.86,511.40857142857146,268,0.026022304832713755,1,1
16243,409.1,2,110,2011-11-06 12:32:00,2011-10-16 12:09:00,49,34,2,409.1,204.55,21,0.09090909090909091,0,0
16244,1522.75,2,855,2011-05-12 10:18:00,2010-12-02 11:41:00,88,212,2,1522.75,761.375,160,0.012422360248447204,0,0
16245,1413.66,3,1014,2011-11-16 10:14:00,2011-03-28 09:30:00,80,24,3,1413.66,471.22,233,0.01282051282051282,1,0
16247,114.56,1,182,2011-06-22 14:23:00,2011-06-22 14:23:00,16,170,1,114.56,114.56,0,1.0,0,0
16248,152.94,1,78,2011-10-09 11:32:00,2011-10-09 11:32:00,7,62,1,152.94,152.94,0,1.0,0,0
16249,1800.07,5,950,2011-10-18 10:07:00,2011-04-14 13:50:00,67,53,5,1800.07,360.014,186,0.026737967914438502,1,0
16250,389.44,2,208,2011-03-23 15:07:00,2010-12-01 09:59:00,22,261,2,389.44,194.72,112,0.017699115044247787,0,0
16253,3683.86,2,3233,2011-10-04 09:09:00,2011-03-29 13:33:00,114,67,2,3683.86,1841.93,188,0.010582010582010581,1,0
16255,2619.91,8,1767,2011-11-23 12:40:00,2010-12-09 14:25:00,146,17,8,2619.91,327.48875,348,0.022922636103151862,1,1
16256,752.4300000000001,1,581,2011-03-18 12:18:00,2011-03-18 12:18:00,13,267,1,752.4300000000001,752.4300000000001,0,1.0,0,0
16257,46.95,1,2,2011-06-16 10:11:00,2011-06-16 10:11:00,2,177,1,46.95,46.95,0,1.0,0,0
16258,5203.51,5,2994,2011-10-25 13:30:00,2011-05-04 14:33:00,111,45,5,5203.51,1040.702,173,0.028735632183908046,1,0
16260,1035.45,1,311,2011-10-20 09:40:00,2011-10-20 09:40:00,18,51,1,1035.45,1035.45,0,1.0,0,0
16261,728.54,4,301,2011-11-22 17:23:00,2011-04-07 19:05:00,98,17,4,728.54,182.135,228,0.017467248908296942,1,0
16265,5447.0,9,2646,2011-11-30 16:41:00,2010-12-10 10:21:00,164,9,9,5447.0,605.2222222222222,355,0.025280898876404494,1,1
16266,861.89,7,398,2011-09-27 12:08:00,2011-05-17 14:50:00,44,74,7,861.89,123.12714285714286,132,0.05263157894736842,1,0
16268,667.65,2,533,2011-09-29 18:30:00,2011-09-29 18:30:00,45,71,2,667.65,333.825,0,2.0,0,0
16270,1141.24,1,688,2010-12-21 14:26:00,2010-12-21 14:26:00,54,353,1,1141.24,1141.24,0,1.0,0,0
16271,1404.64,5,1024,2011-12-07 12:45:00,2010-12-16 16:36:00,89,3,5,1404.64,280.928,355,0.014044943820224719,1,1
16272,411.7,1,224,2011-08-15 10:54:00,2011-08-15 10:53:00,25,117,1,411.7,411.7,0,1.0,0,0
16274,351.75,1,153,2010-12-01 15:35:00,2010-12-01 15:35:00,64,373,1,351.75,351.75,0,1.0,0,0
16275,559.87,1,336,2011-05-27 12:41:00,2011-05-27 12:41:00,33,197,1,559.87,559.87,0,1.0,0,0
16276,810.6000000000001,1,420,2011-06-16 09:34:00,2011-06-16 09:34:00,6,177,1,810.6000000000001,810.6000000000001,0,1.0,0,0
16278,566.38,1,114,2011-08-31 17:12:00,2011-08-31 17:12:00,23,100,1,566.38,566.38,0,1.0,0,0
16279,1502.78,3,1046,2011-11-18 15:00:00,2011-06-16 11:50:00,102,21,3,1502.78,500.9266666666667,155,0.019230769230769232,1,0
16281,2062.06,1,934,2011-09-28 14:57:00,2011-09-28 14:57:00,17,72,1,2062.06,2062.06,0,1.0,0,0
16282,168.3,1,114,2011-01-04 11:42:00,2011-01-04 11:42:00,11,340,1,168.3,168.3,0,1.0,0,0
16283,1570.81,5,1236,2011-12-04 12:08:00,2011-05-15 13:37:00,117,6,5,1570.81,314.162,202,0.024630541871921183,1,1
16284,812.68,2,535,2011-11-08 16:12:00,2011-10-20 13:54:00,87,31,2,812.68,406.34,19,0.1,0,0
16287,142.5,1,298,2011-06-23 09:08:00,2011-06-23 09:08:00,8,170,1,142.5,142.5,0,1.0,0,0
16292,302.25,1,191,2011-08-10 12:24:00,2011-08-10 12:24:00,17,122,1,302.25,302.25,0,1.0,0,0
16293,2248.9900000000002,10,982,2011-11-18 09:58:00,2010-12-07 15:02:00,102,22,10,2248.9900000000002,224.89900000000003,345,0.028901734104046242,1,1
16295,1328.55,4,841,2011-11-30 08:17:00,2011-10-06 10:45:00,70,10,4,1328.55,332.1375,54,0.07272727272727272,1,1
16297,301.9,1,206,2011-03-16 08:29:00,2011-03-16 08:29:00,20,269,1,301.9,301.9,0,1.0,0,0
16298,598.2,3,198,2011-11-17 11:59:00,2011-06-06 10:06:00,22,23,3,598.2,199.4,164,0.01818181818181818,0,0
16302,233.22,1,158,2011-08-05 09:44:00,2011-08-05 09:44:00,11,127,1,233.22,233.22,0,1.0,0,0
16303,5360.63,3,2659,2011-11-14 10:49:00,2011-01-10 14:16:00,119,26,3,5360.63,1786.8766666666668,307,0.00974025974025974,1,0
16305,361.21999999999997,1,256,2011-07-24 12:18:00,2011-07-24 12:18:00,22,139,1,361.21999999999997,361.21999999999997,0,1.0,0,0
16306,632.27,6,487,2011-05-10 12:12:00,2010-12-07 15:18:00,36,214,6,632.27,105.37833333333333,153,0.03896103896103896,0,0
16308,2560.0,4,8000,2011-11-02 11:24:00,2011-03-23 14:46:00,1,38,4,2560.0,640.0,223,0.017857142857142856,1,0
16309,706.57,2,467,2011-08-25 15:35:00,2011-04-13 11:46:00,39,106,2,706.57,353.285,134,0.014814814814814815,0,0
16311,616.26,2,394,2011-11-22 08:54:00,2011-10-21 13:13:00,35,18,2,616.26,308.13,31,0.0625,0,0
16313,274.15000000000003,2,165,2011-12-06 13:02:00,2011-10-21 09:04:00,16,3,2,274.15000000000003,137.07500000000002,46,0.0425531914893617,0,1
16315,226.37,1,75,2011-01-13 11:57:00,2011-01-13 11:57:00,14,331,1,226.37,226.37,0,1.0,0,0
16316,2938.91,8,1484,2011-10-06 13:48:00,2010-12-16 14:26:00,120,64,8,2938.91,367.36375,293,0.027210884353741496,1,0
16317,1341.65,3,890,2011-08-12 12:46:00,2011-02-15 14:30:00,64,120,3,1341.65,447.2166666666667,177,0.016853932584269662,0,0
16318,328.15,1,199,2011-11-04 13:05:00,2011-11-04 13:05:00,19,35,1,328.15,328.15,0,1.0,0,0
16319,404.40000000000003,1,72,2011-05-06 11:27:00,2011-05-06 11:27:00,3,218,1,404.40000000000003,404.40000000000003,0,1.0,0,0
16320,1038.46,2,732,2011-06-20 15:25:00,2011-05-10 15:31:00,56,172,2,1038.46,519.23,40,0.04878048780487805,0,0
16321,373.65000000000003,5,135,2011-09-28 14:55:00,2011-01-20 12:11:00,7,72,5,373.65000000000003,74.73,251,0.01984126984126984,0,0
16322,326.75,2,231,2011-12-08 15:41:00,2011-11-03 14:33:00,28,1,2,326.75,163.375,35,0.05555555555555555,1,1
16323,207.50000000000003,1,50,2011-05-27 14:48:00,2011-05-27 14:48:00,1,196,1,207.50000000000003,207.50000000000003,0,1.0,0,0
16324,408.59000000000003,3,270,2011-08-03 12:58:00,2011-06-15 14:26:00,100,128,3,408.59000000000003,136.1966666666667,48,0.061224489795918366,0,0
16325,594.24,3,194,2011-10-24 08:48:00,2011-04-08 09:20:00,14,47,3,594.24,198.08,198,0.01507537688442211,0,0
16326,3039.2200000000003,14,682,2011-12-04 10:11:00,2011-01-09 12:01:00,158,6,14,3039.2200000000003,217.08714285714288,328,0.0425531914893617,1,1
16327,3820.27,6,2560,2011-11-25 13:23:00,2010-12-05 12:43:00,142,14,6,3820.27,636.7116666666667,355,0.016853932584269662,1,1
16330,251.91,3,147,2011-11-22 12:24:00,2011-08-19 17:08:00,39,18,3,251.91,83.97,94,0.031578947368421054,0,0
16332,1582.8,7,797,2011-11-11 14:22:00,2011-02-07 14:16:00,125,28,7,1582.8,226.1142857142857,277,0.025179856115107913,1,1
16333,26626.8,22,32184,2011-12-02 12:19:00,2011-02-03 10:50:00,9,8,22,26626.8,1210.3090909090909,302,0.07260726072607261,1,1
16337,151.05,1,87,2011-11-03 10:03:00,2011-11-03 10:03:00,10,37,1,151.05,151.05,0,1.0,0,0
16338,214.79999999999998,1,94,2011-07-05 13:56:00,2011-07-05 13:56:00,11,157,1,214.79999999999998,214.79999999999998,0,1.0,0,0
16339,94.05,1,21,2011-02-28 13:41:00,2011-02-28 13:41:00,17,284,1,94.05,94.05,0,1.0,0,0
16340,534.31,1,486,2011-08-24 14:53:00,2011-08-24 14:53:00,124,107,1,534.31,534.31,0,1.0,0,0
16341,1971.87,4,1398,2011-11-15 09:12:00,2011-05-22 13:20:00,60,25,4,1971.87,492.9675,176,0.022598870056497175,1,0
16342,322.41,4,157,2011-09-25 14:36:00,2011-06-13 10:10:00,10,75,4,322.41,80.6025,104,0.0380952380952381,0,0
16343,328.58,2,175,2011-11-23 17:45:00,2011-11-23 17:43:00,29,16,2,328.58,164.29,0,2.0,0,0
16344,101.10000000000001,1,18,2011-07-04 15:50:00,2011-07-04 15:50:00,1,158,1,101.10000000000001,101.10000000000001,0,1.0,0,0
16345,565.46,1,288,2011-10-26 16:03:00,2011-10-26 16:03:00,35,44,1,565.46,565.46,0,1.0,0,0
16347,847.45,2,341,2011-11-28 13:14:00,2011-11-03 13:01:00,61,11,2,847.45,423.725,25,0.07692307692307693,1,1
16348,1415.65,7,805,2011-11-07 15:44:00,2011-04-13 15:49:00,157,32,7,1415.65,202.2357142857143,207,0.03365384615384615,1,1
16349,53.5,1,9,2011-02-22 12:40:00,2011-02-22 12:40:00,9,291,1,53.5,53.5,0,1.0,0,0
16350,1116.47,4,545,2011-11-18 15:53:00,2011-01-10 09:44:00,40,21,4,1116.47,279.1175,312,0.012779552715654952,1,1
16351,153.9,1,90,2011-01-11 10:26:00,2011-01-11 10:26:00,8,333,1,153.9,153.9,0,1.0,0,0
16352,494.44,2,300,2011-11-22 10:32:00,2011-11-02 08:44:00,28,18,2,494.44,247.22,20,0.09523809523809523,0,0
16353,6675.71,23,2006,2011-12-06 12:23:00,2010-12-05 12:09:00,51,4,23,6675.71,290.24826086956523,366,0.06267029972752043,1,1
16354,395.8,2,150,2011-10-07 14:28:00,2011-09-27 16:28:00,38,63,2,395.8,197.9,9,0.2,0,0
16356,211.77,3,93,2011-05-26 11:51:00,2011-03-07 12:31:00,20,198,3,211.77,70.59,79,0.0375,0,0
16357,658.88,3,246,2011-11-06 16:04:00,2011-05-10 10:35:00,31,33,3,658.88,219.62666666666667,180,0.016574585635359115,0,0
16358,2027.5,4,1302,2011-12-08 15:09:00,2011-06-08 15:05:00,82,1,4,2027.5,506.875,183,0.021739130434782608,1,1
16359,1750.92,9,1183,2011-12-02 17:04:00,2011-01-12 10:49:00,39,7,9,1750.92,194.54666666666668,324,0.027692307692307693,1,1
16360,3450.41,6,2110,2011-12-05 12:16:00,2011-09-12 13:50:00,365,5,6,3450.41,575.0683333333333,83,0.07142857142857142,1,1
16361,891.21,4,418,2011-11-30 12:32:00,2011-09-29 13:13:00,87,10,4,891.21,222.8025,61,0.06451612903225806,1,1
16362,709.99,5,340,2011-11-07 13:01:00,2011-09-09 14:47:00,58,32,5,709.99,141.998,58,0.0847457627118644,1,0
16363,109.36000000000001,1,52,2011-10-17 14:14:00,2011-10-17 14:14:00,5,53,1,109.36000000000001,109.36000000000001,0,1.0,0,0
16364,705.79,2,279,2011-11-28 11:27:00,2011-07-25 14:35:00,48,12,2,705.79,352.895,125,0.015873015873015872,0,1
16365,1540.42,9,504,2011-11-22 11:24:00,2010-12-07 17:19:00,45,18,9,1540.42,171.1577777777778,349,0.025714285714285714,1,1
16366,327.3,1,256,2011-11-21 08:19:00,2011-11-21 08:19:00,18,19,1,327.3,327.3,0,1.0,0,0
16367,800.67,2,643,2011-11-02 13:13:00,2010-12-12 12:01:00,123,37,2,800.67,400.335,325,0.006134969325153374,0,0
16368,479.91,2,251,2011-12-07 13:12:00,2011-11-11 15:08:00,58,2,2,479.91,239.955,25,0.07692307692307693,1,1
16369,1545.41,3,1030,2011-11-21 16:25:00,2011-05-27 09:39:00,91,18,3,1545.41,515.1366666666667,178,0.01675977653631285,1,0
16370,1301.91,4,640,2011-09-18 15:55:00,2011-04-28 16:40:00,143,82,4,1301.91,325.4775,142,0.027972027972027972,0,0
16372,355.73,2,158,2011-11-06 13:08:00,2011-11-06 12:50:00,86,33,2,355.73,177.865,0,2.0,0,0
16374,466.73,2,237,2011-10-04 15:21:00,2011-03-22 13:46:00,101,66,2,466.73,233.365,196,0.01015228426395939,0,0
16376,974.96,2,691,2011-12-01 11:38:00,2011-11-22 16:47:00,104,9,2,974.96,487.48,8,0.2222222222222222,1,1
16377,676.2,1,1500,2011-03-17 15:41:00,2011-03-17 15:41:00,5,267,1,676.2,676.2,0,1.0,0,0
16378,362.95,3,267,2011-04-06 15:07:00,2011-02-02 12:42:00,22,247,3,362.95,120.98333333333333,63,0.046875,0,0
16379,2157.4,4,1410,2011-12-05 15:38:00,2011-09-22 09:33:00,87,4,4,2157.4,539.35,74,0.05333333333333334,1,1
16380,1743.1499999999999,1,1428,2011-10-09 15:40:00,2011-10-09 15:40:00,28,61,1,1743.1499999999999,1743.1499999999999,0,1.0,0,0
16383,643.76,2,467,2011-09-26 12:45:00,2011-03-16 13:00:00,80,75,2,643.76,321.88,193,0.010309278350515464,0,0
16384,584.5,2,260,2011-09-11 11:19:00,2011-03-21 10:13:00,33,90,2,584.5,292.25,174,0.011428571428571429,0,0
16385,554.86,3,258,2011-10-10 13:12:00,2010-12-08 12:56:00,52,60,3,554.86,184.95333333333335,306,0.009771986970684038,0,0
16386,302.57,2,205,2011-11-11 12:28:00,2011-03-31 12:19:00,76,29,2,302.57,151.285,225,0.008849557522123894,0,0
16387,94.36,1,44,2011-01-21 11:34:00,2011-01-21 11:34:00,4,323,1,94.36,94.36,0,1.0,0,0
16389,1382.07,4,1242,2011-10-17 14:41:00,2011-03-01 15:47:00,33,53,4,1382.07,345.5175,229,0.017391304347826087,1,0
16392,217.89,1,201,2011-03-15 12:11:00,2011-03-15 12:11:00,41,270,1,217.89,217.89,0,1.0,0,0
16393,3040.96,13,1573,2011-12-07 12:51:00,2010-12-05 13:10:00,120,2,13,3040.96,233.92000000000002,366,0.035422343324250684,1,1
16394,1555.34,5,2604,2011-10-14 09:48:00,2011-02-23 10:58:00,61,57,5,1555.34,311.068,232,0.02145922746781116,1,0
16395,1482.06,5,1472,2011-10-10 12:50:00,2011-01-13 12:10:00,150,61,5,1482.06,296.412,270,0.01845018450184502,1,0
16398,1705.8,2,758,2011-07-08 15:16:00,2011-03-31 09:38:00,75,154,2,1705.8,852.9,99,0.02,0,0
16399,408.02,2,263,2011-11-20 16:12:00,2011-04-18 13:46:00,68,19,2,408.02,204.01,216,0.009216589861751152,0,0
16400,303.93,1,172,2011-09-06 12:27:00,2011-09-06 12:27:00,28,95,1,303.93,303.93,0,1.0,0,0
16401,4098.32,12,3882,2011-12-08 18:15:00,2011-01-16 10:56:00,66,1,12,4098.32,341.52666666666664,326,0.03669724770642202,1,1
16402,293.45,2,146,2011-03-20 12:25:00,2010-12-05 13:42:00,55,265,2,293.45,146.725,104,0.01904761904761905,0,0
16403,177.5,1,114,2011-01-31 13:39:00,2011-01-31 13:39:00,10,312,1,177.5,177.5,0,1.0,0,0
16404,443.05,1,157,2011-09-30 14:55:00,2011-09-30 14:55:00,23,70,1,443.05,443.05,0,1.0,0,0
16405,167.25,2,187,2011-02-10 15:24:00,2011-02-02 17:08:00,3,302,2,167.25,83.625,7,0.25,0,0
16406,154.35,1,116,2011-11-21 11:57:00,2011-11-21 11:57:00,54,19,1,154.35,154.35,0,1.0,0,0
16407,2079.68,10,1093,2011-11-27 11:05:00,2011-01-31 14:02:00,99,13,10,2079.68,207.968,299,0.03333333333333333,1,1
16409,2022.98,5,1304,2011-11-03 16:45:00,2011-01-26 14:51:00,145,36,5,2022.98,404.596,281,0.01773049645390071,1,0
16411,211.7,2,131,2011-11-20 13:23:00,2010-12-05 13:26:00,41,19,2,211.7,105.85,349,0.005714285714285714,0,0
16412,135.99,1,63,2011-10-17 12:35:00,2011-10-17 12:35:00,25,54,1,135.99,135.99,0,1.0,0,0
16413,262.2,1,148,2011-10-14 12:08:00,2011-10-14 12:08:00,30,57,1,262.2,262.2,0,1.0,0,0
16414,126.25,2,27,2011-11-18 09:42:00,2011-03-04 13:27:00,5,22,2,126.25,63.125,258,0.007722007722007722,0,0
16415,200.27,1,178,2011-10-26 13:35:00,2011-10-26 13:35:00,45,44,1,200.27,200.27,0,1.0,0,0
16416,1051.4,3,672,2011-11-13 12:50:00,2011-10-14 13:35:00,59,27,3,1051.4,350.4666666666667,29,0.1,1,0
16418,631.12,3,280,2011-10-26 12:39:00,2011-04-27 16:54:00,76,45,3,631.12,210.37333333333333,181,0.016483516483516484,0,0
16419,958.71,6,428,2011-08-19 12:33:00,2011-02-01 12:25:00,36,113,6,958.71,159.785,199,0.03,1,0
16422,34684.4,51,33704,2011-11-22 14:00:00,2010-12-05 15:35:00,68,17,51,34684.4,680.086274509804,351,0.14488636363636365,1,1
16423,346.12,1,230,2011-11-15 09:21:00,2011-11-15 09:21:00,18,25,1,346.12,346.12,0,1.0,0,0
16424,133.56,1,88,2011-06-01 13:40:00,2011-06-01 13:40:00,5,191,1,133.56,133.56,0,1.0,0,0
16425,302.7,1,199,2011-02-10 14:30:00,2011-02-10 14:30:00,21,302,1,302.7,302.7,0,1.0,0,0
16426,1863.76,10,1215,2011-12-07 14:01:00,2011-03-08 15:45:00,211,2,10,1863.76,186.376,273,0.0364963503649635,1,1
16427,241.06,2,156,2011-03-21 17:10:00,2011-02-28 15:18:00,8,263,2,241.06,120.53,21,0.09090909090909091,0,0
16429,284.55,1,9,2011-08-25 13:54:00,2011-08-25 13:54:00,2,106,1,284.55,284.55,0,1.0,0,0
16430,300.85,1,103,2011-10-13 14:47:00,2011-10-13 14:47:00,6,57,1,300.85,300.85,0,1.0,0,0
16431,623.28,3,442,2011-05-10 14:09:00,2011-02-15 14:02:00,51,213,3,623.28,207.76,84,0.03529411764705882,0,0
16432,287.4,1,276,2011-10-06 13:59:00,2011-10-06 13:59:00,8,64,1,287.4,287.4,0,1.0,0,0
16433,184.26,1,106,2011-11-11 14:09:00,2011-11-11 14:09:00,17,28,1,184.26,184.26,0,1.0,0,0
16434,1511.8,7,760,2011-11-10 14:28:00,2011-02-13 12:17:00,88,29,7,1511.8,215.97142857142856,270,0.025830258302583026,1,1
16438,798.35,5,463,2011-12-04 10:51:00,2011-09-18 13:31:00,74,6,5,798.35,159.67000000000002,76,0.06493506493506493,1,1
16440,3640.67,5,2018,2011-12-02 12:02:00,2011-05-09 12:25:00,186,8,5,3640.67,728.134,206,0.024154589371980676,1,1
16441,381.2,2,173,2011-10-03 17:48:00,2011-02-21 17:35:00,22,67,2,381.2,190.6,224,0.008888888888888889,0,0
16442,609.3,3,443,2011-12-08 11:43:00,2010-12-14 10:46:00,161,2,3,609.3,203.1,359,0.008333333333333333,1,1
16444,654.67,4,407,2011-10-24 13:50:00,2011-03-20 12:14:00,68,46,4,654.67,163.6675,218,0.0182648401826484,0,0
16445,230.51,1,111,2011-11-06 12:32:00,2011-11-06 12:32:00,62,34,1,230.51,230.51,0,1.0,0,0
16446,168472.5,2,80997,2011-12-09 09:15:00,2011-05-18 09:52:00,3,1,2,168472.5,84236.25,204,0.00975609756097561,1,1
16447,255.91,1,221,2011-07-27 12:45:00,2011-07-27 12:45:00,34,136,1,255.91,255.91,0,1.0,0,0
16448,182.99,1,76,2011-05-25 16:28:00,2011-05-25 16:28:00,19,198,1,182.99,182.99,0,1.0,0,0
16449,707.69,2,367,2011-05-26 10:25:00,2011-03-04 12:15:00,40,198,2,707.69,353.845,82,0.024096385542168676,0,0
16450,311.92,1,200,2011-07-13 11:47:00,2011-07-13 11:47:00,11,150,1,311.92,311.92,0,1.0,0,0
16451,266.97,1,120,2011-09-13 09:17:00,2011-09-13 09:17:00,14,88,1,266.97,266.97,0,1.0,0,0
16454,6.9,2,3,2011-10-26 11:40:00,2011-10-06 16:57:00,2,45,2,6.9,3.45,19,0.1,0,0
16455,1841.18,7,988,2011-10-07 12:17:00,2010-12-03 16:44:00,69,64,7,1841.18,263.0257142857143,307,0.022727272727272728,1,0
16456,2158.18,5,1147,2011-09-01 13:50:00,2010-12-01 14:11:00,80,99,5,2158.18,431.63599999999997,273,0.01824817518248175,1,0
16457,208.36,1,140,2011-05-05 13:19:00,2011-05-05 13:19:00,9,218,1,208.36,208.36,0,1.0,0,0
16458,3482.7400000000002,18,2154,2011-12-07 09:34:00,2010-12-14 11:51:00,52,3,18,3482.7400000000002,193.48555555555558,357,0.05027932960893855,1,1
16460,811.23,3,876,2011-11-11 13:46:00,2011-09-19 10:15:00,128,28,3,811.23,270.41,53,0.05555555555555555,0,0
16461,142.92,1,48,2011-06-15 12:07:00,2011-06-15 12:07:00,31,178,1,142.92,142.92,0,1.0,0,0
16462,136.0,3,16,2011-09-27 10:24:00,2011-03-01 08:58:00,1,74,3,136.0,45.333333333333336,210,0.014218009478672985,0,0
16463,1422.4,4,1163,2011-11-18 14:01:00,2011-05-19 14:45:00,74,21,4,1422.4,355.6,182,0.02185792349726776,1,1
16464,1298.66,3,952,2011-11-20 12:11:00,2011-07-20 13:53:00,152,20,3,1298.66,432.8866666666667,122,0.024390243902439025,1,0
16466,1595.96,7,785,2011-11-06 11:35:00,2011-02-20 11:39:00,103,34,7,1595.96,227.99428571428572,258,0.02702702702702703,1,1
16468,74.9,1,31,2011-09-26 14:13:00,2011-09-26 14:13:00,2,74,1,74.9,74.9,0,1.0,0,0
16469,625.42,4,260,2011-11-16 12:25:00,2011-04-07 13:11:00,148,24,4,625.42,156.355,222,0.017937219730941704,1,0
16470,752.77,4,522,2011-10-19 12:11:00,2010-12-16 11:53:00,120,52,4,752.77,188.1925,307,0.012987012987012988,0,0
16471,223.95000000000002,1,141,2011-03-10 09:41:00,2011-03-10 09:41:00,13,275,1,223.95000000000002,223.95000000000002,0,1.0,0,0
16473,316.11,3,196,2011-06-28 09:10:00,2011-01-07 10:55:00,18,165,3,316.11,105.37,171,0.01744186046511628,0,0
16474,1810.65,7,909,2011-12-02 13:02:00,2011-07-17 14:51:00,237,7,7,1810.65,258.6642857142857,137,0.050724637681159424,1,1
16475,544.3,4,319,2011-09-12 14:37:00,2011-03-11 09:39:00,23,88,4,544.3,136.075,185,0.021505376344086023,0,0
16477,2494.46,7,1415,2011-10-07 09:44:00,2010-12-03 12:48:00,111,64,7,2494.46,356.3514285714286,307,0.022727272727272728,1,0
16478,331.0,3,224,2011-11-14 15:51:00,2011-10-05 12:02:00,15,25,3,331.0,110.33333333333333,40,0.07317073170731707,0,0
16479,300.83,2,102,2011-11-29 13:40:00,2011-11-29 13:04:00,35,10,2,300.83,150.415,0,2.0,0,0
16480,769.29,1,455,2011-09-25 11:40:00,2011-09-25 11:40:00,51,76,1,769.29,769.29,0,1.0,0,0
16482,220.62,1,346,2011-11-24 12:33:00,2011-11-24 12:33:00,18,16,1,220.62,220.62,0,1.0,0,0
16483,139.35,1,44,2011-05-31 13:08:00,2011-05-31 13:08:00,19,192,1,139.35,139.35,0,1.0,0,0
16484,404.3,2,200,2011-06-19 12:06:00,2011-06-02 10:39:00,25,174,2,404.3,202.15,17,0.1111111111111111,0,0
16485,363.65,1,235,2011-09-23 15:50:00,2011-09-23 15:50:00,41,77,1,363.65,363.65,0,1.0,0,0
16488,498.8,3,728,2011-11-06 13:42:00,2011-07-14 11:46:00,28,33,3,498.8,166.26666666666668,115,0.02586206896551724,0,0
16491,731.5,1,478,2011-10-24 10:18:00,2011-10-24 10:18:00,39,47,1,731.5,731.5,0,1.0,0,0
16493,1351.63,4,1164,2011-09-21 11:10:00,2011-01-14 08:16:00,40,80,4,1351.63,337.9075,250,0.01593625498007968,1,0
16494,826.53,1,675,2011-02-16 12:49:00,2011-02-16 12:49:00,47,297,1,826.53,826.53,0,1.0,0,0
16495,648.26,3,328,2011-12-06 13:20:00,2011-03-08 16:38:00,78,3,3,648.26,216.08666666666667,272,0.01098901098901099,1,1
16496,1599.52,3,1111,2011-12-01 10:31:00,2011-01-27 09:42:00,92,9,3,1599.52,533.1733333333333,308,0.009708737864077669,1,1
16497,2965.69,6,1396,2011-10-21 10:55:00,2011-01-10 13:20:00,128,50,6,2965.69,494.2816666666667,283,0.02112676056338028,1,0
16498,100.97,2,45,2011-07-01 15:07:00,2011-06-30 19:52:00,15,161,2,100.97,50.485,0,2.0,0,0
16499,365.45,2,127,2010-12-14 13:31:00,2010-12-10 10:27:00,18,360,2,365.45,182.725,4,0.4,0,0
16500,400.86,6,123,2011-12-05 12:04:00,2011-01-13 10:28:00,8,5,6,400.86,66.81,326,0.01834862385321101,1,1
16503,1431.93,4,569,2011-08-25 11:46:00,2010-12-14 13:50:00,71,107,4,1431.93,357.9825,253,0.015748031496062992,0,0
16504,465.88,1,510,2011-11-14 15:18:00,2011-11-14 15:18:00,76,25,1,465.88,465.88,0,1.0,0,0
16505,777.6,1,576,2011-11-08 12:14:00,2011-11-08 12:14:00,4,32,1,777.6,777.6,0,1.0,0,0
16506,90.30000000000001,2,42,2011-11-20 12:17:00,2011-10-30 15:50:00,3,20,2,90.30000000000001,45.150000000000006,20,0.09523809523809523,0,0
16509,363.7,1,64,2011-02-16 09:25:00,2011-02-16 09:25:00,13,297,1,363.7,363.7,0,1.0,0,0
16510,248.1,1,92,2010-12-02 13:39:00,2010-12-02 13:39:00,13,372,1,248.1,248.1,0,1.0,0,0
16511,918.33,3,405,2011-11-18 10:41:00,2011-03-18 11:24:00,135,22,3,918.33,306.11,244,0.012244897959183673,1,0
16513,874.59,4,407,2011-12-05 10:18:00,2011-10-27 14:56:00,33,5,4,874.59,218.6475,38,0.10256410256410256,1,1
16515,1624.14,5,826,2011-10-18 13:10:00,2011-02-01 13:09:00,89,52,5,1624.14,324.82800000000003,259,0.019230769230769232,1,0
16516,101.69999999999999,1,58,2011-11-09 14:59:00,2011-11-09 14:59:00,6,30,1,101.69999999999999,101.69999999999999,0,1.0,0,0
16517,162.7,1,96,2011-03-07 13:50:00,2011-03-07 13:50:00,17,277,1,162.7,162.7,0,1.0,0,0
16518,484.32,2,327,2011-10-09 15:04:00,2011-02-28 16:36:00,36,61,2,484.32,242.16,222,0.008968609865470852,0,0
16519,215.07999999999998,2,54,2011-11-14 15:41:00,2010-12-09 14:08:00,13,25,2,215.07999999999998,107.53999999999999,340,0.005865102639296188,0,0
16520,1046.57,3,558,2011-06-06 13:24:00,2010-12-09 13:08:00,129,186,3,1046.57,348.8566666666666,179,0.016666666666666666,0,0
16523,9418.470000000001,21,4265,2011-12-08 09:06:00,2011-01-28 12:06:00,151,2,21,9418.470000000001,448.4985714285715,313,0.06687898089171974,1,1
16525,13027.45,26,7397,2011-12-07 15:07:00,2010-12-08 11:31:00,75,2,26,13027.45,501.0557692307693,364,0.07123287671232877,1,1
16526,290.36,1,106,2011-06-21 12:02:00,2011-06-21 12:02:00,15,172,1,290.36,290.36,0,1.0,0,0
16527,228.06,1,106,2011-09-19 16:21:00,2011-09-19 16:21:00,14,81,1,228.06,228.06,0,1.0,0,0
16528,244.41,1,171,2011-12-06 12:45:00,2011-12-06 12:45:00,17,4,1,244.41,244.41,0,1.0,0,1
16529,455.25,1,198,2011-06-02 17:23:00,2011-06-02 17:23:00,30,190,1,455.25,455.25,0,1.0,0,0
16531,1244.59,7,915,2011-11-17 16:29:00,2010-12-14 13:19:00,68,22,7,1244.59,177.79857142857142,338,0.02064896755162242,1,1
16532,6748.8,3,2016,2011-11-22 11:08:00,2011-01-05 12:37:00,2,18,3,6748.8,2249.6,320,0.009345794392523364,1,0
16533,1082.81,3,611,2011-11-20 13:08:00,2011-10-02 15:07:00,112,19,3,1082.81,360.93666666666667,48,0.061224489795918366,1,0
16535,593.75,1,356,2011-12-04 15:18:00,2011-12-04 15:18:00,31,5,1,593.75,593.75,0,1.0,0,1
16536,548.12,1,250,2011-08-21 15:54:00,2011-08-21 15:54:00,49,110,1,548.12,548.12,0,1.0,0,0
16539,1388.81,4,477,2011-12-07 08:41:00,2010-12-01 15:40:00,36,3,4,1388.81,347.2025,370,0.01078167115902965,1,1
16542,119.62,1,46,2011-10-17 10:47:00,2011-10-17 10:47:00,5,54,1,119.62,119.62,0,1.0,0,0
16545,339.3,1,78,2011-06-28 10:37:00,2011-06-28 10:37:00,3,165,1,339.3,339.3,0,1.0,0,0
16546,787.15,2,549,2011-02-22 11:20:00,2010-12-02 12:07:00,25,291,2,787.15,393.575,81,0.024390243902439025,0,0
16549,4034.9,10,2294,2011-11-29 15:06:00,2011-01-09 14:03:00,445,10,10,4034.9,403.49,324,0.03076923076923077,1,1
16550,2298.97,5,1540,2011-08-23 11:12:00,2010-12-06 13:53:00,162,109,5,2298.97,459.794,259,0.019230769230769232,1,0
16551,922.12,3,970,2011-09-05 09:38:00,2011-01-07 10:24:00,26,96,3,922.12,307.37333333333333,240,0.012448132780082987,0,0
16552,379.73,2,219,2011-04-11 10:04:00,2010-12-01 12:36:00,17,243,2,379.73,189.865,130,0.015267175572519083,0,0
16553,5719.82,12,4600,2011-06-29 15:42:00,2010-12-14 13:58:00,62,163,12,5719.82,476.65166666666664,197,0.06060606060606061,1,0
16554,837.1,3,402,2011-10-28 14:51:00,2011-01-12 12:41:00,51,42,3,837.1,279.03333333333336,289,0.010344827586206896,0,0
16555,285.89,2,175,2011-11-04 14:31:00,2011-08-22 12:32:00,15,35,2,285.89,142.945,74,0.02666666666666667,0,0
16556,3313.79,7,1890,2011-10-04 11:36:00,2010-12-14 13:32:00,144,67,7,3313.79,473.3985714285714,293,0.023809523809523808,1,0
16557,281.85,2,111,2011-11-15 14:04:00,2011-07-25 13:28:00,11,24,2,281.85,140.925,113,0.017543859649122806,0,0
16558,8338.49,20,5377,2011-12-09 10:20:00,2010-12-08 12:01:00,264,1,20,8338.49,416.92449999999997,365,0.0546448087431694,1,1
16560,841.41,2,500,2011-11-13 10:35:00,2010-12-16 14:36:00,52,27,2,841.41,420.705,331,0.006024096385542169,0,0
16561,511.12,2,244,2011-12-04 11:50:00,2011-10-11 09:53:00,29,6,2,511.12,255.56,54,0.03636363636363636,1,1
16563,1077.74,1,486,2011-10-17 11:51:00,2011-10-17 11:51:00,19,54,1,1077.74,1077.74,0,1.0,0,0
16565,173.7,1,46,2010-12-10 15:21:00,2010-12-10 15:21:00,3,364,1,173.7,173.7,0,1.0,0,0
16566,614.66,5,362,2011-11-24 16:34:00,2011-02-20 10:29:00,14,15,5,614.66,122.93199999999999,277,0.017985611510791366,1,1
16567,865.6,2,996,2011-05-29 13:57:00,2011-01-07 09:31:00,34,194,2,865.6,432.8,142,0.013986013986013986,0,0
16569,124.2,1,93,2011-12-06 15:32:00,2011-12-06 15:32:00,5,3,1,124.2,124.2,0,1.0,0,0
16570,3738.4,10,2112,2011-11-24 17:02:00,2011-02-01 10:37:00,68,15,10,3738.4,373.84000000000003,296,0.03367003367003367,1,1
16571,1421.69,3,1239,2011-11-13 11:46:00,2011-03-03 09:41:00,73,27,3,1421.69,473.8966666666667,255,0.01171875,1,0
16572,1009.6,3,532,2011-08-04 16:34:00,2011-03-09 12:04:00,40,127,3,1009.6,336.53333333333336,148,0.020134228187919462,0,0
16573,663.61,2,360,2011-09-16 09:13:00,2011-02-22 15:14:00,40,85,2,663.61,331.805,205,0.009708737864077669,0,0
16574,451.44,1,416,2011-09-29 13:39:00,2011-09-29 13:39:00,28,71,1,451.44,451.44,0,1.0,0,0
16581,105.84,1,134,2011-06-10 10:05:00,2011-06-10 10:05:00,9,183,1,105.84,105.84,0,1.0,0,0
16582,313.62,1,164,2011-08-18 17:02:00,2011-08-18 17:02:00,6,113,1,313.62,313.62,0,1.0,0,0
16583,233.45,1,111,2010-12-01 12:03:00,2010-12-01 12:03:00,14,374,1,233.45,233.45,0,1.0,0,0
16584,936.08,2,646,2011-09-20 13:45:00,2011-03-30 13:14:00,25,80,2,936.08,468.04,174,0.011428571428571429,0,0
16586,463.95,1,95,2011-04-05 09:32:00,2011-04-05 09:32:00,8,249,1,463.95,463.95,0,1.0,0,0
16587,225.15,1,71,2011-04-21 15:51:00,2011-04-21 15:51:00,13,232,1,225.15,225.15,0,1.0,0,0
16589,459.24,3,368,2011-09-29 14:50:00,2011-07-01 13:31:00,31,71,3,459.24,153.08,90,0.03296703296703297,0,0
16591,213.5,1,41,2011-10-02 10:43:00,2011-10-02 10:43:00,10,69,1,213.5,213.5,0,1.0,0,0
16592,4113.68,16,2927,2011-12-05 13:49:00,2011-02-25 10:19:00,142,4,16,4113.68,257.105,283,0.056338028169014086,1,1
16593,330.03,3,116,2011-10-20 12:41:00,2011-01-16 12:11:00,24,51,3,330.03,110.00999999999999,277,0.01079136690647482,0,0
16594,181.09,1,64,2011-09-25 14:08:00,2011-09-25 14:08:00,53,75,1,181.09,181.09,0,1.0,0,0
16595,360.16,1,335,2011-10-09 13:15:00,2011-10-09 13:15:00,83,61,1,360.16,360.16,0,1.0,0,0
16596,250.15,2,97,2011-11-24 10:02:00,2010-12-08 16:18:00,12,16,2,250.15,125.075,350,0.005698005698005698,0,0
16597,90.04,1,184,2011-12-05 15:44:00,2011-12-05 15:44:00,7,4,1,90.04,90.04,0,1.0,0,0
16598,145.04999999999998,1,73,2011-02-27 11:42:00,2011-02-27 11:42:00,10,286,1,145.04999999999998,145.04999999999998,0,1.0,0,0
16600,813.52,6,1145,2011-12-05 16:00:00,2011-01-05 12:13:00,50,4,6,813.52,135.58666666666667,334,0.01791044776119403,1,1
16601,242.7,1,133,2011-10-30 11:09:00,2011-10-30 11:09:00,29,41,1,242.7,242.7,0,1.0,0,0
16602,528.08,1,336,2011-11-03 15:54:00,2011-11-03 15:54:00,29,36,1,528.08,528.08,0,1.0,0,0
16603,482.47,2,480,2011-09-26 10:06:00,2011-09-09 13:02:00,34,75,2,482.47,241.235,16,0.11764705882352941,0,0
16607,3347.71,14,2859,2011-11-22 10:24:00,2010-12-16 08:41:00,140,18,14,3347.71,239.12214285714285,341,0.04093567251461988,1,1
16609,5493.46,7,2420,2011-11-24 13:32:00,2011-04-01 10:11:00,155,15,7,5493.46,784.78,237,0.029411764705882353,1,1
16610,75.66,1,66,2011-05-04 13:13:00,2011-05-04 13:13:00,6,219,1,75.66,75.66,0,1.0,0,0
16611,129.49,1,47,2011-06-06 15:46:00,2011-06-06 15:46:00,9,186,1,129.49,129.49,0,1.0,0,0
16612,1187.66,4,506,2011-11-07 07:38:00,2011-02-01 10:38:00,48,33,4,1187.66,296.915,278,0.014336917562724014,1,0
16613,618.59,1,293,2011-09-30 15:52:00,2011-09-30 15:52:00,30,70,1,618.59,618.59,0,1.0,0,0
16614,506.19,1,223,2011-06-10 11:36:00,2011-06-10 11:36:00,26,183,1,506.19,506.19,0,1.0,0,0
16616,500.42,2,370,2011-11-24 16:31:00,2011-07-05 13:38:00,31,15,2,500.42,250.21,142,0.013986013986013986,0,0
16617,151.85,1,91,2011-04-18 10:35:00,2011-04-18 10:35:00,5,236,1,151.85,151.85,0,1.0,0,0
16618,2647.59,5,1363,2011-11-08 13:52:00,2011-01-21 11:55:00,79,31,5,2647.59,529.518,291,0.017123287671232876,1,0
16619,226.21,1,133,2011-03-21 08:18:00,2011-03-21 08:18:00,14,264,1,226.21,226.21,0,1.0,0,0
16620,178.96,2,88,2011-12-06 12:19:00,2011-03-24 10:37:00,9,4,2,178.96,89.48,257,0.007751937984496124,0,1
16621,813.48,4,302,2011-10-19 11:38:00,2011-03-07 11:32:00,22,52,4,813.48,203.37,226,0.01762114537444934,0,0
16623,129.45,1,39,2011-04-08 10:09:00,2011-04-08 10:09:00,5,246,1,129.45,129.45,0,1.0,0,0
16624,810.5699999999999,2,488,2011-09-20 12:39:00,2011-05-26 14:20:00,44,81,2,810.5699999999999,405.28499999999997,116,0.017094017094017096,0,0
16625,333.08,1,164,2011-03-10 12:50:00,2011-03-10 12:50:00,23,275,1,333.08,333.08,0,1.0,0,0
16626,4413.1,17,2690,2011-12-09 11:56:00,2011-03-18 12:27:00,86,1,17,4413.1,259.59411764705885,265,0.06390977443609022,1,1
16627,322.8,1,162,2011-09-21 14:38:00,2011-09-21 14:38:00,20,79,1,322.8,322.8,0,1.0,0,0
16628,2188.05,5,1205,2011-11-10 12:45:00,2011-04-19 08:55:00,79,30,5,2188.05,437.61,205,0.024271844660194174,1,0
16629,408.63,2,489,2011-09-27 10:34:00,2011-09-04 16:12:00,58,74,2,408.63,204.315,22,0.08695652173913043,0,0
16633,2883.1,6,1138,2011-11-22 13:41:00,2011-04-19 14:36:00,115,17,6,2883.1,480.51666666666665,216,0.027649769585253458,1,1
16634,217.9,2,82,2011-05-01 12:09:00,2010-12-02 17:41:00,9,223,2,217.9,108.95,149,0.013333333333333334,0,0
16637,1154.47,4,927,2011-11-07 13:17:00,2011-04-28 10:20:00,66,32,4,1154.47,288.6175,193,0.020618556701030927,1,0
16638,1680.72,10,1255,2011-11-17 11:09:00,2010-12-06 10:19:00,92,23,10,1680.72,168.072,346,0.02881844380403458,1,1
16639,1257.51,3,510,2011-11-08 13:20:00,2011-04-18 09:31:00,48,31,3,1257.51,419.17,204,0.014634146341463415,1,0
16641,231.10000000000002,1,256,2011-08-26 12:49:00,2011-08-26 12:49:00,12,106,1,231.10000000000002,231.10000000000002,0,1.0,0,0
16642,688.33,2,479,2011-12-05 11:31:00,2011-05-16 12:35:00,32,5,2,688.33,344.165,202,0.009852216748768473,1,1
16643,487.51,1,269,2011-04-08 08:24:00,2011-04-08 08:24:00,27,246,1,487.51,487.51,0,1.0,0,0
16644,833.78,2,826,2011-06-15 12:39:00,2011-05-11 12:53:00,62,178,2,833.78,416.89,34,0.05714285714285714,0,0
16647,214.06,2,146,2011-06-23 11:47:00,2011-05-19 09:31:00,12,170,2,214.06,107.03,35,0.05555555555555555,0,0
16648,290.65999999999997,1,281,2011-10-28 08:58:00,2011-10-28 08:58:00,19,43,1,290.65999999999997,290.65999999999997,0,1.0,0,0
16650,518.42,1,372,2011-09-29 09:51:00,2011-09-29 09:51:00,24,72,1,518.42,518.42,0,1.0,0,0
16652,6773.97,7,3283,2011-10-12 09:38:00,2011-03-11 13:13:00,74,59,7,6773.97,967.71,214,0.03255813953488372,1,0
16653,1212.66,2,733,2011-11-23 14:51:00,2011-09-29 13:38:00,67,16,2,1212.66,606.33,55,0.03571428571428571,1,0
16654,601.27,4,282,2011-07-21 15:23:00,2010-12-06 15:09:00,29,141,4,601.27,150.3175,227,0.017543859649122806,0,0
16655,3789.52,6,2363,2011-11-22 11:25:00,2011-01-12 10:16:00,208,18,6,3789.52,631.5866666666667,314,0.01904761904761905,1,1
16656,8625.8,15,8894,2011-11-17 14:43:00,2010-12-10 11:23:00,14,22,15,8625.8,575.0533333333333,342,0.043731778425655975,1,1
16657,874.43,4,1130,2011-11-30 11:48:00,2011-03-30 12:02:00,158,10,4,874.43,218.6075,244,0.0163265306122449,1,1
16658,123.24,1,40,2010-12-06 13:47:00,2010-12-06 13:47:00,8,368,1,123.24,123.24,0,1.0,0,0
16659,39.12,1,72,2011-06-03 15:03:00,2011-06-03 15:03:00,2,189,1,39.12,39.12,0,1.0,0,0
16660,1267.6499999999999,4,571,2011-11-23 14:53:00,2011-01-24 12:44:00,16,16,4,1267.6499999999999,316.91249999999997,303,0.013157894736842105,1,1
16665,135.39999999999998,1,59,2010-12-12 14:03:00,2010-12-12 14:03:00,9,362,1,135.39999999999998,135.39999999999998,0,1.0,0,0
16666,118.98,1,233,2011-11-20 14:01:00,2011-11-20 14:01:00,32,19,1,118.98,118.98,0,1.0,0,0
16667,567.1800000000001,2,236,2011-10-02 15:26:00,2011-02-28 12:57:00,52,68,2,567.1800000000001,283.59000000000003,216,0.009216589861751152,0,0
16668,306.71999999999997,6,318,2011-11-24 17:43:00,2011-02-28 12:46:00,9,15,6,306.71999999999997,51.12,269,0.022222222222222223,1,1
16669,1348.88,3,881,2011-11-16 12:26:00,2011-09-22 14:13:00,141,24,3,1348.88,449.6266666666667,54,0.05454545454545454,1,0
16670,4095.9,11,2556,2011-11-23 09:34:00,2010-12-16 10:30:00,179,17,11,4095.9,372.3545454545455,341,0.03216374269005848,1,1
16671,1692.27,3,875,2011-11-11 13:40:00,2011-06-28 11:20:00,3,28,3,1692.27,564.09,136,0.021897810218978103,1,0
16672,8134.9400000000005,20,2832,2011-12-07 16:29:00,2011-03-18 10:15:00,22,2,20,8134.9400000000005,406.747,264,0.07547169811320754,1,1
16674,304.24,2,181,2011-10-16 11:31:00,2011-09-02 13:59:00,89,55,2,304.24,152.12,43,0.045454545454545456,0,0
16676,1592.1200000000001,4,636,2011-11-06 12:01:00,2011-01-06 13:00:00,75,34,4,1592.1200000000001,398.03000000000003,303,0.013157894736842105,1,0
16678,3109.99,12,2397,2011-12-07 12:17:00,2011-03-02 09:24:00,92,3,12,3109.99,259.1658333333333,280,0.042704626334519574,1,1
16679,129.75,1,29,2010-12-08 13:51:00,2010-12-08 13:51:00,3,366,1,129.75,129.75,0,1.0,0,0
16680,183.7,1,94,2011-10-27 17:35:00,2011-10-27 17:35:00,10,43,1,183.7,183.7,0,1.0,0,0
16681,1770.34,6,1407,2011-09-28 11:11:00,2011-03-31 13:46:00,18,73,6,1770.34,295.0566666666667,180,0.03314917127071823,1,0
16682,1028.0,5,1040,2011-12-05 12:13:00,2011-06-05 11:02:00,15,5,5,1028.0,205.6,183,0.02717391304347826,1,1
16684,66653.56,28,50255,2011-12-05 14:06:00,2010-12-16 17:34:00,119,4,28,66653.56,2380.4842857142858,353,0.07909604519774012,1,1
16685,324.24,2,396,2011-10-09 13:58:00,2011-10-09 13:44:00,60,61,2,324.24,162.12,0,2.0,0,0
16686,2959.88,7,1977,2011-10-23 13:49:00,2010-12-19 14:41:00,406,47,7,2959.88,422.84000000000003,307,0.022727272727272728,1,0
16688,1260.86,4,804,2011-12-08 15:24:00,2011-10-10 12:23:00,52,1,4,1260.86,315.215,59,0.06666666666666667,1,1
16689,422.59999999999997,2,330,2011-09-25 11:39:00,2011-09-18 13:29:00,12,76,2,422.59999999999997,211.29999999999998,6,0.2857142857142857,0,0
16690,225.57999999999998,2,138,2011-09-28 15:02:00,2011-05-22 10:53:00,10,72,2,225.57999999999998,112.78999999999999,129,0.015384615384615385,0,0
16692,1276.0,2,152,2011-03-28 14:46:00,2011-02-23 15:41:00,2,256,2,1276.0,638.0,32,0.06060606060606061,0,0
16693,477.86,2,203,2011-10-02 11:10:00,2011-03-13 11:06:00,58,69,2,477.86,238.93,203,0.00980392156862745,0,0
16696,657.9000000000001,4,146,2011-07-27 14:23:00,2011-04-05 15:20:00,7,135,4,657.9000000000001,164.47500000000002,112,0.035398230088495575,0,0
16697,112.75,1,27,2011-04-12 17:12:00,2011-04-12 17:12:00,20,241,1,112.75,112.75,0,1.0,0,0
16698,1998.0,2,840,2011-04-27 10:52:00,2011-03-31 13:33:00,4,227,2,1998.0,999.0,26,0.07407407407407407,0,0
16700,5076.55,13,4024,2011-12-01 11:00:00,2010-12-08 16:34:00,159,9,13,5076.55,390.50384615384615,357,0.036312849162011177,1,1
16701,5398.3,13,6393,2011-12-01 11:10:00,2010-12-13 11:51:00,99,9,13,5398.3,415.25384615384615,352,0.036827195467422094,1,1
16705,14034.99,20,5476,2011-12-09 12:08:00,2010-12-16 10:51:00,133,1,20,14034.99,701.7495,358,0.055710306406685235,1,1
16706,531.35,3,249,2011-11-02 13:50:00,2011-08-17 15:53:00,108,37,3,531.35,177.11666666666667,76,0.03896103896103896,0,0
16708,656.63,1,285,2011-10-25 12:20:00,2011-10-25 12:20:00,27,46,1,656.63,656.63,0,1.0,0,0
16709,3029.87,5,851,2011-09-16 10:56:00,2011-03-03 10:55:00,64,85,5,3029.87,605.9739999999999,197,0.025252525252525252,1,0
16710,2467.99,10,1823,2011-11-20 14:50:00,2010-12-06 13:13:00,268,19,10,2467.99,246.79899999999998,349,0.02857142857142857,1,1
16711,1651.03,5,833,2011-12-06 16:32:00,2010-12-17 12:43:00,18,3,5,1651.03,330.206,354,0.014084507042253521,1,1
16712,3611.31,11,1730,2011-11-30 13:48:00,2011-03-08 15:07:00,259,9,11,3611.31,328.3009090909091,266,0.04119850187265917,1,1
16713,6910.78,15,4271,2011-11-21 12:36:00,2010-12-08 13:01:00,338,19,15,6910.78,460.71866666666665,347,0.04310344827586207,1,1
16714,1129.06,3,589,2011-05-05 11:09:00,2011-01-26 13:40:00,77,219,3,1129.06,376.3533333333333,98,0.030303030303030304,0,0
16715,301.71999999999997,1,642,2011-09-22 18:15:00,2011-09-22 18:15:00,19,78,1,301.71999999999997,301.71999999999997,0,1.0,0,0
16716,901.2,2,120,2011-03-18 10:03:00,2011-02-01 15:35:00,1,267,2,901.2,450.6,44,0.044444444444444446,0,0
16717,3843.08,6,1860,2011-11-16 12:16:00,2010-12-08 16:48:00,176,24,6,3843.08,640.5133333333333,342,0.01749271137026239,1,1
16718,606.0500000000001,1,407,2010-12-05 13:03:00,2010-12-05 13:03:00,41,369,1,606.0500000000001,606.0500000000001,0,1.0,0,0
16719,1770.22,7,1175,2011-11-25 09:27:00,2010-12-06 12:06:00,107,15,7,1770.22,252.88857142857142,353,0.01977401129943503,1,1
16720,152.95,1,180,2011-11-13 16:22:00,2011-11-13 16:22:00,25,26,1,152.95,152.95,0,1.0,0,0
16721,292.47,1,172,2011-03-22 16:08:00,2011-03-22 16:08:00,37,262,1,292.47,292.47,0,1.0,0,0
16722,4730.81,13,5001,2011-11-22 13:28:00,2010-12-06 12:59:00,96,17,13,4730.81,363.90846153846155,351,0.036931818181818184,1,1
16723,576.4,2,398,2011-09-09 13:01:00,2011-08-24 11:31:00,37,91,2,576.4,288.2,16,0.11764705882352941,0,0
16725,758.27,7,288,2011-02-10 16:52:00,2010-12-03 16:02:00,110,302,7,758.27,108.32428571428571,69,0.1,0,0
16726,1358.74,5,945,2011-11-13 14:53:00,2010-12-13 13:28:00,121,26,5,1358.74,271.748,335,0.01488095238095238,1,1
16727,256.32,1,167,2010-12-10 13:48:00,2010-12-10 13:48:00,41,364,1,256.32,256.32,0,1.0,0,0
16728,1048.28,4,671,2011-10-24 14:36:00,2011-03-20 13:28:00,218,46,4,1048.28,262.07,218,0.0182648401826484,1,0
16729,7205.33,21,5722,2011-11-01 14:29:00,2011-04-12 14:22:00,234,38,21,7205.33,343.11095238095237,203,0.10294117647058823,1,1
16730,743.11,3,994,2011-10-18 14:11:00,2011-01-24 14:01:00,75,52,3,743.11,247.70333333333335,267,0.011194029850746268,0,0
16732,603.75,1,317,2011-11-08 09:54:00,2011-11-08 09:54:00,28,32,1,603.75,603.75,0,1.0,0,0
16734,646.76,3,345,2011-10-18 13:44:00,2011-08-17 15:00:00,44,52,3,646.76,215.58666666666667,61,0.04838709677419355,0,0
16735,2247.41,5,1532,2011-09-22 11:49:00,2011-01-09 12:53:00,88,79,5,2247.41,449.48199999999997,255,0.01953125,1,0
16737,417.59999999999997,1,288,2011-10-17 13:03:00,2011-10-17 13:03:00,1,53,1,417.59999999999997,417.59999999999997,0,1.0,0,0
16738,3.75,1,3,2011-02-15 09:46:00,2011-02-15 09:46:00,1,298,1,3.75,3.75,0,1.0,0,0
16739,323.0,1,172,2011-06-16 09:17:00,2011-06-16 09:17:00,13,177,1,323.0,323.0,0,1.0,0,0
16742,464.9,1,1,2011-10-24 12:02:00,2011-10-24 12:02:00,1,47,1,464.9,464.9,0,1.0,0,0
16743,2213.13,7,2035,2011-11-10 13:13:00,2010-12-16 12:15:00,89,29,7,2213.13,316.1614285714286,329,0.021212121212121213,1,0
16744,1291.91,7,798,2011-11-28 13:06:00,2011-06-19 15:13:00,198,11,7,1291.91,184.55857142857144,161,0.043209876543209874,1,1
16745,7180.7,17,6719,2011-09-14 11:58:00,2011-02-01 11:31:00,148,87,17,7180.7,422.3941176470588,225,0.0752212389380531,1,0
16746,6680.11,18,4660,2011-12-05 12:33:00,2010-12-16 11:43:00,234,5,18,6680.11,371.1172222222222,354,0.05070422535211268,1,1
16747,836.06,2,583,2011-11-02 11:37:00,2011-10-03 10:18:00,34,38,2,836.06,418.03,30,0.06451612903225806,0,0
16748,1515.9,5,880,2011-11-22 10:17:00,2011-01-09 13:50:00,42,18,5,1515.9,303.18,316,0.015772870662460567,1,1
16750,623.93,5,214,2011-10-26 12:48:00,2011-04-21 16:53:00,74,45,5,623.93,124.78599999999999,187,0.026595744680851064,1,0
16751,1764.72,1,1031,2011-11-09 10:48:00,2011-11-09 10:48:00,24,31,1,1764.72,1764.72,0,1.0,0,0
16752,207.5,1,54,2010-12-02 12:18:00,2010-12-02 12:18:00,9,373,1,207.5,207.5,0,1.0,0,0
16753,223.92000000000002,1,189,2011-10-12 13:14:00,2011-10-12 13:14:00,34,58,1,223.92000000000002,223.92000000000002,0,1.0,0,0
16754,2002.4,1,4280,2010-12-02 17:38:00,2010-12-02 17:38:00,2,372,1,2002.4,2002.4,0,1.0,0,0
16755,1475.43,3,1058,2011-08-17 13:21:00,2011-01-28 10:47:00,133,114,3,1475.43,491.81,201,0.01485148514851485,0,0
16756,239.4,1,106,2011-05-09 09:33:00,2011-05-09 09:33:00,13,215,1,239.4,239.4,0,1.0,0,0
16757,106.83000000000001,1,81,2011-01-25 11:59:00,2011-01-25 11:59:00,7,319,1,106.83000000000001,106.83000000000001,0,1.0,0,0
16758,369.34000000000003,1,203,2011-10-05 14:47:00,2011-10-05 14:47:00,22,65,1,369.34000000000003,369.34000000000003,0,1.0,0,0
16759,789.79,3,609,2011-12-02 12:42:00,2011-11-09 09:06:00,40,8,3,789.79,263.2633333333333,23,0.125,1,1
16761,316.62,1,341,2011-09-04 11:15:00,2011-09-04 11:15:00,13,97,1,316.62,316.62,0,1.0,0,0
16762,1207.24,3,480,2011-11-20 11:43:00,2011-07-18 12:52:00,51,20,3,1207.24,402.41333333333336,124,0.024,1,0
16763,611.85,1,319,2011-05-25 11:52:00,2011-05-25 11:52:00,23,199,1,611.85,611.85,0,1.0,0,0
16764,2790.9500000000003,13,1253,2011-12-06 11:41:00,2011-07-19 17:17:00,209,4,13,2790.9500000000003,214.68846153846155,139,0.09285714285714286,1,1
16765,34.0,1,4,2011-02-18 15:41:00,2011-02-18 15:41:00,1,294,1,34.0,34.0,0,1.0,0,0
16766,1145.6,2,536,2011-03-11 15:22:00,2011-03-11 13:34:00,17,273,2,1145.6,572.8,0,2.0,0,0
16767,5575.56,11,4423,2011-11-09 09:42:00,2011-01-27 13:38:00,148,31,11,5575.56,506.86909090909097,285,0.038461538461538464,1,1
16768,478.09000000000003,3,196,2011-10-23 10:38:00,2011-03-13 10:25:00,47,48,3,478.09000000000003,159.36333333333334,224,0.013333333333333334,0,0
16769,361.54,1,80,2011-03-24 13:41:00,2011-03-24 13:41:00,33,260,1,361.54,361.54,0,1.0,0,0
16770,757.1,5,456,2011-10-13 12:21:00,2010-12-02 15:49:00,116,58,5,757.1,151.42000000000002,314,0.015873015873015872,1,0
16771,2242.61,5,1487,2011-11-06 13:28:00,2011-01-05 13:57:00,200,33,5,2242.61,448.52200000000005,304,0.01639344262295082,1,0
16773,171.59,1,171,2011-10-13 14:37:00,2011-10-13 14:37:00,23,57,1,171.59,171.59,0,1.0,0,0
16774,661.52,4,322,2011-10-03 12:41:00,2011-06-14 12:45:00,36,68,4,661.52,165.38,110,0.036036036036036036,0,0
16775,1691.51,11,439,2011-11-29 15:22:00,2010-12-07 15:15:00,84,10,11,1691.51,153.77363636363637,357,0.030726256983240222,1,1
16776,371.54,1,254,2011-10-10 13:04:00,2011-10-10 13:04:00,61,60,1,371.54,371.54,0,1.0,0,0
16777,222.62,2,62,2011-09-20 13:41:00,2011-03-27 14:34:00,45,80,2,222.62,111.31,176,0.011299435028248588,0,0
16778,245.94,2,194,2011-09-26 13:48:00,2011-03-10 15:21:00,16,74,2,245.94,122.97,199,0.01,0,0
16779,10611.720000000001,22,5301,2011-12-07 14:54:00,2010-12-08 09:56:00,161,2,22,10611.720000000001,482.35090909090917,364,0.06027397260273973,1,1
16780,422.24,2,270,2011-08-31 16:09:00,2011-03-25 17:34:00,51,100,2,422.24,211.12,158,0.012578616352201259,0,0
16781,311.25,1,113,2010-12-02 14:26:00,2010-12-02 14:26:00,17,372,1,311.25,311.25,0,1.0,0,0
16782,2267.9500000000003,13,705,2011-11-29 13:20:00,2010-12-09 11:28:00,103,10,13,2267.9500000000003,174.45769230769233,355,0.03651685393258427,1,1
16784,107.6,1,24,2011-11-20 12:20:00,2011-11-20 12:20:00,3,20,1,107.6,107.6,0,1.0,0,0
16788,594.39,2,304,2011-08-08 14:53:00,2011-03-30 13:05:00,138,123,2,594.39,297.195,131,0.015151515151515152,0,0
16789,80.8,1,32,2011-12-01 15:12:00,2011-12-01 15:12:00,5,8,1,80.8,80.8,0,1.0,0,0
16790,1545.6200000000001,6,898,2011-12-06 11:53:00,2011-11-02 11:23:00,88,4,6,1545.6200000000001,257.60333333333335,34,0.17142857142857143,1,1
16791,1705.78,7,757,2011-11-10 19:12:00,2011-01-11 15:42:00,218,29,7,1705.78,243.68285714285713,303,0.023026315789473683,1,1
16792,110.38000000000001,2,44,2011-03-02 14:41:00,2011-03-02 14:39:00,11,282,2,110.38000000000001,55.190000000000005,0,2.0,0,0
16793,243.84,1,146,2011-10-13 15:08:00,2011-10-13 15:08:00,16,57,1,243.84,243.84,0,1.0,0,0
16794,1196.5,10,923,2011-12-08 17:54:00,2011-06-12 14:15:00,142,1,10,1196.5,119.65,179,0.05555555555555555,1,1
16795,414.88,1,239,2010-12-09 14:08:00,2010-12-09 14:08:00,64,365,1,414.88,414.88,0,1.0,0,0
16796,305.62,1,186,2011-09-11 14:01:00,2011-09-11 14:01:00,18,89,1,305.62,305.62,0,1.0,0,0
16800,1162.65,1,524,2011-11-28 14:06:00,2011-11-28 14:06:00,148,11,1,1162.65,1162.65,0,1.0,0,0
16801,1594.23,4,493,2011-06-29 15:33:00,2011-03-11 13:56:00,72,163,4,1594.23,398.5575,110,0.036036036036036036,0,0
16803,332.3,1,245,2011-10-05 14:28:00,2011-10-05 14:28:00,24,65,1,332.3,332.3,0,1.0,0,0
16804,536.99,3,246,2011-11-16 16:43:00,2011-03-14 15:48:00,59,23,3,536.99,178.99666666666667,247,0.012096774193548387,0,0
16805,460.59,2,539,2011-06-19 11:23:00,2010-12-14 13:35:00,94,174,2,460.59,230.295,186,0.0106951871657754,0,0
16806,762.16,4,356,2011-08-28 15:27:00,2011-04-14 19:59:00,68,103,4,762.16,190.54,135,0.029411764705882353,0,0
16807,1121.59,3,778,2011-07-20 12:00:00,2011-03-14 09:46:00,57,143,3,1121.59,373.8633333333333,128,0.023255813953488372,0,0
16808,288.42,2,196,2011-09-01 19:34:00,2011-03-10 19:05:00,21,99,2,288.42,144.21,175,0.011363636363636364,0,0
16809,914.69,5,652,2011-11-16 15:45:00,2011-03-22 15:20:00,79,23,5,914.69,182.93800000000002,239,0.020833333333333332,1,1
16810,309.54,1,114,2011-05-31 15:32:00,2011-05-31 15:32:00,15,192,1,309.54,309.54,0,1.0,0,0
16811,547.07,2,477,2011-12-05 11:39:00,2011-11-22 17:19:00,26,5,2,547.07,273.535,12,0.15384615384615385,1,1
16812,479.35,1,81,2010-12-14 12:35:00,2010-12-14 12:35:00,15,361,1,479.35,479.35,0,1.0,0,0
16813,1652.18,10,1501,2011-12-01 14:03:00,2011-05-19 13:28:00,248,8,10,1652.18,165.21800000000002,196,0.050761421319796954,1,1
16814,6416.7,21,2697,2011-11-25 13:27:00,2010-12-05 11:45:00,122,14,21,6416.7,305.5571428571428,355,0.05898876404494382,1,1
16816,417.06,4,274,2011-08-28 14:16:00,2010-12-16 17:01:00,28,103,4,417.06,104.265,254,0.01568627450980392,0,0
16817,1604.75,9,822,2011-12-07 11:03:00,2010-12-06 14:19:00,73,3,9,1604.75,178.30555555555554,365,0.02459016393442623,1,1
16818,3349.57,11,2164,2011-11-29 10:41:00,2011-05-18 11:42:00,172,11,11,3349.57,304.50636363636363,194,0.05641025641025641,1,1
16820,497.61,1,307,2011-09-05 12:06:00,2011-09-05 12:06:00,26,96,1,497.61,497.61,0,1.0,0,0
16823,358.38,1,136,2011-04-26 15:00:00,2011-04-26 15:00:00,34,227,1,358.38,358.38,0,1.0,0,0
16824,460.64,2,236,2011-11-24 12:38:00,2011-06-28 13:36:00,23,16,2,460.64,230.32,148,0.013422818791946308,0,0
16825,775.1800000000001,2,566,2011-11-01 11:51:00,2011-06-07 09:44:00,27,39,2,775.1800000000001,387.59000000000003,147,0.013513513513513514,0,0
16826,341.7,1,158,2011-10-19 14:05:00,2011-10-19 14:05:00,22,51,1,341.7,341.7,0,1.0,0,0
16828,128.5,2,59,2011-09-07 15:10:00,2011-08-19 13:24:00,8,93,2,128.5,64.25,19,0.1,0,0
16829,197.22,1,99,2011-07-06 10:48:00,2011-07-06 10:48:00,11,157,1,197.22,197.22,0,1.0,0,0
16830,325.91,1,264,2011-11-01 11:35:00,2011-11-01 11:35:00,23,39,1,325.91,325.91,0,1.0,0,0
16832,199.15,3,33,2011-06-08 15:36:00,2011-05-06 14:12:00,11,184,3,199.15,66.38333333333334,33,0.08823529411764706,0,0
16833,1106.53,4,440,2011-12-08 14:39:00,2011-01-09 13:02:00,46,1,4,1106.53,276.6325,333,0.011976047904191617,1,1
16834,413.46,1,358,2011-04-26 09:37:00,2011-04-26 09:37:00,24,228,1,413.46,413.46,0,1.0,0,0
16835,180.85,2,61,2011-08-03 13:50:00,2010-12-01 17:15:00,10,128,2,180.85,90.425,244,0.00816326530612245,0,0
16836,251.87,2,165,2011-10-31 10:05:00,2011-08-15 12:38:00,11,40,2,251.87,125.935,76,0.025974025974025976,0,0
16837,3170.98,11,1563,2011-11-08 14:27:00,2011-04-08 08:48:00,123,31,11,3170.98,288.2709090909091,214,0.05116279069767442,1,1
16838,588.85,2,185,2011-05-26 13:13:00,2011-02-24 15:01:00,24,197,2,588.85,294.425,90,0.02197802197802198,0,0
16839,16594.35,34,8975,2011-12-01 09:03:00,2010-12-05 11:15:00,114,9,34,16594.35,488.06911764705876,360,0.09418282548476455,1,1
16841,1869.82,6,2250,2011-11-03 11:51:00,2011-02-25 12:40:00,101,37,6,1869.82,311.63666666666666,250,0.02390438247011952,1,0
16842,1264.19,3,693,2011-08-31 10:42:00,2011-02-10 14:51:00,45,101,3,1264.19,421.3966666666667,201,0.01485148514851485,0,0
16843,10196.57,16,10159,2011-10-28 09:06:00,2011-01-16 16:10:00,226,43,16,10196.57,637.285625,284,0.056140350877192984,1,1
16846,214.32,1,135,2011-10-20 13:55:00,2011-10-20 13:55:00,11,50,1,214.32,214.32,0,1.0,0,0
16847,193.44,1,78,2011-10-27 13:29:00,2011-10-27 13:29:00,12,43,1,193.44,193.44,0,1.0,0,0
16848,281.42,1,182,2011-10-18 08:42:00,2011-10-18 08:42:00,14,53,1,281.42,281.42,0,1.0,0,0
16849,124.57,1,33,2011-06-06 09:16:00,2011-06-06 09:16:00,8,187,1,124.57,124.57,0,1.0,0,0
16850,332.41,1,249,2011-01-10 11:09:00,2011-01-10 11:09:00,19,334,1,332.41,332.41,0,1.0,0,0
16851,342.45,3,271,2011-12-05 13:32:00,2011-10-19 09:48:00,17,4,3,342.45,114.14999999999999,47,0.0625,1,1
16852,144.91000000000003,2,56,2011-11-29 13:22:00,2011-06-16 15:49:00,9,10,2,144.91000000000003,72.45500000000001,165,0.012048192771084338,0,0
16855,328.4,2,164,2011-11-16 12:03:00,2011-10-27 16:31:00,19,24,2,328.4,164.2,19,0.1,0,0
16856,35.400000000000006,1,12,2011-11-25 08:59:00,2011-11-25 08:59:00,2,15,1,35.400000000000006,35.400000000000006,0,1.0,0,0
16858,375.69000000000005,1,91,2010-12-06 09:52:00,2010-12-06 09:52:00,9,369,1,375.69000000000005,375.69000000000005,0,1.0,0,0
16859,747.81,2,827,2011-07-18 12:19:00,2011-03-23 13:39:00,50,145,2,747.81,373.905,116,0.017094017094017096,0,0
16861,173.76,2,140,2011-10-11 09:05:00,2011-07-04 15:38:00,6,60,2,173.76,86.88,98,0.020202020202020204,0,0
16863,502.8,2,409,2011-11-08 15:26:00,2010-12-08 08:58:00,25,31,2,502.8,251.4,335,0.005952380952380952,0,0
16866,207.73999999999998,3,60,2011-07-22 10:06:00,2011-07-01 12:34:00,10,141,3,207.73999999999998,69.24666666666666,20,0.14285714285714285,0,0
16869,817.12,4,583,2011-11-17 12:02:00,2011-06-17 13:01:00,113,23,4,817.12,204.28,152,0.026143790849673203,1,0
16871,2812.34,6,1253,2011-11-17 19:27:00,2011-03-14 10:31:00,131,22,6,2812.34,468.72333333333336,248,0.024096385542168676,1,0
16872,680.02,3,600,2011-09-23 16:05:00,2011-06-08 14:32:00,5,77,3,680.02,226.67333333333332,107,0.027777777777777776,0,0
16873,7123.62,6,3840,2011-12-05 12:05:00,2010-12-10 15:45:00,179,5,6,7123.62,1187.27,359,0.016666666666666666,1,1
16875,2095.53,5,1069,2011-10-03 13:39:00,2011-01-04 10:37:00,93,67,5,2095.53,419.10600000000005,272,0.018315018315018316,1,0
16877,846.62,6,458,2011-11-27 13:47:00,2011-05-15 16:13:00,111,12,6,846.62,141.10333333333332,195,0.030612244897959183,1,1
16878,13.3,1,12,2011-09-16 17:39:00,2011-09-16 17:39:00,3,84,1,13.3,13.3,0,1.0,0,0
16880,1491.43,7,746,2011-11-09 11:33:00,2011-06-03 16:45:00,121,31,7,1491.43,213.0614285714286,158,0.0440251572327044,1,1
16881,432.0,1,600,2011-10-04 10:33:00,2011-10-04 10:33:00,1,67,1,432.0,432.0,0,1.0,0,0
16882,705.12,3,424,2011-10-04 10:42:00,2011-01-26 17:43:00,39,67,3,705.12,235.04,250,0.01195219123505976,0,0
16883,272.48,2,103,2011-06-05 12:51:00,2010-12-03 10:33:00,33,187,2,272.48,136.24,184,0.010810810810810811,0,0
16884,429.84000000000003,2,320,2011-11-02 11:52:00,2011-11-02 10:16:00,26,38,2,429.84000000000003,214.92000000000002,0,2.0,0,0
16885,450.41,3,178,2011-11-24 13:40:00,2010-12-17 17:23:00,82,15,3,450.41,150.13666666666668,341,0.008771929824561403,0,0
16887,192.32999999999998,1,156,2011-11-04 14:07:00,2011-11-04 14:07:00,35,35,1,192.32999999999998,192.32999999999998,0,1.0,0,0
16889,1578.67,3,925,2011-05-29 11:05:00,2011-01-07 10:47:00,112,195,3,1578.67,526.2233333333334,142,0.02097902097902098,0,0
16891,742.43,5,265,2011-12-08 11:15:00,2010-12-03 11:35:00,166,2,5,742.43,148.486,369,0.013513513513513514,1,1
16892,518.19,5,236,2011-12-08 13:18:00,2011-06-09 11:35:00,87,1,5,518.19,103.638,182,0.0273224043715847,1,1
16893,145.93,1,62,2010-12-08 12:06:00,2010-12-08 12:06:00,44,367,1,145.93,145.93,0,1.0,0,0
16895,202.27,1,91,2011-10-06 12:15:00,2011-10-06 12:15:00,57,65,1,202.27,202.27,0,1.0,0,0
16897,289.78,2,73,2011-02-13 15:02:00,2011-01-30 11:52:00,37,299,2,289.78,144.89,14,0.13333333333333333,0,0
16898,501.03,3,412,2011-11-13 15:44:00,2010-12-06 12:23:00,150,26,3,501.03,167.01,342,0.008746355685131196,0,0
16899,1271.06,6,520,2011-12-02 12:03:00,2010-12-14 13:11:00,80,8,6,1271.06,211.84333333333333,352,0.0169971671388102,1,1
16900,887.11,3,833,2011-11-23 10:32:00,2011-10-07 13:17:00,78,17,3,887.11,295.7033333333333,46,0.06382978723404255,1,0
16902,1706.88,1,629,2011-08-15 14:17:00,2011-08-15 14:17:00,43,116,1,1706.88,1706.88,0,1.0,0,0
16903,363.2,1,247,2011-11-10 15:32:00,2011-11-10 15:32:00,50,29,1,363.2,363.2,0,1.0,0,0
16904,3653.75,16,1984,2011-12-05 13:10:00,2010-12-07 13:29:00,387,4,16,3653.75,228.359375,362,0.0440771349862259,1,1
16905,3037.6,7,1381,2011-12-04 14:01:00,2010-12-03 10:43:00,117,5,7,3037.6,433.9428571428571,366,0.01907356948228883,1,1
16906,559.59,4,263,2011-09-19 11:49:00,2011-04-05 12:30:00,74,82,4,559.59,139.8975,166,0.023952095808383235,0,0
16907,928.76,5,286,2011-11-10 18:04:00,2010-12-09 16:52:00,89,29,5,928.76,185.752,336,0.01483679525222552,1,0
16909,379.14,1,436,2011-09-28 16:45:00,2011-09-28 16:45:00,18,72,1,379.14,379.14,0,1.0,0,0
16910,1508.96,8,884,2011-12-05 12:51:00,2011-09-09 14:14:00,318,4,8,1508.96,188.62,86,0.09195402298850575,1,1
16912,2555.58,11,1025,2011-11-11 12:18:00,2011-01-20 15:42:00,88,29,11,2555.58,232.32545454545453,294,0.03728813559322034,1,1
16913,113.44,1,82,2011-02-22 12:56:00,2011-02-22 12:56:00,8,290,1,113.44,113.44,0,1.0,0,0
16914,183.76,1,112,2011-11-03 15:27:00,2011-11-03 15:27:00,25,36,1,183.76,183.76,0,1.0,0,0
16915,621.6800000000001,6,132,2011-11-30 16:39:00,2011-03-01 09:52:00,46,9,6,621.6800000000001,103.61333333333334,274,0.02181818181818182,1,1
16916,562.41,2,431,2011-11-16 12:08:00,2010-12-02 13:14:00,129,24,2,562.41,281.205,348,0.0057306590257879654,0,0
16917,391.52,1,232,2011-03-08 11:55:00,2011-03-08 11:55:00,9,277,1,391.52,391.52,0,1.0,0,0
16918,1068.82,6,721,2011-10-21 12:50:00,2011-01-26 17:37:00,97,50,6,1068.82,178.13666666666666,267,0.022388059701492536,1,0
16919,2592.25,11,1403,2011-07-06 13:35:00,2010-12-06 12:52:00,141,156,11,2592.25,235.6590909090909,212,0.051643192488262914,1,0
16921,154.18,1,154,2011-10-09 16:22:00,2011-10-09 16:22:00,50,61,1,154.18,154.18,0,1.0,0,0
16923,7069.08,19,3344,2011-11-27 13:00:00,2010-12-12 11:06:00,313,12,19,7069.08,372.0568421052632,350,0.05413105413105413,1,1
16924,829.89,3,467,2011-11-18 12:53:00,2011-09-16 12:54:00,69,21,3,829.89,276.63,62,0.047619047619047616,1,0
16926,230.25,1,35,2010-12-03 13:42:00,2010-12-03 13:42:00,14,371,1,230.25,230.25,0,1.0,0,0
16927,543.05,3,993,2011-08-16 11:10:00,2010-12-13 11:57:00,5,116,3,543.05,181.01666666666665,245,0.012195121951219513,0,0
16928,2814.7,17,2092,2011-09-20 15:10:00,2010-12-01 15:21:00,69,80,17,2814.7,165.5705882352941,292,0.05802047781569966,1,0
16929,1295.39,7,929,2011-12-06 08:37:00,2011-07-07 12:39:00,51,4,7,1295.39,185.0557142857143,151,0.046052631578947366,1,1
16930,378.89,3,339,2011-11-13 16:13:00,2011-10-02 14:25:00,47,26,3,378.89,126.29666666666667,42,0.06976744186046512,0,0
16931,4554.87,21,3134,2011-12-04 13:15:00,2010-12-05 11:40:00,448,5,21,4554.87,216.89857142857142,364,0.057534246575342465,1,1
16932,150.23000000000002,1,82,2011-10-17 14:12:00,2011-10-17 14:12:00,44,53,1,150.23000000000002,150.23000000000002,0,1.0,0,0
16933,563.23,2,288,2011-12-08 12:54:00,2011-04-14 13:33:00,42,1,2,563.23,281.615,237,0.008403361344537815,1,1
16934,931.03,2,397,2011-10-16 12:40:00,2011-10-16 12:25:00,59,55,2,931.03,465.515,0,2.0,0,0
16936,261.9,1,171,2011-11-14 11:04:00,2011-11-14 11:04:00,56,26,1,261.9,261.9,0,1.0,0,0
16938,2711.6800000000003,4,2533,2011-12-01 10:20:00,2011-02-04 09:34:00,212,9,4,2711.6800000000003,677.9200000000001,300,0.013289036544850499,1,1
16940,3049.88,3,2169,2011-10-18 13:15:00,2011-02-23 12:27:00,226,52,3,3049.88,1016.6266666666667,237,0.012605042016806723,1,0
16942,1904.99,9,805,2011-11-27 12:40:00,2011-04-26 11:59:00,159,13,9,1904.99,211.66555555555556,215,0.041666666666666664,1,1
16943,816.73,3,145,2011-05-12 11:57:00,2011-01-25 14:00:00,23,212,3,816.73,272.24333333333334,106,0.028037383177570093,0,0
16945,4345.5,19,2725,2011-11-18 11:39:00,2010-12-16 17:49:00,137,22,19,4345.5,228.71052631578948,336,0.05637982195845697,1,1
16947,406.48,1,312,2011-04-18 09:38:00,2011-04-18 09:38:00,21,236,1,406.48,406.48,0,1.0,0,0
16948,435.02,3,1614,2011-07-24 12:46:00,2011-01-18 10:58:00,15,139,3,435.02,145.00666666666666,187,0.015957446808510637,0,0
16949,1286.27,6,791,2011-12-06 11:07:00,2011-01-27 12:11:00,57,4,6,1286.27,214.37833333333333,312,0.019169329073482427,1,1
16950,1178.56,3,644,2011-10-14 09:06:00,2010-12-07 15:20:00,39,57,3,1178.56,392.8533333333333,310,0.00964630225080386,0,0
16951,1277.75,3,1318,2011-07-28 12:05:00,2011-02-08 14:58:00,73,135,3,1277.75,425.9166666666667,169,0.01764705882352941,0,0
16952,167.61,2,92,2011-08-22 13:03:00,2011-08-22 12:58:00,16,109,2,167.61,83.805,0,2.0,0,0
16953,20.8,1,10,2011-11-09 15:54:00,2011-11-09 15:54:00,1,30,1,20.8,20.8,0,1.0,0,0
16954,2085.08,9,1054,2011-12-09 09:46:00,2010-12-15 10:41:00,40,1,9,2085.08,231.67555555555555,358,0.025069637883008356,1,1
16955,518.67,4,266,2011-06-08 10:36:00,2010-12-01 13:31:00,18,185,4,518.67,129.6675,188,0.021164021164021163,0,0
16956,308.74,1,114,2011-11-22 08:56:00,2011-11-22 08:56:00,16,18,1,308.74,308.74,0,1.0,0,0
16957,416.64,2,172,2011-04-14 13:56:00,2011-03-03 09:25:00,15,239,2,416.64,208.32,42,0.046511627906976744,0,0
16959,117.35000000000001,1,49,2011-09-13 15:03:00,2011-09-13 15:03:00,7,87,1,117.35000000000001,117.35000000000001,0,1.0,0,0
16960,507.05,3,304,2011-11-01 11:35:00,2011-04-01 11:54:00,92,39,3,507.05,169.01666666666668,213,0.014018691588785047,0,0
16961,234.17,1,125,2011-08-15 13:46:00,2011-08-15 13:46:00,14,116,1,234.17,234.17,0,1.0,0,0
16963,110.55000000000001,1,35,2011-06-05 13:48:00,2011-06-05 13:48:00,7,187,1,110.55000000000001,110.55000000000001,0,1.0,0,0
16965,201.19,1,291,2011-04-27 12:08:00,2011-04-27 12:08:00,26,227,1,201.19,201.19,0,1.0,0,0
16966,2154.97,7,1981,2011-12-01 13:40:00,2011-04-13 14:17:00,8,8,7,2154.97,307.8528571428571,231,0.03017241379310345,1,1
16967,319.02,1,333,2011-06-03 14:24:00,2011-06-03 14:24:00,21,189,1,319.02,319.02,0,1.0,0,0
16968,439.43,2,326,2011-12-05 15:02:00,2011-08-24 10:51:00,31,4,2,439.43,219.715,103,0.019230769230769232,1,1
16969,650.41,3,816,2011-10-31 13:12:00,2011-06-01 12:10:00,42,39,3,650.41,216.8033333333333,152,0.0196078431372549,0,0
16971,357.21,1,72,2011-11-01 15:06:00,2011-11-01 15:06:00,40,38,1,357.21,357.21,0,1.0,0,0
16976,251.51999999999998,1,88,2011-03-17 16:33:00,2011-03-17 16:33:00,2,267,1,251.51999999999998,251.51999999999998,0,1.0,0,0
16978,344.33,1,166,2011-09-23 12:50:00,2011-09-23 12:50:00,39,78,1,344.33,344.33,0,1.0,0,0
16979,1852.0,6,865,2011-12-06 12:21:00,2011-02-15 09:20:00,64,4,6,1852.0,308.6666666666667,294,0.020338983050847456,1,1
16980,1028.46,2,739,2011-03-29 16:36:00,2011-02-21 12:58:00,71,255,2,1028.46,514.23,36,0.05405405405405406,0,0
16982,384.06,1,182,2011-10-10 12:28:00,2011-10-10 12:28:00,22,61,1,384.06,384.06,0,1.0,0,0
16983,1905.87,7,1335,2011-11-27 12:10:00,2010-12-05 12:34:00,112,13,7,1905.87,272.26714285714286,356,0.0196078431372549,1,1
16984,4459.52,2,2380,2011-09-12 13:43:00,2011-08-01 17:37:00,354,88,2,4459.52,2229.76,41,0.047619047619047616,1,0
16985,5464.12,10,1832,2011-11-22 13:33:00,2010-12-16 10:38:00,62,17,10,5464.12,546.412,341,0.029239766081871343,1,1
16986,1873.2,2,1040,2011-11-10 11:55:00,2011-11-09 15:52:00,3,30,2,1873.2,936.6,0,2.0,1,0
16987,1616.8,7,401,2011-12-06 17:26:00,2011-05-18 15:55:00,74,3,7,1616.8,230.97142857142856,202,0.034482758620689655,1,1
16988,126.12,1,43,2011-12-04 16:02:00,2011-12-04 16:02:00,7,5,1,126.12,126.12,0,1.0,0,0
16989,1133.25,6,1233,2011-12-02 16:39:00,2011-07-12 09:11:00,7,7,6,1133.25,188.875,143,0.041666666666666664,1,1
16990,179.0,1,100,2011-05-05 08:30:00,2011-05-05 08:30:00,1,219,1,179.0,179.0,0,1.0,0,0
16992,1614.31,5,860,2011-11-29 11:50:00,2011-02-28 10:37:00,84,11,5,1614.31,322.86199999999997,274,0.01818181818181818,1,1
16996,1456.96,6,544,2011-11-09 16:43:00,2010-12-21 13:22:00,13,30,6,1456.96,242.82666666666668,323,0.018518518518518517,1,1
16997,702.0,3,360,2011-02-24 17:28:00,2011-01-18 11:51:00,7,288,3,702.0,234.0,37,0.07894736842105263,0,0
16998,295.0,4,76,2011-07-13 09:44:00,2011-02-08 15:42:00,1,150,4,295.0,73.75,154,0.025806451612903226,0,0
16999,484.82,2,294,2011-11-16 13:53:00,2011-09-26 15:43:00,21,23,2,484.82,242.41,50,0.0392156862745098,0,0
17001,3989.57,11,2164,2011-12-09 09:38:00,2010-12-16 09:35:00,75,1,11,3989.57,362.6881818181818,358,0.03064066852367688,1,1
17002,1493.73,3,679,2011-09-15 12:40:00,2011-02-22 11:46:00,41,86,3,1493.73,497.91,205,0.014563106796116505,0,0
17004,1312.1399999999999,2,771,2011-10-24 14:25:00,2011-09-08 12:16:00,38,46,2,1312.1399999999999,656.0699999999999,46,0.0425531914893617,0,0
17006,781.78,4,272,2011-12-05 12:09:00,2011-09-25 12:15:00,37,5,4,781.78,195.445,70,0.056338028169014086,1,1
17007,889.9300000000001,6,597,2011-10-20 10:47:00,2010-12-17 13:57:00,50,51,6,889.9300000000001,148.3216666666667,306,0.019543973941368076,1,0
17010,195.36,1,118,2011-11-21 14:49:00,2011-11-21 14:49:00,11,18,1,195.36,195.36,0,1.0,0,0
17011,270.9,1,186,2011-11-09 13:30:00,2011-11-09 13:30:00,15,30,1,270.9,270.9,0,1.0,0,0
17014,583.4300000000001,3,243,2011-12-01 14:09:00,2011-10-04 11:36:00,63,8,3,583.4300000000001,194.4766666666667,58,0.05084745762711865,1,1
17015,1838.6100000000001,3,1978,2011-11-11 10:45:00,2011-06-07 13:19:00,182,29,3,1838.6100000000001,612.87,156,0.01910828025477707,1,0
17017,8694.26,20,6673,2011-12-07 09:32:00,2010-12-02 10:17:00,88,3,20,8694.26,434.713,369,0.05405405405405406,1,1
17018,920.1,2,176,2011-10-30 11:42:00,2011-01-18 08:46:00,15,41,2,920.1,460.05,285,0.006993006993006993,0,0
17019,1258.08,4,820,2011-11-28 13:06:00,2010-12-06 12:55:00,166,11,4,1258.08,314.52,357,0.0111731843575419,1,1
17022,71.0,1,108,2011-11-08 17:09:00,2011-11-08 17:09:00,7,31,1,71.0,71.0,0,1.0,0,0
17024,95.85,3,69,2011-10-25 13:47:00,2011-07-05 09:31:00,2,45,3,95.85,31.95,112,0.02654867256637168,0,0
17025,357.77,3,235,2011-10-10 09:06:00,2010-12-01 15:45:00,8,61,3,357.77,119.25666666666666,312,0.009584664536741214,0,0
17026,154.82999999999998,2,97,2011-06-07 14:28:00,2010-12-05 12:47:00,4,185,2,154.82999999999998,77.41499999999999,184,0.010810810810810811,0,0
17027,877.5600000000001,6,416,2011-09-22 12:24:00,2011-01-26 14:19:00,110,79,6,877.5600000000001,146.26000000000002,238,0.02510460251046025,1,0
17029,716.0,2,400,2011-08-21 11:06:00,2011-04-17 10:57:00,1,111,2,716.0,358.0,126,0.015748031496062992,0,0
17030,146.87,1,146,2011-10-07 08:49:00,2011-10-07 08:49:00,11,64,1,146.87,146.87,0,1.0,0,0
17031,380.35,2,235,2011-11-28 10:23:00,2011-07-08 09:38:00,19,12,2,380.35,190.175,143,0.013888888888888888,0,0
17033,1030.14,3,750,2011-09-14 14:34:00,2010-12-15 13:21:00,24,86,3,1030.14,343.38000000000005,273,0.010948905109489052,0,0
17034,745.52,3,410,2011-11-23 15:14:00,2011-02-25 10:10:00,28,16,3,745.52,248.50666666666666,271,0.011029411764705883,1,0
17035,433.53000000000003,2,229,2011-04-08 11:23:00,2011-02-01 12:27:00,27,246,2,433.53000000000003,216.76500000000001,65,0.030303030303030304,0,0
17037,1267.32,1,656,2011-09-13 12:49:00,2011-09-13 12:49:00,75,88,1,1267.32,1267.32,0,1.0,0,0
17038,112.4,1,28,2011-11-09 13:50:00,2011-11-09 13:50:00,22,30,1,112.4,112.4,0,1.0,0,0
17040,449.73,1,181,2011-07-25 10:19:00,2011-07-25 10:19:00,15,138,1,449.73,449.73,0,1.0,0,0
17041,1071.49,3,927,2011-11-13 11:21:00,2010-12-14 11:43:00,59,27,3,1071.49,357.16333333333336,333,0.008982035928143712,1,0
17042,1036.58,5,990,2011-12-07 12:26:00,2011-04-06 14:53:00,74,3,5,1036.58,207.31599999999997,244,0.02040816326530612,1,1
17043,1735.18,4,998,2011-11-07 15:33:00,2011-03-18 14:53:00,100,32,4,1735.18,433.795,234,0.01702127659574468,1,0
17044,948.48,1,504,2011-11-14 14:28:00,2011-11-14 14:28:00,6,25,1,948.48,948.48,0,1.0,0,0
17045,339.44,3,106,2011-08-18 17:09:00,2011-04-06 12:08:00,20,113,3,339.44,113.14666666666666,134,0.022222222222222223,0,0
17046,642.02,1,510,2011-07-05 14:24:00,2011-07-05 14:24:00,22,157,1,642.02,642.02,0,1.0,0,0
17047,1100.9,3,533,2011-09-15 13:27:00,2011-05-18 16:50:00,59,85,3,1100.9,366.9666666666667,119,0.025,0,0
17048,925.35,3,485,2011-08-14 11:49:00,2011-01-12 16:51:00,41,118,3,925.35,308.45,213,0.014018691588785047,0,0
17049,5655.03,9,2673,2011-12-07 10:48:00,2011-03-09 08:33:00,201,3,9,5655.03,628.3366666666666,273,0.032846715328467155,1,1
17050,3185.64,6,1595,2011-09-04 13:48:00,2011-02-13 12:41:00,169,96,6,3185.64,530.9399999999999,203,0.029411764705882353,1,0
17051,240.89000000000001,1,179,2011-05-29 14:13:00,2011-05-29 14:13:00,40,194,1,240.89000000000001,240.89000000000001,0,1.0,0,0
17052,399.09,1,251,2011-11-11 14:50:00,2011-11-11 14:50:00,72,28,1,399.09,399.09,0,1.0,0,0
17053,498.48,1,122,2011-08-01 10:23:00,2011-08-01 10:23:00,13,131,1,498.48,498.48,0,1.0,0,0
17054,1356.33,5,804,2011-11-11 12:56:00,2011-04-08 13:14:00,64,28,5,1356.33,271.26599999999996,216,0.02304147465437788,1,1
17058,1179.89,3,592,2011-09-19 10:13:00,2011-04-14 09:18:00,51,82,3,1179.89,393.2966666666667,158,0.018867924528301886,0,0
17059,3080.39,5,1850,2011-11-10 12:27:00,2010-12-05 12:35:00,292,30,5,3080.39,616.078,339,0.014705882352941176,1,0
17060,234.24,1,216,2011-03-18 13:27:00,2011-03-18 13:27:00,5,266,1,234.24,234.24,0,1.0,0,0
17061,5232.2300000000005,11,1526,2011-09-27 11:24:00,2011-04-21 13:29:00,57,74,11,5232.2300000000005,475.65727272727275,158,0.06918238993710692,1,0
17062,533.33,4,418,2011-01-30 11:01:00,2010-12-05 11:59:00,52,314,4,533.33,133.3325,55,0.07142857142857142,0,0
17063,1461.14,7,770,2011-11-18 16:19:00,2011-02-23 13:44:00,66,21,7,1461.14,208.73428571428573,268,0.026022304832713755,1,1
17064,855.45,3,316,2011-10-12 10:18:00,2011-01-16 16:10:00,53,59,3,855.45,285.15000000000003,268,0.011152416356877323,0,0
17068,4552.14,21,2164,2011-11-27 13:14:00,2010-12-06 13:58:00,116,12,21,4552.14,216.76857142857145,355,0.05898876404494382,1,1
17069,2709.7000000000003,9,1506,2011-11-11 17:13:00,2010-12-01 16:49:00,111,28,9,2709.7000000000003,301.0777777777778,345,0.02601156069364162,1,0
17070,304.24,1,131,2011-08-17 17:01:00,2011-08-17 17:01:00,62,114,1,304.24,304.24,0,1.0,0,0
17071,2429.03,9,1197,2011-11-11 16:31:00,2011-02-03 08:18:00,102,28,9,2429.03,269.89222222222224,281,0.031914893617021274,1,0
17073,1446.09,4,759,2011-11-22 11:47:00,2011-08-22 14:37:00,142,18,4,1446.09,361.5225,91,0.043478260869565216,1,1
17075,834.12,4,292,2011-11-22 11:58:00,2011-01-26 13:20:00,62,18,4,834.12,208.53,299,0.013333333333333334,1,0
17076,841.0799999999999,3,295,2011-11-03 17:53:00,2010-12-10 10:08:00,17,36,3,841.0799999999999,280.35999999999996,328,0.00911854103343465,0,0
17078,378.2,2,788,2011-11-03 19:17:00,2011-11-03 18:49:00,28,36,2,378.2,189.1,0,2.0,0,0
17079,118.80000000000001,1,24,2011-09-22 15:34:00,2011-09-22 15:34:00,2,78,1,118.80000000000001,118.80000000000001,0,1.0,0,0
17080,287.62,2,166,2011-11-17 12:59:00,2011-03-15 12:05:00,8,22,2,287.62,143.81,247,0.008064516129032258,0,0
17081,288.91,2,77,2011-11-14 12:56:00,2011-10-24 13:08:00,55,25,2,288.91,144.455,20,0.09523809523809523,0,0
17082,2003.85,2,1049,2011-11-06 15:17:00,2011-01-25 14:36:00,75,33,2,2003.85,1001.925,285,0.006993006993006993,1,0
17083,1405.78,3,772,2011-08-22 15:43:00,2011-02-09 11:38:00,24,109,3,1405.78,468.5933333333333,194,0.015384615384615385,0,0
17084,2747.9900000000002,2,1702,2011-11-04 14:54:00,2011-11-04 14:49:00,146,35,2,2747.9900000000002,1373.9950000000001,0,2.0,1,0
17085,1562.4,5,785,2011-08-08 14:15:00,2010-12-12 12:24:00,115,123,5,1562.4,312.48,239,0.020833333333333332,1,0
17086,2050.08,6,1859,2011-12-02 13:54:00,2011-10-07 11:22:00,76,7,6,2050.08,341.68,56,0.10526315789473684,1,1
17088,1991.01,4,868,2011-11-11 14:23:00,2011-03-31 09:48:00,96,28,4,1991.01,497.7525,225,0.017699115044247787,1,0
17090,1974.65,7,903,2011-12-05 13:44:00,2010-12-20 13:52:00,45,4,7,1974.65,282.09285714285716,349,0.02,1,1
17091,3827.76,9,1746,2011-12-07 10:43:00,2010-12-07 09:55:00,119,3,9,3827.76,425.3066666666667,365,0.02459016393442623,1,1
17092,1774.03,4,1130,2011-10-20 19:51:00,2011-03-07 14:51:00,99,50,4,1774.03,443.5075,227,0.017543859649122806,1,0
17094,302.0,1,152,2011-01-21 13:09:00,2011-01-21 13:09:00,14,322,1,302.0,302.0,0,1.0,0,0
17095,1324.16,3,618,2011-11-17 12:21:00,2011-01-09 11:05:00,69,23,3,1324.16,441.3866666666667,312,0.009584664536741214,1,0
17096,1022.13,4,339,2011-11-24 15:01:00,2011-03-23 12:05:00,46,15,4,1022.13,255.5325,246,0.016194331983805668,1,0
17097,954.42,8,459,2011-12-07 17:05:00,2010-12-09 14:55:00,153,2,8,954.42,119.3025,363,0.02197802197802198,1,1
17100,971.74,2,800,2011-11-21 16:36:00,2011-11-21 16:36:00,65,18,2,971.74,485.87,0,2.0,0,0
17101,1621.73,4,815,2011-11-29 13:57:00,2011-06-14 14:49:00,28,10,4,1621.73,405.4325,167,0.023809523809523808,1,1
17102,25.5,1,2,2011-03-23 10:08:00,2011-03-23 10:08:00,1,262,1,25.5,25.5,0,1.0,0,0
17105,665.78,2,693,2011-07-03 15:53:00,2011-02-06 14:46:00,80,159,2,665.78,332.89,147,0.013513513513513514,0,0
17107,10797.48,6,4826,2011-11-06 14:14:00,2011-03-06 15:17:00,269,33,6,10797.48,1799.58,244,0.024489795918367346,1,1
17109,881.29,6,588,2011-11-10 16:59:00,2011-04-21 15:46:00,107,29,6,881.29,146.88166666666666,203,0.029411764705882353,1,1
17110,163.29999999999998,1,50,2011-06-27 12:58:00,2011-06-27 12:58:00,12,165,1,163.29999999999998,163.29999999999998,0,1.0,0,0
17111,231.61,1,282,2011-10-23 15:59:00,2011-10-23 15:59:00,29,47,1,231.61,231.61,0,1.0,0,0
17114,801.12,8,215,2011-12-04 12:17:00,2011-01-09 11:39:00,85,6,8,801.12,100.14,329,0.024242424242424242,1,1
17115,837.5,3,372,2011-12-01 14:30:00,2011-04-20 14:46:00,33,8,3,837.5,279.1666666666667,224,0.013333333333333334,1,1
17117,116.19999999999999,1,68,2011-02-24 13:54:00,2011-02-24 13:54:00,9,288,1,116.19999999999999,116.19999999999999,0,1.0,0,0
17118,157.02,1,154,2011-01-26 12:19:00,2011-01-26 12:19:00,10,318,1,157.02,157.02,0,1.0,0,0
17119,606.91,2,334,2011-12-06 14:40:00,2011-10-11 11:03:00,35,3,2,606.91,303.455,56,0.03508771929824561,1,1
17120,307.46,1,120,2011-04-20 15:21:00,2011-04-20 15:21:00,18,233,1,307.46,307.46,0,1.0,0,0
17122,138.32,1,80,2011-08-12 14:33:00,2011-08-12 14:33:00,7,119,1,138.32,138.32,0,1.0,0,0
17123,345.29999999999995,1,246,2011-07-01 10:47:00,2011-07-01 10:47:00,9,162,1,345.29999999999995,345.29999999999995,0,1.0,0,0
17124,294.24,1,129,2011-06-07 14:02:00,2011-06-07 14:02:00,31,185,1,294.24,294.24,0,1.0,0,0
17125,230.5,1,281,2011-10-20 14:41:00,2011-10-20 14:41:00,34,50,1,230.5,230.5,0,1.0,0,0
17126,989.45,5,780,2011-07-10 13:52:00,2010-12-12 11:26:00,187,152,5,989.45,197.89000000000001,210,0.023696682464454975,0,0
17128,157.09,1,76,2011-01-09 12:02:00,2011-01-09 12:02:00,14,335,1,157.09,157.09,0,1.0,0,0
17131,2463.17,5,983,2011-12-04 12:52:00,2011-09-25 12:42:00,78,5,5,2463.17,492.634,70,0.07042253521126761,1,1
17133,4892.240000000001,7,2730,2011-11-24 12:27:00,2011-03-18 13:47:00,13,16,7,4892.240000000001,698.8914285714287,250,0.027888446215139442,1,1
17134,413.2,2,98,2011-08-25 09:53:00,2011-03-20 11:56:00,21,107,2,413.2,206.6,157,0.012658227848101266,0,0
17135,1139.73,7,1224,2011-11-23 16:48:00,2010-12-03 09:31:00,34,16,7,1139.73,162.81857142857143,355,0.019662921348314606,1,1
17138,380.5,1,126,2011-03-09 11:54:00,2011-03-09 11:54:00,24,276,1,380.5,380.5,0,1.0,0,0
17139,10650.77,12,5176,2011-11-24 10:12:00,2011-02-24 09:32:00,309,16,12,10650.77,887.5641666666667,273,0.043795620437956206,1,1
17140,454.12,1,296,2011-04-06 13:33:00,2011-04-06 13:33:00,16,247,1,454.12,454.12,0,1.0,0,0
17142,579.0,1,81,2011-04-14 18:22:00,2011-04-14 18:22:00,15,239,1,579.0,579.0,0,1.0,0,0
17144,984.57,2,483,2011-12-08 17:57:00,2011-09-16 12:50:00,42,1,2,984.57,492.285,83,0.023809523809523808,1,1
17146,749.78,3,212,2011-08-26 12:44:00,2010-12-16 12:20:00,33,106,3,749.78,249.92666666666665,253,0.011811023622047244,0,0
17147,1714.59,4,882,2011-11-17 12:32:00,2011-02-01 09:36:00,68,23,4,1714.59,428.6475,289,0.013793103448275862,1,1
17148,124.88,1,82,2011-10-19 09:59:00,2011-10-19 09:59:00,9,52,1,124.88,124.88,0,1.0,0,0
17152,1689.5,3,517,2011-05-29 12:19:00,2011-03-21 16:20:00,9,195,3,1689.5,563.1666666666666,68,0.043478260869565216,0,0
17153,213.78,1,104,2011-11-15 13:42:00,2011-11-15 13:42:00,14,24,1,213.78,213.78,0,1.0,0,0
17154,329.34,1,490,2011-09-25 13:42:00,2011-09-25 13:42:00,23,75,1,329.34,329.34,0,1.0,0,0
17155,251.70000000000002,2,242,2011-11-22 12:38:00,2011-06-15 10:22:00,19,18,2,251.70000000000002,125.85000000000001,160,0.012422360248447204,0,0
17157,319.0,2,172,2011-12-02 09:10:00,2011-06-16 15:08:00,11,8,2,319.0,159.5,168,0.011834319526627219,0,0
17158,1266.97,3,778,2011-11-07 15:15:00,2010-12-14 13:03:00,53,32,3,1266.97,422.3233333333333,328,0.00911854103343465,1,0
17159,1538.88,3,1111,2011-11-18 10:52:00,2011-06-21 09:49:00,96,22,3,1538.88,512.96,150,0.019867549668874173,1,0
17160,3518.03,6,2856,2011-11-08 14:05:00,2011-04-12 12:00:00,111,31,6,3518.03,586.3383333333334,210,0.02843601895734597,1,0
17162,1715.46,10,1001,2011-11-11 11:34:00,2011-02-07 12:27:00,81,29,10,1715.46,171.546,276,0.036101083032490974,1,1
17163,293.1,2,66,2011-11-18 08:57:00,2011-09-22 15:54:00,3,22,2,293.1,146.55,56,0.03508771929824561,0,0
17164,2467.35,7,1501,2011-11-07 09:14:00,2011-03-11 14:26:00,92,33,7,2467.35,352.4785714285714,240,0.029045643153526972,1,0
17165,158.68,1,100,2011-02-28 16:39:00,2011-02-28 16:39:00,10,284,1,158.68,158.68,0,1.0,0,0
17166,206.34,2,78,2011-11-01 09:46:00,2011-05-20 08:18:00,11,39,2,206.34,103.17,165,0.012048192771084338,0,0
17169,835.78,2,526,2011-10-13 10:25:00,2011-06-09 13:16:00,51,58,2,835.78,417.89,125,0.015873015873015872,0,0
17171,224.91,1,185,2011-02-23 16:37:00,2011-02-23 16:37:00,16,289,1,224.91,224.91,0,1.0,0,0
17172,317.76,1,480,2011-09-22 09:36:00,2011-09-22 09:36:00,15,79,1,317.76,317.76,0,1.0,0,0
17173,3766.6,8,1122,2011-12-04 14:40:00,2011-07-31 15:26:00,36,5,8,3766.6,470.825,125,0.06349206349206349,1,1
17174,59.9,1,41,2011-05-06 11:47:00,2011-05-06 11:47:00,4,218,1,59.9,59.9,0,1.0,0,0
17175,1443.69,4,866,2011-10-26 15:31:00,2011-02-16 14:56:00,42,44,4,1443.69,360.9225,252,0.015810276679841896,1,0
17176,306.13,1,170,2011-05-22 12:41:00,2011-05-22 12:41:00,15,202,1,306.13,306.13,0,1.0,0,0
17179,711.79,3,290,2011-06-14 16:48:00,2010-12-13 14:24:00,56,178,3,711.79,237.26333333333332,183,0.016304347826086956,0,0
17180,783.97,4,670,2011-10-14 15:46:00,2011-01-27 18:05:00,91,56,4,783.97,195.9925,259,0.015384615384615385,0,0
17181,239.92000000000002,2,241,2011-10-13 14:48:00,2010-12-01 12:38:00,23,57,2,239.92000000000002,119.96000000000001,316,0.006309148264984227,0,0
17183,3347.31,6,1296,2011-12-02 10:07:00,2011-08-26 15:25:00,42,8,6,3347.31,557.885,97,0.061224489795918366,1,1
17186,144.0,2,200,2011-10-24 10:20:00,2011-10-10 12:52:00,1,47,2,144.0,72.0,13,0.14285714285714285,0,0
17187,203.95,1,144,2011-04-27 12:39:00,2011-04-27 12:39:00,10,227,1,203.95,203.95,0,1.0,0,0
17188,2474.23,7,1328,2011-11-28 13:53:00,2010-12-12 12:56:00,71,11,7,2474.23,353.4614285714286,351,0.019886363636363636,1,1
17189,383.75,2,226,2011-08-25 19:39:00,2010-12-15 17:28:00,52,106,2,383.75,191.875,253,0.007874015748031496,0,0
17190,444.74,2,161,2011-10-12 11:33:00,2011-05-16 15:29:00,19,59,2,444.74,222.37,148,0.013422818791946308,0,0
17191,2093.68,7,1166,2011-11-11 16:58:00,2010-12-06 14:36:00,163,28,7,2093.68,299.09714285714284,340,0.020527859237536656,1,0
17193,1699.3000000000002,7,1254,2011-11-04 12:47:00,2011-06-16 10:04:00,17,36,7,1699.3000000000002,242.7571428571429,141,0.04929577464788732,1,1
17194,262.62,2,119,2011-03-11 12:05:00,2010-12-14 12:06:00,26,274,2,262.62,131.31,86,0.022988505747126436,0,0
17197,1013.01,1,191,2011-11-10 10:32:00,2011-11-10 10:32:00,29,30,1,1013.01,1013.01,0,1.0,0,0
17198,692.22,3,357,2011-11-16 10:39:00,2010-12-03 14:54:00,89,24,3,692.22,230.74,347,0.008620689655172414,0,0
17201,289.78,1,231,2011-10-17 11:55:00,2011-10-17 11:55:00,38,54,1,289.78,289.78,0,1.0,0,0
17203,3560.08,6,2846,2011-11-04 12:27:00,2011-10-10 14:37:00,116,36,6,3560.08,593.3466666666667,24,0.24,1,0
17204,1564.56,4,646,2011-06-17 14:46:00,2011-03-21 12:42:00,44,175,4,1564.56,391.14,88,0.0449438202247191,0,0
17205,384.08,1,884,2011-10-17 12:46:00,2011-10-17 12:46:00,13,54,1,384.08,384.08,0,1.0,0,0
17206,204.24,1,76,2011-10-17 13:25:00,2011-10-17 13:25:00,7,53,1,204.24,204.24,0,1.0,0,0
17211,2317.2200000000003,8,1323,2011-11-13 12:03:00,2010-12-05 12:44:00,150,27,8,2317.2200000000003,289.65250000000003,342,0.023323615160349854,1,0
17212,226.85,1,147,2011-03-31 19:42:00,2011-03-31 19:42:00,4,253,1,226.85,226.85,0,1.0,0,0
17213,2781.23,7,1176,2011-10-30 14:53:00,2010-12-08 13:03:00,85,40,7,2781.23,397.31857142857143,326,0.021406727828746176,1,0
17214,1059.1200000000001,6,272,2011-10-10 13:17:00,2010-12-15 15:14:00,79,60,6,1059.1200000000001,176.52,298,0.020066889632107024,1,0
17217,113.5,1,24,2011-04-19 17:19:00,2011-04-19 17:19:00,9,234,1,113.5,113.5,0,1.0,0,0
17218,1951.97,10,955,2011-12-05 13:52:00,2010-12-06 15:25:00,146,4,10,1951.97,195.197,363,0.027472527472527472,1,1
17219,114.23,1,89,2011-11-08 11:25:00,2011-11-08 11:25:00,24,32,1,114.23,114.23,0,1.0,0,0
17220,3187.55,14,1897,2011-11-15 13:47:00,2010-12-10 14:54:00,303,24,14,3187.55,227.68214285714288,339,0.041176470588235294,1,1
17221,334.48,2,287,2011-12-02 13:35:00,2011-11-03 17:39:00,59,7,2,334.48,167.24,28,0.06896551724137931,0,0
17222,328.65,1,122,2011-10-05 13:58:00,2011-10-05 13:58:00,27,65,1,328.65,328.65,0,1.0,0,0
17223,416.89,2,110,2011-02-02 15:57:00,2010-12-06 14:08:00,43,310,2,416.89,208.445,58,0.03389830508474576,0,0
17226,393.49,1,406,2011-02-04 11:52:00,2011-02-04 11:52:00,21,309,1,393.49,393.49,0,1.0,0,0
17227,939.32,6,741,2011-11-21 10:51:00,2010-12-06 11:16:00,28,19,6,939.32,156.55333333333334,349,0.017142857142857144,1,1
17228,1906.09,8,1532,2011-11-24 10:24:00,2010-12-02 16:00:00,140,16,8,1906.09,238.26125,356,0.022408963585434174,1,1
17229,318.76,2,185,2011-09-04 13:56:00,2011-07-20 12:38:00,39,96,2,318.76,159.38,46,0.0425531914893617,0,0
17230,3638.41,8,1651,2011-03-20 16:12:00,2010-12-15 11:22:00,51,264,8,3638.41,454.80125,95,0.08333333333333333,1,0
17231,3124.72,10,1724,2011-11-27 15:18:00,2010-12-13 14:16:00,292,12,10,3124.72,312.472,349,0.02857142857142857,1,1
17232,417.77,2,202,2011-12-07 12:21:00,2011-11-25 12:24:00,30,3,2,417.77,208.885,11,0.16666666666666666,1,1
17233,190.88,1,131,2011-11-04 14:06:00,2011-11-04 14:06:00,25,35,1,190.88,190.88,0,1.0,0,0
17234,149.89000000000001,1,55,2011-06-10 11:20:00,2011-06-10 11:20:00,14,183,1,149.89000000000001,149.89000000000001,0,1.0,0,0
17235,550.06,2,224,2011-11-14 15:51:00,2010-12-02 13:38:00,24,25,2,550.06,275.03,347,0.005747126436781609,0,0
17236,916.13,6,474,2011-11-27 12:00:00,2010-12-12 11:49:00,88,13,6,916.13,152.68833333333333,350,0.017094017094017096,1,1
17237,314.69,2,105,2011-11-28 15:02:00,2011-11-17 12:55:00,18,11,2,314.69,157.345,11,0.16666666666666666,0,0
17238,3719.1,17,1807,2011-12-07 11:35:00,2010-12-03 15:05:00,297,3,17,3719.1,218.7705882352941,368,0.04607046070460705,1,1
17239,382.5,1,150,2011-01-31 09:41:00,2011-01-31 09:41:00,15,313,1,382.5,382.5,0,1.0,0,0
17242,1135.04,2,611,2011-08-23 14:55:00,2011-06-12 13:04:00,30,108,2,1135.04,567.52,72,0.0273972602739726,0,0
17243,8540.05,26,3320,2011-12-08 13:26:00,2010-12-05 10:03:00,180,1,26,8540.05,328.4634615384615,368,0.07046070460704607,1,1
17244,954.9,1,616,2011-10-17 15:19:00,2011-10-17 15:19:00,31,53,1,954.9,954.9,0,1.0,0,0
17245,171.45,1,75,2011-05-19 10:43:00,2011-05-19 10:43:00,9,205,1,171.45,171.45,0,1.0,0,0
17247,280.09000000000003,1,105,2011-11-24 15:21:00,2011-11-24 15:21:00,53,15,1,280.09000000000003,280.09000000000003,0,1.0,0,0
17248,318.65,1,213,2011-08-11 13:34:00,2011-08-11 13:34:00,68,120,1,318.65,318.65,0,1.0,0,0
17250,381.97,2,167,2011-12-06 12:15:00,2011-03-23 16:45:00,55,4,2,381.97,190.985,257,0.007751937984496124,1,1
17251,269.83,1,108,2010-12-12 11:06:00,2010-12-12 11:06:00,37,363,1,269.83,269.83,0,1.0,0,0
17252,348.91,2,192,2011-08-15 09:45:00,2011-06-06 16:41:00,86,117,2,348.91,174.455,69,0.02857142857142857,0,0
17253,178.26,1,43,2011-11-21 12:59:00,2011-11-21 12:59:00,18,18,1,178.26,178.26,0,1.0,0,0
17254,271.19,2,251,2011-12-05 12:46:00,2011-11-24 14:09:00,100,5,2,271.19,135.595,10,0.18181818181818182,0,1
17255,291.48,2,227,2011-10-30 12:18:00,2011-02-13 15:18:00,69,41,2,291.48,145.74,258,0.007722007722007722,0,0
17256,240.0,2,141,2011-08-24 13:30:00,2011-01-31 14:53:00,12,107,2,240.0,120.0,204,0.00975609756097561,0,0
17259,581.23,2,388,2011-07-14 15:01:00,2010-12-06 12:55:00,104,148,2,581.23,290.615,220,0.00904977375565611,0,0
17262,1253.3600000000001,5,367,2011-10-18 12:56:00,2010-12-08 13:30:00,9,52,5,1253.3600000000001,250.67200000000003,313,0.01592356687898089,1,0
17263,63.440000000000005,1,36,2011-05-15 14:32:00,2011-05-15 14:32:00,23,208,1,63.440000000000005,63.440000000000005,0,1.0,0,0
17265,550.01,2,389,2011-07-24 10:49:00,2011-06-12 12:00:00,106,139,2,550.01,275.005,41,0.047619047619047616,0,0
17266,296.58,3,153,2011-12-07 14:12:00,2011-07-15 11:57:00,60,2,3,296.58,98.86,145,0.02054794520547945,1,1
17267,317.2,2,158,2011-08-04 17:22:00,2011-08-04 17:19:00,37,127,2,317.2,158.6,0,2.0,0,0
17268,763.64,4,844,2011-08-24 10:06:00,2011-04-08 13:20:00,3,108,4,763.64,190.91,137,0.028985507246376812,0,0
17272,2148.63,4,1778,2011-10-28 16:37:00,2011-03-22 12:05:00,70,42,4,2148.63,537.1575,220,0.01809954751131222,1,0
17274,107.82,1,77,2011-11-04 13:16:00,2011-11-04 13:16:00,24,35,1,107.82,107.82,0,1.0,0,0
17277,1065.3500000000001,2,430,2011-04-26 12:47:00,2011-01-21 12:37:00,67,228,2,1065.3500000000001,532.6750000000001,95,0.020833333333333332,0,0
17278,246.04,1,179,2011-04-12 13:10:00,2011-04-12 13:10:00,15,241,1,246.04,246.04,0,1.0,0,0
17279,187.82999999999998,1,48,2011-10-13 11:58:00,2011-10-13 11:58:00,8,58,1,187.82999999999998,187.82999999999998,0,1.0,0,0
17282,1685.46,3,1866,2011-08-01 14:29:00,2011-02-13 11:36:00,79,130,3,1685.46,561.82,169,0.01764705882352941,0,0
17284,1647.48,6,1362,2011-10-10 14:38:00,2011-01-07 14:31:00,229,60,6,1647.48,274.58,276,0.021660649819494584,1,0
17286,151.37,1,117,2011-11-18 12:47:00,2011-11-18 12:47:00,44,22,1,151.37,151.37,0,1.0,0,0
17287,1049.06,7,556,2011-11-13 13:27:00,2010-12-02 12:22:00,88,26,7,1049.06,149.8657142857143,346,0.020172910662824207,1,1
17288,1417.63,7,1201,2011-11-30 16:09:00,2010-12-16 13:33:00,118,9,7,1417.63,202.51857142857145,349,0.02,1,1
17289,931.02,3,513,2011-11-08 12:01:00,2011-06-12 13:51:00,86,32,3,931.02,310.34,148,0.020134228187919462,0,0
17290,513.01,2,397,2011-12-06 12:38:00,2011-11-23 15:53:00,92,4,2,513.01,256.505,12,0.15384615384615385,1,1
17291,550.8000000000001,1,72,2011-02-04 13:04:00,2011-02-04 13:04:00,1,308,1,550.8000000000001,550.8000000000001,0,1.0,0,0
17293,1854.06,9,1135,2011-12-01 14:37:00,2010-12-13 14:55:00,93,8,9,1854.06,206.00666666666666,352,0.025495750708215296,1,1
17295,547.0,3,293,2011-11-11 10:49:00,2011-10-06 12:22:00,53,29,3,547.0,182.33333333333334,35,0.08333333333333333,0,0
17297,128.18,1,65,2011-11-22 14:43:00,2011-11-22 14:43:00,49,17,1,128.18,128.18,0,1.0,0,0
17298,498.42,2,387,2011-08-30 16:43:00,2011-08-07 12:21:00,30,101,2,498.42,249.21,23,0.08333333333333333,0,0
17299,656.61,4,668,2011-11-28 12:01:00,2011-06-19 16:04:00,50,12,4,656.61,164.1525,161,0.024691358024691357,1,1
17301,163.24,1,137,2011-11-18 13:43:00,2011-11-18 13:43:00,59,21,1,163.24,163.24,0,1.0,0,0
17302,1135.63,5,575,2011-11-25 09:36:00,2011-02-07 10:14:00,68,15,5,1135.63,227.12600000000003,290,0.01718213058419244,1,1
17303,250.04,1,144,2010-12-13 13:32:00,2010-12-13 13:32:00,53,361,1,250.04,250.04,0,1.0,0,0
17306,8631.31,19,11491,2011-11-29 12:14:00,2010-12-21 13:34:00,13,11,19,8631.31,454.2794736842105,342,0.05539358600583091,1,1
17309,82.75,1,41,2011-09-05 15:20:00,2011-09-05 15:20:00,11,95,1,82.75,82.75,0,1.0,0,0
17311,1384.85,2,1005,2011-09-22 14:11:00,2011-01-27 10:56:00,55,78,2,1384.85,692.425,238,0.008368200836820083,0,0
17312,644.3,3,372,2011-07-24 11:52:00,2011-07-03 13:12:00,11,139,3,644.3,214.76666666666665,20,0.14285714285714285,0,0
17313,2328.84,1,1402,2011-11-08 15:45:00,2011-11-08 15:45:00,24,31,1,2328.84,2328.84,0,1.0,0,0
17314,2527.92,8,1896,2011-11-15 09:41:00,2011-01-31 11:25:00,120,25,8,2527.92,315.99,287,0.027777777777777776,1,0
17315,6281.23,38,3863,2011-12-08 12:15:00,2010-12-17 12:24:00,256,2,38,6281.23,165.29552631578946,355,0.10674157303370786,1,1
17317,2600.34,3,1146,2011-10-24 17:19:00,2011-09-11 12:45:00,8,46,3,2600.34,866.7800000000001,43,0.06818181818181818,1,0
17320,1200.6200000000001,3,634,2011-08-31 13:31:00,2010-12-06 15:38:00,57,100,3,1200.6200000000001,400.2066666666667,267,0.011194029850746268,0,0
17321,657.16,2,364,2011-12-01 13:41:00,2011-10-03 11:34:00,94,8,2,657.16,328.58,59,0.03333333333333333,1,1
17323,906.52,7,760,2011-11-24 17:29:00,2011-02-20 14:38:00,125,15,7,906.52,129.50285714285715,277,0.025179856115107913,1,1
17324,986.48,4,843,2011-11-22 10:34:00,2010-12-08 12:45:00,43,18,4,986.48,246.62,348,0.011461318051575931,1,0
17325,96.8,1,60,2011-03-04 13:09:00,2011-03-04 13:09:00,6,280,1,96.8,96.8,0,1.0,0,0
17329,523.11,2,142,2011-11-25 14:24:00,2011-01-28 15:29:00,29,14,2,523.11,261.555,300,0.006644518272425249,0,0
17330,363.9,2,120,2011-11-17 08:56:00,2011-10-03 11:26:00,5,23,2,363.9,181.95,44,0.044444444444444446,0,0
17331,175.2,1,16,2011-08-08 11:55:00,2011-08-08 11:55:00,1,124,1,175.2,175.2,0,1.0,0,0
17333,494.25,1,375,2011-09-15 10:11:00,2011-09-15 10:11:00,28,86,1,494.25,494.25,0,1.0,0,0
17334,307.02,2,315,2011-02-10 14:59:00,2011-02-04 09:03:00,11,302,2,307.02,153.51,6,0.2857142857142857,0,0
17337,1981.06,4,1247,2011-07-11 14:55:00,2011-02-02 17:06:00,421,151,4,1981.06,495.265,158,0.025157232704402517,0,0
17338,6493.54,8,3059,2011-11-22 14:23:00,2010-12-13 12:57:00,389,17,8,6493.54,811.6925,344,0.02318840579710145,1,1
17339,243.36,2,152,2011-09-06 13:29:00,2010-12-09 14:44:00,9,94,2,243.36,121.68,270,0.007380073800738007,0,0
17340,12353.29,11,5967,2011-11-10 10:45:00,2010-12-08 15:56:00,229,30,11,12353.29,1123.0263636363636,336,0.032640949554896145,1,1
17341,682.29,3,443,2011-07-06 12:33:00,2010-12-08 12:46:00,147,157,3,682.29,227.42999999999998,209,0.014285714285714285,0,0
17343,193.64,1,56,2010-12-19 15:07:00,2010-12-19 15:07:00,17,355,1,193.64,193.64,0,1.0,0,0
17344,157.62,1,65,2011-10-24 12:56:00,2011-10-24 12:56:00,31,46,1,157.62,157.62,0,1.0,0,0
17345,519.6899999999999,4,341,2011-11-24 15:03:00,2011-05-27 12:26:00,70,15,4,519.6899999999999,129.92249999999999,181,0.02197802197802198,1,1
17346,2622.88,15,1617,2011-12-06 12:18:00,2010-12-01 14:34:00,299,4,15,2622.88,174.85866666666666,369,0.04054054054054054,1,1
17347,228.96,1,216,2011-09-14 13:12:00,2011-09-14 13:12:00,1,86,1,228.96,228.96,0,1.0,0,0
17348,1156.6,5,1398,2011-11-25 11:25:00,2011-02-15 10:49:00,180,15,5,1156.6,231.32,283,0.017605633802816902,1,1
17349,98.25,1,102,2011-06-13 14:29:00,2011-06-13 14:29:00,8,179,1,98.25,98.25,0,1.0,0,0
17350,1281.32,4,770,2011-12-01 15:47:00,2011-10-19 16:05:00,66,8,4,1281.32,320.33,42,0.09302325581395349,1,1
17351,587.15,3,113,2011-11-03 18:45:00,2011-03-11 16:05:00,22,36,3,587.15,195.71666666666667,237,0.012605042016806723,0,0
17353,1740.0,2,1200,2011-08-02 17:19:00,2011-07-08 16:17:00,5,129,2,1740.0,870.0,25,0.07692307692307693,0,0
17354,1393.06,1,1006,2011-10-20 10:34:00,2011-10-20 10:34:00,15,51,1,1393.06,1393.06,0,1.0,0,0
17356,178.22,1,166,2011-02-01 11:07:00,2011-02-01 11:07:00,19,312,1,178.22,178.22,0,1.0,0,0
17357,384.39,2,152,2011-11-15 16:30:00,2011-11-15 16:29:00,41,24,2,384.39,192.195,0,2.0,0,0
17358,360.81,2,190,2011-02-09 16:57:00,2010-12-19 14:16:00,55,303,2,360.81,180.405,52,0.03773584905660377,0,0
17359,127.86,1,161,2011-11-28 14:37:00,2011-11-28 14:37:00,13,11,1,127.86,127.86,0,1.0,0,0
17360,568.24,3,328,2011-11-22 13:11:00,2011-06-08 17:09:00,113,17,3,568.24,189.41333333333333,166,0.017964071856287425,0,0
17361,488.2,3,157,2011-10-21 15:43:00,2011-02-21 09:55:00,26,49,3,488.2,162.73333333333332,242,0.012345679012345678,0,0
17362,312.23,2,191,2011-04-14 14:43:00,2011-02-03 10:26:00,30,239,2,312.23,156.115,70,0.028169014084507043,0,0
17364,4462.68,11,2692,2011-12-09 09:00:00,2011-01-12 16:57:00,288,1,11,4462.68,405.69818181818187,330,0.03323262839879154,1,1
17365,4767.36,8,4749,2011-11-27 12:13:00,2011-01-11 12:11:00,278,13,8,4767.36,595.92,320,0.024922118380062305,1,1
17367,167.55,1,149,2011-04-15 14:21:00,2011-04-15 14:21:00,33,238,1,167.55,167.55,0,1.0,0,0
17368,1878.87,8,1377,2011-11-16 15:26:00,2011-01-06 11:57:00,93,23,8,1878.87,234.85875,314,0.025396825396825397,1,1
17370,446.18,4,540,2011-09-28 10:14:00,2011-06-23 11:50:00,31,73,4,446.18,111.545,96,0.041237113402061855,0,0
17371,418.4,3,151,2011-11-22 13:30:00,2010-12-13 15:20:00,83,17,3,418.4,139.46666666666667,343,0.00872093023255814,0,0
17372,1337.18,8,747,2011-10-30 11:37:00,2010-12-12 12:00:00,215,41,8,1337.18,167.1475,321,0.024844720496894408,1,0
17373,646.92,4,408,2011-10-30 15:28:00,2011-01-31 11:46:00,47,40,4,646.92,161.73,272,0.014652014652014652,0,0
17374,495.77,2,85,2011-05-05 09:05:00,2011-03-03 12:53:00,24,219,2,495.77,247.885,62,0.031746031746031744,0,0
17375,400.1,3,367,2011-05-24 15:45:00,2010-12-13 15:16:00,63,199,3,400.1,133.36666666666667,162,0.018404907975460124,0,0
17376,203.2,2,86,2011-09-30 12:36:00,2011-02-01 14:12:00,23,71,2,203.2,101.6,240,0.008298755186721992,0,0
17377,4058.32,20,2038,2011-11-16 11:17:00,2010-12-01 12:35:00,190,24,20,4058.32,202.916,349,0.05714285714285714,1,1
17379,389.71999999999997,1,623,2011-11-28 13:56:00,2011-11-28 13:56:00,71,11,1,389.71999999999997,389.71999999999997,0,1.0,0,0
17381,20275.61,29,25649,2011-12-01 11:59:00,2010-12-02 12:58:00,40,9,29,20275.61,699.1589655172414,363,0.07967032967032966,1,1
17382,65.4,1,25,2011-10-05 13:05:00,2011-10-05 13:05:00,2,65,1,65.4,65.4,0,1.0,0,0
17383,193.39000000000001,1,148,2011-12-05 17:36:00,2011-12-05 17:36:00,49,4,1,193.39000000000001,193.39000000000001,0,1.0,0,1
17384,336.4,2,88,2011-11-20 15:48:00,2011-05-04 16:07:00,12,19,2,336.4,168.2,199,0.01,0,0
17385,256.11,1,197,2011-11-25 11:02:00,2011-11-25 11:02:00,42,15,1,256.11,256.11,0,1.0,0,0
17386,2686.42,6,1902,2011-12-02 11:28:00,2011-06-27 12:11:00,23,8,6,2686.42,447.7366666666667,157,0.0379746835443038,1,1
17387,746.81,2,522,2011-11-20 11:00:00,2011-11-06 11:25:00,71,20,2,746.81,373.405,13,0.14285714285714285,0,0
17388,1259.56,4,1068,2011-09-23 10:31:00,2011-02-25 12:28:00,13,78,4,1259.56,314.89,209,0.01904761904761905,0,0
17389,31833.68,34,7612,2011-12-09 09:38:00,2011-01-12 15:48:00,45,1,34,31833.68,936.2847058823529,330,0.1027190332326284,1,1
17391,508.8,2,480,2011-06-29 09:58:00,2011-06-28 12:21:00,2,164,2,508.8,254.4,0,2.0,0,0
17392,417.27,2,277,2011-02-06 12:48:00,2010-12-16 19:04:00,53,307,2,417.27,208.635,51,0.038461538461538464,0,0
17394,203.86999999999998,1,241,2011-05-04 13:22:00,2011-05-04 13:22:00,4,219,1,203.86999999999998,203.86999999999998,0,1.0,0,0
17396,7330.8,8,2005,2011-10-31 14:12:00,2010-12-03 09:45:00,24,39,8,7330.8,916.35,332,0.024024024024024024,1,1
17397,681.41,2,250,2011-11-17 14:08:00,2011-11-17 13:58:00,88,22,2,681.41,340.705,0,2.0,0,0
17398,653.38,3,310,2011-08-17 09:48:00,2011-03-29 13:04:00,30,115,3,653.38,217.79333333333332,140,0.02127659574468085,0,0
17400,2097.84,5,1088,2011-08-05 15:38:00,2010-12-21 17:16:00,175,126,5,2097.84,419.56800000000004,226,0.022026431718061675,1,0
17402,2633.85,13,701,2011-12-05 10:15:00,2010-12-05 13:53:00,33,5,13,2633.85,202.60384615384615,364,0.03561643835616438,1,1
17403,263.92,1,111,2011-11-03 15:18:00,2011-11-03 15:18:00,32,36,1,263.92,263.92,0,1.0,0,0
17404,31906.82,15,32748,2011-12-05 16:26:00,2010-12-14 13:28:00,111,4,15,31906.82,2127.1213333333335,356,0.04201680672268908,1,1
17405,1031.41,3,726,2011-12-08 17:12:00,2011-07-12 14:17:00,77,1,3,1031.41,343.80333333333334,149,0.02,1,1
17406,2184.42,3,780,2011-01-10 15:07:00,2010-12-08 10:35:00,99,333,3,2184.42,728.14,33,0.08823529411764706,0,0
17408,32.65,1,3,2011-06-29 12:53:00,2011-06-29 12:53:00,2,163,1,32.65,32.65,0,1.0,0,0
17409,771.85,2,105,2011-06-08 10:36:00,2011-04-05 16:42:00,13,185,2,771.85,385.925,63,0.03125,0,0
17410,1214.72,5,616,2011-11-23 15:46:00,2011-05-08 15:21:00,57,16,5,1214.72,242.94400000000002,199,0.025,1,1
17411,778.94,3,306,2011-11-27 14:25:00,2011-03-23 13:44:00,39,12,3,778.94,259.6466666666667,249,0.012,1,1
17412,1258.06,7,738,2011-12-07 11:36:00,2010-12-02 16:29:00,48,3,7,1258.06,179.72285714285712,369,0.01891891891891892,1,1
17414,778.0,2,2100,2011-10-27 12:13:00,2011-06-08 11:43:00,5,44,2,778.0,389.0,141,0.014084507042253521,0,0
17415,507.84,1,114,2011-09-21 12:50:00,2011-09-21 12:50:00,14,80,1,507.84,507.84,0,1.0,0,0
17416,6893.42,7,4302,2011-11-10 12:47:00,2011-03-03 13:45:00,186,30,7,6893.42,984.7742857142857,251,0.027777777777777776,1,1
17418,463.46000000000004,2,289,2011-10-28 13:00:00,2011-01-20 11:39:00,29,42,2,463.46000000000004,231.73000000000002,281,0.0070921985815602835,0,0
17419,4226.57,12,1876,2011-11-28 13:47:00,2010-12-07 15:03:00,155,11,12,4226.57,352.21416666666664,355,0.033707865168539325,1,1
17420,598.83,3,265,2011-10-20 14:52:00,2010-12-01 09:56:00,28,50,3,598.83,199.61,323,0.009259259259259259,0,0
17422,1979.37,6,2253,2011-11-23 13:27:00,2011-02-16 14:44:00,93,16,6,1979.37,329.895,279,0.02142857142857143,1,1
17423,698.41,2,459,2011-10-24 13:36:00,2011-05-06 09:14:00,26,46,2,698.41,349.205,171,0.011627906976744186,0,0
17425,759.17,2,407,2011-11-20 15:30:00,2011-10-10 11:37:00,42,19,2,759.17,379.585,41,0.047619047619047616,0,0
17426,5037.26,6,3094,2011-12-01 18:07:00,2011-03-02 16:34:00,179,8,6,5037.26,839.5433333333334,274,0.02181818181818182,1,1
17427,100.8,1,34,2011-09-29 11:29:00,2011-09-29 11:29:00,2,72,1,100.8,100.8,0,1.0,0,0
17428,17256.85,28,9474,2011-12-09 09:45:00,2010-12-06 09:37:00,252,1,28,17256.85,616.3160714285714,368,0.07588075880758807,1,1
17429,524.9200000000001,3,624,2011-08-03 13:22:00,2011-05-05 09:53:00,36,128,3,524.9200000000001,174.97333333333336,90,0.03296703296703297,0,0
17430,265.76,2,190,2011-11-07 09:24:00,2010-12-09 13:05:00,14,33,2,265.76,132.88,332,0.006006006006006006,0,0
17431,403.3,1,292,2011-01-30 14:36:00,2011-01-30 14:36:00,41,313,1,403.3,403.3,0,1.0,0,0
17432,365.76,2,207,2011-11-21 17:33:00,2011-11-02 17:30:00,44,18,2,365.76,182.88,19,0.1,0,0
17433,303.15999999999997,1,185,2011-09-12 14:24:00,2011-09-12 14:24:00,53,88,1,303.15999999999997,303.15999999999997,0,1.0,0,0
17434,2373.82,7,1693,2011-12-07 13:16:00,2011-09-15 13:54:00,100,2,7,2373.82,339.1171428571429,82,0.08433734939759036,1,1
17436,216.29999999999998,2,90,2011-12-08 12:30:00,2011-04-27 11:33:00,7,2,2,216.29999999999998,108.14999999999999,225,0.008849557522123894,0,1
17438,388.45000000000005,1,103,2011-03-31 10:26:00,2011-03-31 10:26:00,17,254,1,388.45000000000005,388.45000000000005,0,1.0,0,0
17440,186.42000000000002,3,246,2011-07-06 11:54:00,2011-04-06 12:05:00,3,157,3,186.42000000000002,62.14000000000001,90,0.03296703296703297,0,0
17442,2248.56,6,1496,2011-11-03 09:17:00,2011-02-22 13:02:00,96,37,6,2248.56,374.76,253,0.023622047244094488,1,0
17443,534.24,1,504,2011-05-04 10:47:00,2011-05-04 10:47:00,1,220,1,534.24,534.24,0,1.0,0,0
17444,2940.04,3,2119,2011-07-15 12:05:00,2011-06-20 09:04:00,132,148,3,2940.04,980.0133333333333,25,0.11538461538461539,0,0
17446,120.9,2,198,2011-06-16 10:42:00,2011-02-02 14:40:00,6,177,2,120.9,60.45,133,0.014925373134328358,0,0
17447,541.53,2,443,2011-10-30 14:18:00,2011-09-29 10:10:00,33,40,2,541.53,270.765,31,0.0625,0,0
17449,2519.21,7,1121,2011-12-07 16:56:00,2010-12-15 10:57:00,178,2,7,2519.21,359.88714285714286,357,0.019553072625698324,1,1
17450,194390.79,46,69973,2011-12-01 13:29:00,2010-12-07 09:23:00,124,8,46,194390.79,4225.886739130435,359,0.12777777777777777,1,1
17451,1721.4,7,1203,2011-12-08 15:02:00,2011-08-26 11:54:00,83,1,7,1721.4,245.91428571428574,104,0.06666666666666667,1,1
17453,486.71999999999997,2,219,2011-11-22 09:42:00,2011-10-06 17:02:00,19,18,2,486.71999999999997,243.35999999999999,46,0.0425531914893617,0,0
17454,517.53,4,243,2011-05-31 13:58:00,2010-12-15 10:54:00,57,192,4,517.53,129.3825,167,0.023809523809523808,0,0
17455,131.7,1,66,2011-05-20 12:31:00,2011-05-20 12:31:00,8,204,1,131.7,131.7,0,1.0,0,0
17456,249.86,1,222,2010-12-09 15:23:00,2010-12-09 15:23:00,17,365,1,249.86,249.86,0,1.0,0,0
17457,1737.7,5,826,2011-08-05 12:48:00,2011-01-04 14:33:00,14,127,5,1737.7,347.54,212,0.023474178403755867,1,0
17458,316.5,1,170,2011-11-24 13:01:00,2011-11-24 13:01:00,52,15,1,316.5,316.5,0,1.0,0,0
17459,657.3,2,537,2011-10-27 13:25:00,2011-10-10 17:00:00,88,43,2,657.3,328.65,16,0.11764705882352941,0,0
17460,622.4300000000001,6,236,2011-09-06 15:04:00,2010-12-01 16:24:00,18,94,6,622.4300000000001,103.73833333333334,278,0.021505376344086023,0,0
17461,735.82,3,770,2011-11-17 10:21:00,2011-11-10 12:01:00,104,23,3,735.82,245.27333333333334,6,0.42857142857142855,1,0
17462,675.69,2,227,2011-10-10 13:56:00,2011-02-28 17:01:00,25,60,2,675.69,337.845,223,0.008928571428571428,0,0
17463,1875.86,5,1086,2011-11-23 13:40:00,2011-01-30 15:48:00,162,16,5,1875.86,375.17199999999997,296,0.016835016835016835,1,1
17464,289.96000000000004,1,220,2011-07-04 13:19:00,2011-07-04 13:19:00,9,158,1,289.96000000000004,289.96000000000004,0,1.0,0,0
17466,763.28,2,306,2011-11-29 13:15:00,2011-09-22 09:16:00,41,10,2,763.28,381.64,68,0.028985507246376812,1,1
17468,137.0,2,116,2011-11-29 15:33:00,2011-11-25 12:52:00,5,10,2,137.0,68.5,4,0.4,0,0
17469,1870.97,5,787,2011-11-23 13:15:00,2011-05-19 08:55:00,61,16,5,1870.97,374.194,188,0.026455026455026454,1,1
17470,1125.07,5,1675,2011-10-26 12:42:00,2010-12-07 09:57:00,67,45,5,1125.07,225.01399999999998,323,0.015432098765432098,1,0
17472,697.54,3,455,2011-06-01 14:57:00,2011-02-13 14:40:00,142,191,3,697.54,232.51333333333332,108,0.027522935779816515,0,0
17475,194.37,1,178,2011-09-21 14:55:00,2011-09-21 14:55:00,14,79,1,194.37,194.37,0,1.0,0,0
17480,511.82,1,338,2011-09-23 11:39:00,2011-09-23 11:39:00,29,78,1,511.82,511.82,0,1.0,0,0
17481,1255.59,4,1061,2011-12-06 12:28:00,2011-09-07 09:57:00,69,4,4,1255.59,313.8975,90,0.04395604395604396,1,1
17483,414.04,3,191,2011-10-05 13:10:00,2011-06-09 19:40:00,18,65,3,414.04,138.01333333333335,117,0.025423728813559324,0,0
17486,396.87,1,191,2011-03-23 14:00:00,2011-03-23 14:00:00,24,261,1,396.87,396.87,0,1.0,0,0
17489,376.64,2,428,2011-10-12 08:56:00,2011-05-11 11:34:00,28,59,2,376.64,188.32,153,0.012987012987012988,0,0
17490,2092.32,7,1134,2011-12-09 09:08:00,2011-06-16 09:15:00,63,1,7,2092.32,298.90285714285716,175,0.03977272727272727,1,1
17491,3558.87,10,2013,2011-12-08 16:18:00,2010-12-07 12:18:00,72,1,10,3558.87,355.887,366,0.027247956403269755,1,1
17492,374.57,1,155,2011-04-05 15:21:00,2011-04-05 15:21:00,12,248,1,374.57,374.57,0,1.0,0,0
17495,497.56,2,229,2011-12-02 12:08:00,2011-11-01 12:06:00,21,8,2,497.56,248.78,31,0.0625,0,0
17496,271.05,1,79,2010-12-16 08:39:00,2010-12-16 08:39:00,10,359,1,271.05,271.05,0,1.0,0,0
17498,272.22,1,394,2011-09-25 12:25:00,2011-09-25 12:25:00,17,76,1,272.22,272.22,0,1.0,0,0
17499,622.88,1,711,2011-02-23 09:14:00,2011-02-23 09:14:00,40,290,1,622.88,622.88,0,1.0,0,0
17500,1138.0,3,17,2011-11-22 14:25:00,2011-11-10 09:08:00,3,17,3,1138.0,379.3333333333333,12,0.23076923076923078,1,0
17501,288.6,2,160,2011-05-03 09:47:00,2011-05-03 09:46:00,18,221,2,288.6,144.3,0,2.0,0,0
17502,689.1,4,376,2011-11-30 13:13:00,2011-11-10 16:39:00,25,9,4,689.1,172.275,19,0.2,1,1
17503,558.96,2,486,2011-12-07 09:18:00,2011-11-01 11:12:00,36,3,2,558.96,279.48,35,0.05555555555555555,1,1
17504,2997.0299999999997,9,1664,2011-05-17 12:59:00,2011-01-21 11:09:00,112,206,9,2997.0299999999997,333.00333333333333,116,0.07692307692307693,1,0
17505,1145.84,2,556,2011-07-01 12:50:00,2011-05-18 09:01:00,48,162,2,1145.84,572.92,44,0.044444444444444446,0,0
17506,302.2,1,139,2011-09-25 11:39:00,2011-09-25 11:39:00,14,76,1,302.2,302.2,0,1.0,0,0
17507,605.58,2,359,2011-03-23 11:48:00,2011-02-03 18:08:00,79,262,2,605.58,302.79,47,0.041666666666666664,0,0
17508,387.31,1,289,2011-03-04 08:10:00,2011-03-04 08:10:00,22,281,1,387.31,387.31,0,1.0,0,0
17509,6083.64,8,3512,2011-10-13 10:26:00,2011-10-07 13:14:00,75,58,8,6083.64,760.455,5,1.3333333333333333,1,0
17510,308.48,1,214,2011-11-15 10:00:00,2011-11-15 10:00:00,20,25,1,308.48,308.48,0,1.0,0,0
17511,91062.38,31,64549,2011-12-07 10:12:00,2010-12-01 10:19:00,453,3,31,91062.38,2937.496129032258,370,0.08355795148247978,1,1
17512,2924.9900000000002,10,2753,2011-11-11 12:11:00,2011-02-11 12:22:00,61,29,10,2924.9900000000002,292.499,272,0.03663003663003663,1,1
17513,513.2,1,254,2011-09-28 16:42:00,2011-09-28 16:42:00,6,72,1,513.2,513.2,0,1.0,0,0
17514,208.65,1,135,2011-08-03 15:45:00,2011-08-03 15:45:00,40,128,1,208.65,208.65,0,1.0,0,0
17515,639.02,4,243,2011-11-08 14:04:00,2011-01-25 14:33:00,49,31,4,639.02,159.755,286,0.013937282229965157,1,0
17516,764.88,5,414,2011-11-24 16:51:00,2011-02-27 12:41:00,113,15,5,764.88,152.976,270,0.01845018450184502,1,1
17517,153.94,1,102,2011-02-04 11:48:00,2011-02-04 11:48:00,11,309,1,153.94,153.94,0,1.0,0,0
17519,1844.02,6,1236,2011-11-22 16:43:00,2010-12-06 15:18:00,60,17,6,1844.02,307.33666666666664,351,0.017045454545454544,1,1
17520,546.81,1,365,2011-10-17 12:04:00,2011-10-17 12:04:00,30,54,1,546.81,546.81,0,1.0,0,0
17521,723.2099999999999,3,519,2011-11-10 11:22:00,2011-05-24 15:14:00,38,30,3,723.2099999999999,241.06999999999996,169,0.01764705882352941,0,0
17522,1070.71,5,1034,2011-12-08 12:31:00,2011-05-05 16:31:00,59,2,5,1070.71,214.142,216,0.02304147465437788,1,1
17523,652.74,4,872,2011-11-28 13:20:00,2011-11-20 13:40:00,25,11,4,652.74,163.185,7,0.5,1,1
17524,145.0,1,90,2010-12-13 14:32:00,2010-12-13 14:32:00,6,361,1,145.0,145.0,0,1.0,0,0
17525,422.70000000000005,1,82,2010-12-15 12:05:00,2010-12-15 12:05:00,9,360,1,422.70000000000005,422.70000000000005,0,1.0,0,0
17526,1195.8999999999999,4,310,2011-12-05 11:05:00,2010-12-09 12:20:00,17,5,4,1195.8999999999999,298.97499999999997,360,0.0110803324099723,1,1
17527,939.37,4,488,2011-10-17 12:32:00,2011-05-05 13:43:00,45,54,4,939.37,234.8425,164,0.024242424242424242,0,0
17528,3628.5,8,2138,2011-12-08 13:27:00,2011-09-29 13:04:00,183,1,8,3628.5,453.5625,70,0.11267605633802817,1,1
17530,2367.12,10,1514,2011-12-08 18:42:00,2010-12-09 20:01:00,306,1,10,2367.12,236.712,363,0.027472527472527472,1,1
17531,296.7,1,136,2011-06-02 19:17:00,2011-06-02 19:17:00,14,190,1,296.7,296.7,0,1.0,0,0
17534,223.36,1,103,2011-10-17 12:47:00,2011-10-17 12:47:00,9,54,1,223.36,223.36,0,1.0,0,0
17535,164.4,1,136,2011-03-04 15:20:00,2011-03-04 15:20:00,13,280,1,164.4,164.4,0,1.0,0,0
17536,76.5,1,6,2011-06-15 13:23:00,2011-06-15 13:23:00,3,177,1,76.5,76.5,0,1.0,0,0
17537,887.67,2,699,2011-11-10 10:56:00,2011-02-09 13:37:00,74,30,2,887.67,443.835,273,0.0072992700729927005,0,0
17538,98.42,1,134,2011-11-14 12:12:00,2011-11-14 12:12:00,9,26,1,98.42,98.42,0,1.0,0,0
17540,578.9,2,194,2011-11-15 11:56:00,2011-01-27 14:35:00,20,25,2,578.9,289.45,291,0.00684931506849315,0,0
17542,170.75,1,134,2011-03-15 11:45:00,2011-03-15 11:45:00,24,270,1,170.75,170.75,0,1.0,0,0
17545,642.32,3,337,2011-10-27 14:04:00,2011-10-27 13:48:00,122,43,3,642.32,214.10666666666668,0,3.0,0,0
17548,103.3,1,58,2011-04-20 12:01:00,2011-04-20 12:01:00,5,234,1,103.3,103.3,0,1.0,0,0
17549,148.86,2,210,2011-11-16 09:59:00,2011-10-19 10:05:00,5,24,2,148.86,74.43,27,0.07142857142857142,0,0
17550,267.16,3,86,2011-05-26 14:09:00,2011-04-10 15:19:00,42,197,3,267.16,89.05333333333334,45,0.06521739130434782,0,0
17551,290.34,1,142,2010-12-15 14:12:00,2010-12-15 14:12:00,39,359,1,290.34,290.34,0,1.0,0,0
17552,930.41,4,719,2011-10-10 17:00:00,2010-12-02 18:45:00,43,60,4,930.41,232.6025,311,0.01282051282051282,0,0
17553,1487.6,1,1048,2011-08-02 10:00:00,2011-08-02 10:00:00,2,130,1,1487.6,1487.6,0,1.0,0,0
17554,1952.45,5,1763,2011-12-08 14:15:00,2011-07-14 20:01:00,58,1,5,1952.45,390.49,146,0.034013605442176874,1,1
17555,480.31,2,348,2011-11-20 12:22:00,2011-01-09 12:31:00,101,20,2,480.31,240.155,314,0.006349206349206349,0,0
17556,157.9,1,101,2011-05-18 10:48:00,2011-05-18 10:48:00,6,206,1,157.9,157.9,0,1.0,0,0
17557,541.46,3,306,2011-11-25 12:57:00,2011-09-19 14:23:00,27,14,3,541.46,180.48666666666668,66,0.04477611940298507,1,1
17560,854.95,4,635,2011-09-06 09:18:00,2011-02-02 11:14:00,22,95,4,854.95,213.7375,215,0.018518518518518517,0,0
17561,165.12,1,144,2011-11-20 12:53:00,2011-11-20 12:53:00,44,19,1,165.12,165.12,0,1.0,0,0
17562,1122.38,7,817,2011-11-25 14:21:00,2011-06-19 13:06:00,48,14,7,1122.38,160.34,159,0.04375,1,1
17564,454.01,3,146,2011-11-15 13:27:00,2011-09-20 14:00:00,38,24,3,454.01,151.33666666666667,55,0.05357142857142857,0,0
17566,869.77,2,497,2011-12-01 19:54:00,2011-11-14 13:42:00,113,8,2,869.77,434.885,17,0.1111111111111111,1,1
17567,4331.48,8,2632,2011-12-02 15:48:00,2010-12-02 15:18:00,110,7,8,4331.48,541.435,365,0.02185792349726776,1,1
17569,344.14,1,159,2011-01-11 14:15:00,2011-01-11 14:15:00,29,332,1,344.14,344.14,0,1.0,0,0
17571,1425.67,4,876,2011-10-20 15:57:00,2011-02-14 15:15:00,247,50,4,1425.67,356.4175,248,0.01606425702811245,1,0
17572,226.75000000000003,4,95,2011-09-29 17:53:00,2010-12-01 12:51:00,7,71,4,226.75000000000003,56.68750000000001,302,0.013201320132013201,0,0
17573,380.6,3,308,2011-11-10 13:01:00,2011-09-07 10:36:00,24,29,3,380.6,126.86666666666667,64,0.046153846153846156,0,0
17574,185.65,1,77,2011-04-11 09:47:00,2011-04-11 09:47:00,8,243,1,185.65,185.65,0,1.0,0,0
17576,3564.83,19,1967,2011-12-01 17:56:00,2010-12-09 16:57:00,245,8,19,3564.83,187.62263157894736,357,0.05307262569832402,1,1
17578,143.45999999999998,1,138,2011-05-05 18:38:00,2011-05-05 18:38:00,5,218,1,143.45999999999998,143.45999999999998,0,1.0,0,0
17579,448.90000000000003,3,258,2011-12-05 12:28:00,2011-06-13 14:12:00,46,5,3,448.90000000000003,149.63333333333335,174,0.017142857142857144,1,1
17580,215.72,3,88,2011-04-01 12:41:00,2010-12-16 15:27:00,43,253,3,215.72,71.90666666666667,105,0.02830188679245283,0,0
17581,11025.24,25,5915,2011-12-09 12:21:00,2010-12-02 14:47:00,229,1,25,11025.24,441.0096,371,0.06720430107526881,1,1
17582,175.27,1,123,2011-04-17 13:18:00,2011-04-17 13:18:00,28,236,1,175.27,175.27,0,1.0,0,0
17584,1242.3,2,458,2011-12-02 17:12:00,2011-08-04 14:12:00,30,7,2,1242.3,621.15,120,0.01652892561983471,1,1
17585,1116.68,4,1650,2011-08-22 13:30:00,2011-01-05 15:09:00,176,109,4,1116.68,279.17,228,0.017467248908296942,0,0
17588,1240.2,3,676,2011-08-31 13:37:00,2011-04-21 10:31:00,19,100,3,1240.2,413.40000000000003,132,0.022556390977443608,0,0
17589,2404.17,4,1631,2011-10-10 16:58:00,2011-04-13 13:47:00,172,60,4,2404.17,601.0425,180,0.022099447513812154,1,0
17590,1468.02,3,822,2011-12-07 12:55:00,2011-10-30 14:05:00,162,2,3,1468.02,489.34,37,0.07894736842105263,1,1
17591,2203.67,7,1000,2011-09-27 13:42:00,2010-12-07 15:39:00,81,73,7,2203.67,314.81,293,0.023809523809523808,1,0
17593,3923.86,5,3089,2011-12-06 10:30:00,2010-12-22 10:29:00,190,4,5,3923.86,784.772,349,0.014285714285714285,1,1
17594,993.18,2,550,2011-09-15 16:34:00,2011-03-30 10:32:00,42,85,2,993.18,496.59,169,0.011764705882352941,0,0
17595,386.69,2,228,2011-11-27 16:08:00,2011-11-02 16:19:00,68,12,2,386.69,193.345,24,0.08,0,0
17596,2806.69,7,4376,2011-11-16 14:11:00,2010-12-06 12:34:00,168,23,7,2806.69,400.9557142857143,345,0.02023121387283237,1,1
17597,2044.3700000000001,1,1176,2011-05-10 11:54:00,2011-05-10 11:54:00,55,214,1,2044.3700000000001,2044.3700000000001,0,1.0,0,0
17600,161.67000000000002,1,144,2011-11-22 09:43:00,2011-11-22 09:43:00,13,18,1,161.67000000000002,161.67000000000002,0,1.0,0,0
17601,116.00999999999999,1,103,2011-04-14 18:02:00,2011-04-14 18:02:00,9,239,1,116.00999999999999,116.00999999999999,0,1.0,0,0
17602,5054.42,6,4116,2011-12-07 13:53:00,2011-01-19 16:18:00,335,2,6,5054.42,842.4033333333333,321,0.018633540372670808,1,1
17603,394.72,1,74,2011-09-22 14:18:00,2011-09-22 14:18:00,11,78,1,394.72,394.72,0,1.0,0,0
17604,309.36,2,169,2011-05-06 13:43:00,2011-01-31 15:09:00,57,217,2,309.36,154.68,94,0.021052631578947368,0,0
17608,191.99,2,229,2011-11-06 13:06:00,2011-11-06 13:00:00,54,33,2,191.99,95.995,0,2.0,0,0
17609,1105.78,5,719,2011-10-30 12:28:00,2011-01-16 16:23:00,199,41,5,1105.78,221.156,286,0.017421602787456445,1,0
17611,3961.12,15,2550,2011-12-02 13:29:00,2010-12-13 13:52:00,440,7,15,3961.12,264.07466666666664,353,0.0423728813559322,1,1
17612,2048.45,6,1808,2011-10-17 14:59:00,2011-02-15 10:40:00,116,53,6,2048.45,341.4083333333333,244,0.024489795918367346,1,0
17613,4544.55,14,2490,2011-11-17 10:51:00,2011-02-07 11:20:00,211,23,14,4544.55,324.6107142857143,282,0.04946996466431095,1,1
17614,386.32,1,235,2011-10-13 16:01:00,2011-10-13 16:01:00,97,57,1,386.32,386.32,0,1.0,0,0
17615,329.6,3,140,2011-08-01 14:06:00,2011-05-01 15:33:00,13,130,3,329.6,109.86666666666667,91,0.03260869565217391,0,0
17616,571.1999999999999,3,224,2011-06-19 10:11:00,2010-12-07 10:04:00,1,174,3,571.1999999999999,190.39999999999998,194,0.015384615384615385,0,0
17618,930.28,3,319,2011-12-04 11:50:00,2010-12-12 16:05:00,56,6,3,930.28,310.0933333333333,356,0.008403361344537815,1,1
17619,214.37,1,124,2011-01-31 14:18:00,2011-01-31 14:18:00,71,312,1,214.37,214.37,0,1.0,0,0
17620,81.44,1,60,2011-10-11 12:08:00,2011-10-11 12:08:00,4,60,1,81.44,81.44,0,1.0,0,0
17621,1379.9,3,514,2011-11-18 17:11:00,2010-12-20 13:31:00,24,21,3,1379.9,459.9666666666667,333,0.008982035928143712,1,0
17623,527.0500000000001,1,265,2011-11-07 11:32:00,2011-11-07 11:32:00,33,33,1,527.0500000000001,527.0500000000001,0,1.0,0,0
17624,843.48,2,554,2011-11-25 10:52:00,2011-05-05 17:59:00,49,15,2,843.48,421.74,203,0.00980392156862745,0,0
17625,2020.4,4,1180,2011-11-21 13:36:00,2011-03-27 12:21:00,223,18,4,2020.4,505.1,239,0.016666666666666666,1,0
17628,75.75,1,79,2011-09-19 15:21:00,2011-09-19 15:21:00,5,81,1,75.75,75.75,0,1.0,0,0
17629,1814.12,8,1629,2011-12-04 10:56:00,2010-12-15 09:58:00,106,6,8,1814.12,226.765,354,0.022535211267605635,1,1
17630,503.59999999999997,2,158,2011-06-23 11:58:00,2011-04-21 14:03:00,24,170,2,503.59999999999997,251.79999999999998,62,0.031746031746031744,0,0
17631,528.33,3,334,2011-12-08 09:47:00,2011-04-21 13:22:00,39,2,3,528.33,176.11,230,0.012987012987012988,1,1
17633,1324.84,4,644,2011-11-08 13:25:00,2011-08-11 15:43:00,59,31,4,1324.84,331.21,88,0.0449438202247191,1,0
17634,2358.59,9,838,2011-11-03 13:09:00,2011-01-06 12:45:00,209,36,9,2358.59,262.0655555555556,301,0.029801324503311258,1,0
17636,285.56,1,182,2011-11-20 14:40:00,2011-11-20 14:40:00,20,19,1,285.56,285.56,0,1.0,0,0
17637,547.0600000000001,2,280,2011-11-08 12:51:00,2011-08-16 13:25:00,35,31,2,547.0600000000001,273.53000000000003,83,0.023809523809523808,0,0
17639,108.5,1,49,2011-03-08 15:22:00,2011-03-08 15:22:00,7,276,1,108.5,108.5,0,1.0,0,0
17640,621.66,1,250,2011-09-14 09:13:00,2011-09-14 09:13:00,5,87,1,621.66,621.66,0,1.0,0,0
17642,712.29,2,474,2011-08-12 09:11:00,2011-06-16 12:55:00,34,120,2,712.29,356.145,56,0.03508771929824561,0,0
17643,101.55,1,71,2010-12-01 14:38:00,2010-12-01 14:38:00,8,373,1,101.55,101.55,0,1.0,0,0
17644,2895.64,11,1793,2011-12-08 13:43:00,2011-03-24 09:44:00,102,1,11,2895.64,263.24,259,0.04230769230769231,1,1
17646,1008.39,3,323,2011-05-04 13:17:00,2010-12-09 14:28:00,46,219,3,1008.39,336.13,145,0.02054794520547945,0,0
17647,133.06,1,30,2011-10-05 15:38:00,2011-10-05 15:38:00,7,65,1,133.06,133.06,0,1.0,0,0
17648,1797.5,4,487,2011-10-10 09:41:00,2011-04-04 10:29:00,81,61,4,1797.5,449.375,188,0.021164021164021163,1,0
17649,868.49,1,399,2011-07-24 15:53:00,2011-07-24 15:53:00,52,138,1,868.49,868.49,0,1.0,0,0
17650,166.08,1,150,2011-11-18 14:52:00,2011-11-18 14:52:00,8,21,1,166.08,166.08,0,1.0,0,0
17651,3945.0,10,3112,2011-11-28 10:29:00,2011-06-15 15:57:00,149,12,10,3945.0,394.5,165,0.060240963855421686,1,1
17652,4867.72,12,2509,2011-11-14 12:55:00,2011-03-03 14:05:00,118,25,12,4867.72,405.6433333333334,255,0.046875,1,1
17653,1207.56,4,1409,2011-11-03 12:46:00,2011-08-11 15:24:00,44,37,4,1207.56,301.89,83,0.047619047619047616,1,0
17654,117.55,1,41,2011-03-07 13:17:00,2011-03-07 13:17:00,22,277,1,117.55,117.55,0,1.0,0,0
17655,2638.94,7,1116,2011-11-29 11:34:00,2010-12-08 16:45:00,66,11,7,2638.94,376.99142857142857,355,0.019662921348314606,1,1
17656,1674.69,5,1399,2011-09-27 13:04:00,2011-08-03 10:45:00,67,73,5,1674.69,334.938,55,0.08928571428571429,1,0
17658,595.42,2,616,2011-11-14 12:07:00,2011-05-12 15:23:00,17,26,2,595.42,297.71,185,0.010752688172043012,0,0
17659,2999.46,12,1525,2011-11-22 13:29:00,2010-12-02 16:46:00,127,17,12,2999.46,249.955,354,0.03380281690140845,1,1
17660,178.75,1,121,2011-07-21 13:37:00,2011-07-21 13:37:00,37,141,1,178.75,178.75,0,1.0,0,0
17663,1802.91,7,797,2011-11-14 08:56:00,2011-02-25 14:11:00,63,26,7,1802.91,257.55857142857144,261,0.026717557251908396,1,1
17664,604.64,2,604,2011-11-21 11:29:00,2011-05-11 14:17:00,41,19,2,604.64,302.32,193,0.010309278350515464,0,0
17666,728.16,2,596,2011-12-06 09:06:00,2011-10-05 11:06:00,14,4,2,728.16,364.08,61,0.03225806451612903,1,1
17667,2055.51,5,1033,2011-10-04 14:32:00,2011-02-14 09:24:00,85,66,5,2055.51,411.10200000000003,232,0.02145922746781116,1,0
17668,347.75,2,93,2011-12-08 13:25:00,2011-11-01 14:45:00,14,1,2,347.75,173.875,36,0.05405405405405406,1,1
17669,3406.7200000000003,7,1916,2011-10-28 08:53:00,2011-04-04 10:11:00,45,43,7,3406.7200000000003,486.67428571428576,206,0.033816425120772944,1,0
17670,205.7,1,110,2011-04-26 09:12:00,2011-04-26 09:12:00,11,228,1,205.7,205.7,0,1.0,0,0
17671,1572.71,4,772,2011-11-24 12:21:00,2010-12-09 14:27:00,40,16,4,1572.71,393.1775,349,0.011428571428571429,1,1
17672,3178.17,2,1690,2011-10-20 14:18:00,2011-02-03 13:29:00,105,50,2,3178.17,1589.085,259,0.007692307692307693,1,0
17673,1594.97,6,1462,2011-12-08 12:50:00,2011-01-23 15:16:00,118,2,6,1594.97,265.8283333333333,318,0.018808777429467086,1,1
17674,551.04,2,672,2011-09-26 13:35:00,2010-12-06 10:20:00,19,74,2,551.04,275.52,294,0.006779661016949152,0,0
17675,20374.28,31,8360,2011-12-08 18:03:00,2010-12-07 13:22:00,239,1,31,20374.28,657.2348387096774,366,0.08446866485013624,1,1
17676,1371.18,6,922,2011-12-05 15:16:00,2010-12-08 13:49:00,49,4,6,1371.18,228.53,362,0.01652892561983471,1,1
17677,16345.38,30,9772,2011-12-08 09:56:00,2010-12-06 08:42:00,178,2,30,16345.38,544.846,367,0.08152173913043478,1,1
17678,298.11,1,207,2011-03-21 11:52:00,2011-03-21 11:52:00,16,264,1,298.11,298.11,0,1.0,0,0
17679,1992.1100000000001,2,729,2011-10-18 07:43:00,2011-09-15 10:35:00,29,53,2,1992.1100000000001,996.0550000000001,32,0.06060606060606061,0,0
17680,184.4,1,96,2011-11-16 12:42:00,2011-11-16 12:42:00,11,24,1,184.4,184.4,0,1.0,0,0
17682,2474.33,6,1367,2011-11-29 15:59:00,2010-12-06 13:35:00,48,10,6,2474.33,412.3883333333333,358,0.016713091922005572,1,1
17684,239.41,1,145,2011-10-27 11:10:00,2011-10-27 11:10:00,15,44,1,239.41,239.41,0,1.0,0,0
17685,3155.83,7,1907,2011-11-23 11:36:00,2010-12-02 14:42:00,88,17,7,3155.83,450.8328571428571,355,0.019662921348314606,1,1
17686,5739.46,7,2478,2011-12-02 15:39:00,2011-02-10 10:18:00,205,7,7,5739.46,819.9228571428572,295,0.02364864864864865,1,1
17690,4726.8,15,1769,2011-11-09 15:17:00,2010-12-01 16:15:00,186,30,15,4726.8,315.12,342,0.043731778425655975,1,1
17691,290.40000000000003,2,134,2010-12-16 17:20:00,2010-12-06 11:10:00,18,358,2,290.40000000000003,145.20000000000002,10,0.18181818181818182,0,0
17692,740.9399999999999,4,672,2011-08-04 14:01:00,2010-12-15 13:37:00,34,127,4,740.9399999999999,185.23499999999999,232,0.017167381974248927,0,0
17693,200.47,1,231,2011-07-25 15:48:00,2011-07-25 15:48:00,16,137,1,200.47,200.47,0,1.0,0,0
17694,283.12,1,184,2011-07-21 12:00:00,2011-07-21 12:00:00,15,142,1,283.12,283.12,0,1.0,0,0
17695,765.34,2,779,2011-07-31 10:40:00,2011-06-21 12:35:00,30,132,2,765.34,382.67,39,0.05,0,0
17696,2285.71,8,1756,2011-11-01 13:43:00,2010-12-10 09:51:00,78,38,8,2285.71,285.71375,326,0.024464831804281346,1,0
17697,338.95,1,93,2011-04-17 15:40:00,2011-04-17 15:40:00,19,236,1,338.95,338.95,0,1.0,0,0
17698,154.95,1,93,2011-03-24 11:34:00,2011-03-24 11:34:00,8,261,1,154.95,154.95,0,1.0,0,0
17700,2534.64,4,1266,2011-11-23 11:51:00,2011-03-03 16:34:00,116,17,4,2534.64,633.66,264,0.01509433962264151,1,0
17701,417.95,1,109,2011-04-01 12:25:00,2011-04-01 12:25:00,24,253,1,417.95,417.95,0,1.0,0,0
17702,1824.37,4,1353,2011-11-09 16:03:00,2011-05-17 16:23:00,58,30,4,1824.37,456.0925,175,0.022727272727272728,1,0
17703,798.74,3,590,2011-11-04 15:51:00,2011-07-24 13:30:00,47,35,3,798.74,266.24666666666667,103,0.028846153846153848,0,0
17704,885.19,2,343,2011-06-24 09:40:00,2011-04-14 09:28:00,27,169,2,885.19,442.595,71,0.027777777777777776,0,0
17705,1823.52,9,963,2011-12-06 13:45:00,2011-02-11 10:57:00,63,3,9,1823.52,202.61333333333334,298,0.030100334448160536,1,1
17706,10504.49,17,3899,2011-12-05 13:34:00,2010-12-08 11:02:00,270,4,17,10504.49,617.9111764705882,362,0.046831955922865015,1,1
17707,152.4,2,144,2011-06-07 15:03:00,2011-01-07 13:30:00,3,185,2,152.4,76.2,151,0.013157894736842105,0,0
17708,263.33,2,90,2011-06-05 10:12:00,2011-01-19 10:09:00,28,188,2,263.33,131.665,137,0.014492753623188406,0,0
17709,137.45,1,17,2011-06-23 11:55:00,2011-06-23 11:55:00,7,170,1,137.45,137.45,0,1.0,0,0
17711,385.1,2,246,2011-11-29 11:40:00,2011-02-23 11:32:00,22,11,2,385.1,192.55,279,0.007142857142857143,0,0
17712,522.91,1,215,2011-10-26 12:28:00,2011-10-26 12:28:00,29,45,1,522.91,522.91,0,1.0,0,0
17714,153.0,1,92,2011-01-23 10:32:00,2011-01-23 10:32:00,10,321,1,153.0,153.0,0,1.0,0,0
17715,326.4,1,384,2011-05-23 12:32:00,2011-05-23 12:32:00,1,201,1,326.4,326.4,0,1.0,0,0
17716,5655.99,11,3072,2011-11-17 12:00:00,2011-03-17 10:38:00,171,23,11,5655.99,514.180909090909,245,0.044715447154471545,1,1
17718,139.35,1,83,2011-04-21 13:39:00,2011-04-21 13:39:00,6,232,1,139.35,139.35,0,1.0,0,0
17719,5396.04,15,2466,2011-11-02 10:36:00,2011-03-29 11:29:00,111,38,15,5396.04,359.736,217,0.06880733944954129,1,1
17720,1195.94,4,576,2011-11-13 15:04:00,2010-12-07 10:43:00,39,26,4,1195.94,298.985,341,0.011695906432748537,1,0
17722,2424.04,4,1595,2011-09-04 15:22:00,2010-12-08 12:41:00,111,96,4,2424.04,606.01,270,0.014760147601476014,1,0
17723,3276.4000000000005,6,792,2011-08-04 18:37:00,2011-05-09 14:44:00,4,127,6,3276.4000000000005,546.0666666666667,87,0.06818181818181818,1,0
17724,1033.0,3,300,2011-09-29 15:26:00,2011-07-24 13:26:00,38,71,3,1033.0,344.3333333333333,67,0.04411764705882353,0,0
17725,3439.08,11,2162,2011-11-23 16:34:00,2011-03-17 19:47:00,115,16,11,3439.08,312.64363636363635,250,0.043824701195219126,1,1
17727,1060.25,1,645,2011-11-24 17:06:00,2011-11-24 17:06:00,66,15,1,1060.25,1060.25,0,1.0,0,0
17728,2876.01,3,1469,2011-12-06 08:52:00,2011-09-14 11:39:00,153,4,3,2876.01,958.6700000000001,82,0.03614457831325301,1,1
17730,5298.4800000000005,13,3576,2011-12-06 15:43:00,2011-01-17 14:49:00,127,3,13,5298.4800000000005,407.5753846153847,323,0.040123456790123455,1,1
17731,1240.11,4,493,2011-09-21 15:02:00,2011-06-09 14:18:00,54,79,4,1240.11,310.0275,104,0.0380952380952381,0,0
17732,303.97,1,93,2010-12-02 09:29:00,2010-12-02 09:29:00,18,373,1,303.97,303.97,0,1.0,0,0
17733,692.19,2,463,2011-11-01 08:16:00,2011-03-23 09:54:00,33,39,2,692.19,346.095,222,0.008968609865470852,0,0
17734,700.63,3,422,2011-10-17 12:33:00,2011-04-20 10:04:00,40,54,3,700.63,233.54333333333332,180,0.016574585635359115,0,0
17735,13110.02,19,8439,2011-12-07 16:47:00,2010-12-07 10:32:00,319,2,19,13110.02,690.001052631579,365,0.05191256830601093,1,1
17736,377.44,3,238,2011-11-30 15:36:00,2011-08-18 14:33:00,24,9,3,377.44,125.81333333333333,104,0.02857142857142857,1,1
17737,168.24,2,108,2011-11-30 15:16:00,2011-10-12 14:42:00,8,9,2,168.24,84.12,49,0.04,0,0
17738,1879.05,4,1029,2011-11-20 15:05:00,2011-03-02 16:26:00,89,19,4,1879.05,469.7625,262,0.015209125475285171,1,0
17739,2791.35,7,861,2011-11-28 09:12:00,2010-12-14 14:26:00,29,12,7,2791.35,398.7642857142857,348,0.02005730659025788,1,1
17742,355.11,2,89,2011-08-18 15:28:00,2011-01-11 10:04:00,13,113,2,355.11,177.555,219,0.00909090909090909,0,0
17744,2322.4,6,3412,2011-12-06 12:11:00,2010-12-16 14:17:00,110,4,6,2322.4,387.06666666666666,354,0.016901408450704224,1,1
17746,110.25,1,29,2011-04-13 14:31:00,2011-04-13 14:31:00,6,240,1,110.25,110.25,0,1.0,0,0
17747,71.4,1,12,2011-08-19 08:13:00,2011-08-19 08:13:00,1,113,1,71.4,71.4,0,1.0,0,0
17749,674.52,2,320,2011-06-14 15:45:00,2011-03-28 13:39:00,33,178,2,674.52,337.26,78,0.02531645569620253,0,0
17750,1710.45,9,3747,2011-12-04 14:09:00,2011-06-28 15:44:00,101,5,9,1710.45,190.05,158,0.05660377358490566,1,1
17752,80.64,1,192,2010-12-15 16:19:00,2010-12-15 16:19:00,1,359,1,80.64,80.64,0,1.0,0,0
17754,1664.65,5,1816,2011-12-09 11:20:00,2011-03-24 13:54:00,82,1,5,1664.65,332.93,259,0.019230769230769232,1,1
17757,5593.39,30,3318,2011-12-08 15:31:00,2010-12-02 17:17:00,275,1,30,5593.39,186.44633333333334,370,0.08086253369272237,1,1
17758,3408.2000000000003,8,2054,2011-11-20 14:45:00,2011-04-03 15:22:00,310,19,8,3408.2000000000003,426.02500000000003,230,0.03463203463203463,1,1
17759,819.96,3,697,2011-11-22 16:02:00,2011-06-23 13:35:00,82,17,3,819.96,273.32,152,0.0196078431372549,1,0
17760,287.59,2,239,2011-11-18 10:56:00,2010-12-01 15:08:00,25,22,2,287.59,143.795,351,0.005681818181818182,0,0
17761,712.78,1,398,2011-11-07 10:23:00,2011-11-07 10:23:00,19,33,1,712.78,712.78,0,1.0,0,0
17763,15.0,1,12,2011-03-21 14:25:00,2011-03-21 14:25:00,1,263,1,15.0,15.0,0,1.0,0,0
17764,772.55,2,351,2011-10-20 11:03:00,2011-05-12 16:11:00,71,51,2,772.55,386.275,160,0.012422360248447204,0,0
17765,367.63,3,143,2011-07-04 12:41:00,2011-03-28 11:58:00,51,159,3,367.63,122.54333333333334,98,0.030303030303030304,0,0
17767,271.2,1,128,2011-11-24 14:42:00,2011-11-24 14:42:00,21,15,1,271.2,271.2,0,1.0,0,0
17768,2081.9,3,1122,2011-12-01 13:22:00,2011-06-26 13:46:00,77,8,3,2081.9,693.9666666666667,157,0.0189873417721519,1,1
17769,3957.43,10,1850,2011-11-27 11:18:00,2011-01-23 11:15:00,200,13,10,3957.43,395.743,308,0.032362459546925564,1,1
17770,1143.27,5,365,2011-05-25 12:34:00,2011-03-02 13:35:00,33,199,5,1143.27,228.654,83,0.05952380952380952,0,0
17771,245.81,2,287,2011-10-14 11:43:00,2011-01-20 14:13:00,51,57,2,245.81,122.905,266,0.00749063670411985,0,0
17772,173.45,2,55,2011-11-29 11:05:00,2011-11-29 10:57:00,50,11,2,173.45,86.725,0,2.0,0,0
17774,1213.73,4,508,2011-09-04 12:49:00,2011-02-07 13:13:00,123,97,4,1213.73,303.4325,208,0.019138755980861243,0,0
17775,56.4,1,72,2011-03-30 10:50:00,2011-03-30 10:50:00,3,255,1,56.4,56.4,0,1.0,0,0
17777,647.56,3,501,2011-11-15 12:02:00,2011-08-31 14:35:00,141,25,3,647.56,215.85333333333332,75,0.039473684210526314,0,0
17779,650.32,3,396,2011-11-18 14:15:00,2011-07-19 12:19:00,73,21,3,650.32,216.77333333333334,122,0.024390243902439025,0,0
17781,188.02,2,34,2011-07-03 16:00:00,2011-03-31 19:54:00,12,159,2,188.02,94.01,93,0.02127659574468085,0,0
17783,283.47,2,354,2011-09-28 16:07:00,2011-04-06 10:07:00,67,72,2,283.47,141.735,175,0.011363636363636364,0,0
17785,131.94,1,67,2011-10-17 13:43:00,2011-10-17 13:43:00,13,53,1,131.94,131.94,0,1.0,0,0
17786,266.85,2,195,2011-09-15 12:51:00,2011-01-26 14:35:00,57,85,2,266.85,133.425,231,0.008620689655172414,0,0
17787,1817.54,4,896,2011-07-10 11:24:00,2010-12-03 13:43:00,94,153,4,1817.54,454.385,218,0.0182648401826484,0,0
17788,1117.9,2,211,2011-09-27 10:09:00,2011-08-02 10:38:00,3,74,2,1117.9,558.95,55,0.03571428571428571,0,0
17789,225.9,1,74,2011-03-03 13:14:00,2011-03-03 13:14:00,14,281,1,225.9,225.9,0,1.0,0,0
17790,1964.3,14,835,2011-11-13 11:30:00,2010-12-10 10:47:00,121,27,14,1964.3,140.30714285714285,338,0.04129793510324484,1,1
17791,106.1,1,46,2011-11-10 12:09:00,2011-11-10 12:09:00,10,30,1,106.1,106.1,0,1.0,0,0
17793,300.34,1,226,2011-11-14 14:24:00,2011-11-14 14:24:00,49,25,1,300.34,300.34,0,1.0,0,0
17795,342.83,2,305,2011-06-13 12:36:00,2011-03-20 12:02:00,43,180,2,342.83,171.415,85,0.023255813953488372,0,0
17796,690.0,4,176,2011-10-30 15:38:00,2010-12-05 12:23:00,63,40,4,690.0,172.5,329,0.012121212121212121,0,0
17797,780.43,3,498,2011-11-17 13:21:00,2011-06-10 11:29:00,102,22,3,780.43,260.1433333333333,160,0.018633540372670808,1,0
17799,3039.17,10,1753,2011-11-17 15:16:00,2010-12-13 13:10:00,280,22,10,3039.17,303.91700000000003,339,0.029411764705882353,1,1
17800,1187.21,9,732,2011-11-02 12:57:00,2011-01-09 13:50:00,51,37,9,1187.21,131.91222222222223,296,0.030303030303030304,1,0
17802,1285.04,3,752,2011-09-18 14:56:00,2010-12-02 13:44:00,102,82,3,1285.04,428.34666666666664,290,0.010309278350515464,0,0
17805,512.31,1,478,2011-09-27 11:49:00,2011-09-27 11:49:00,10,74,1,512.31,512.31,0,1.0,0,0
17806,546.04,1,727,2011-11-28 14:12:00,2011-11-28 14:12:00,43,11,1,546.04,546.04,0,1.0,0,0
17809,5411.91,12,2057,2011-11-23 12:59:00,2010-12-01 09:41:00,46,16,12,5411.91,450.9925,357,0.0335195530726257,1,1
17811,7761.82,39,4146,2011-12-05 13:46:00,2011-01-10 10:58:00,359,4,39,7761.82,199.02102564102563,329,0.11818181818181818,1,1
17812,699.81,4,329,2011-11-27 11:47:00,2010-12-06 15:27:00,113,13,4,699.81,174.9525,355,0.011235955056179775,1,1
17813,1698.07,5,752,2011-11-25 16:13:00,2011-09-29 15:57:00,297,14,5,1698.07,339.614,57,0.08620689655172414,1,1
17816,36.56,4,30,2011-11-03 11:34:00,2010-12-09 14:10:00,16,37,4,36.56,9.14,328,0.0121580547112462,0,0
17817,387.68,3,67,2011-12-05 14:39:00,2011-03-07 17:30:00,32,4,3,387.68,129.22666666666666,272,0.01098901098901099,1,1
17819,3704.87,7,1031,2011-09-29 10:52:00,2010-12-03 14:26:00,36,72,7,3704.87,529.2671428571429,299,0.023333333333333334,1,0
17824,298.4,1,408,2011-10-19 14:14:00,2011-10-19 14:14:00,13,51,1,298.4,298.4,0,1.0,0,0
17827,1987.33,5,1240,2011-12-04 15:00:00,2010-12-10 10:18:00,190,5,5,1987.33,397.466,359,0.013888888888888888,1,1
17828,1820.09,4,667,2011-11-17 08:41:00,2011-06-08 08:31:00,54,23,4,1820.09,455.0225,162,0.024539877300613498,1,1
17829,889.24,1,496,2011-02-14 12:46:00,2011-02-14 12:46:00,30,299,1,889.24,889.24,0,1.0,0,0
17830,398.7,3,92,2011-12-08 12:28:00,2011-02-24 10:15:00,18,2,3,398.7,132.9,287,0.010416666666666666,1,1
17831,35.400000000000006,1,12,2011-11-06 15:09:00,2011-11-06 15:09:00,2,33,1,35.400000000000006,35.400000000000006,0,1.0,0,0
17832,155.37,1,208,2011-10-21 11:43:00,2011-10-21 11:43:00,61,50,1,155.37,155.37,0,1.0,0,0
17835,342.24,3,344,2011-12-07 11:48:00,2011-11-16 16:30:00,45,3,3,342.24,114.08,20,0.14285714285714285,1,1
17836,110.21000000000001,1,88,2011-10-23 16:13:00,2011-10-23 16:13:00,23,47,1,110.21000000000001,110.21000000000001,0,1.0,0,0
17837,1541.23,8,510,2011-10-28 16:13:00,2011-06-29 16:44:00,110,42,8,1541.23,192.65375,120,0.06611570247933884,1,0
17838,2720.8,5,1831,2011-11-13 11:20:00,2010-12-02 15:55:00,96,27,5,2720.8,544.1600000000001,345,0.014450867052023121,1,0
17839,318.15,1,257,2011-10-28 17:27:00,2011-10-28 17:27:00,50,42,1,318.15,318.15,0,1.0,0,0
17841,40519.84,124,22834,2011-12-08 12:07:00,2010-12-01 14:41:00,1323,2,124,40519.84,326.77290322580643,371,0.3333333333333333,1,1
17843,205.48,1,113,2011-02-09 15:33:00,2011-02-09 15:33:00,36,303,1,205.48,205.48,0,1.0,0,0
17844,51.559999999999995,1,52,2011-08-25 11:27:00,2011-08-25 11:27:00,5,107,1,51.559999999999995,51.559999999999995,0,1.0,0,0
17846,2033.1,1,1,2011-09-15 15:20:00,2011-09-15 15:20:00,1,85,1,2033.1,2033.1,0,1.0,0,0
17848,901.1999999999999,9,398,2011-09-19 16:49:00,2010-12-16 18:38:00,41,81,9,901.1999999999999,100.13333333333333,276,0.032490974729241874,1,0
17849,605.8000000000001,4,114,2011-05-05 13:46:00,2011-01-10 11:59:00,14,218,4,605.8000000000001,151.45000000000002,115,0.034482758620689655,0,0
17850,5391.21,34,1733,2010-12-02 15:27:00,2010-12-01 08:26:00,21,372,34,5391.21,158.565,1,17.0,1,0
17852,114.34,2,53,2011-11-28 12:36:00,2011-11-28 12:31:00,21,12,2,114.34,57.17,0,2.0,0,0
17854,311.26,2,84,2011-06-07 16:21:00,2011-04-26 16:53:00,15,185,2,311.26,155.63,41,0.047619047619047616,0,0
17855,208.97,1,197,2010-12-02 09:44:00,2010-12-02 09:44:00,17,373,1,208.97,208.97,0,1.0,0,0
17856,1418.03,4,842,2011-12-08 09:40:00,2011-03-03 11:40:00,12,2,4,1418.03,354.5075,279,0.014285714285714285,1,1
17857,26879.04,23,19256,2011-12-05 13:13:00,2010-12-09 11:35:00,19,4,23,26879.04,1168.6539130434783,361,0.06353591160220995,1,1
17858,5140.66,12,2694,2011-12-04 11:56:00,2010-12-05 13:08:00,101,6,12,5140.66,428.3883333333333,363,0.03296703296703297,1,1
17859,141.92000000000002,1,102,2011-02-08 10:32:00,2011-02-08 10:32:00,23,305,1,141.92000000000002,141.92000000000002,0,1.0,0,0
17860,226.45000000000002,1,93,2010-12-06 12:41:00,2010-12-06 12:41:00,49,369,1,226.45000000000002,226.45000000000002,0,1.0,0,0
17861,2097.88,8,1985,2011-12-06 16:21:00,2011-01-24 11:34:00,172,3,8,2097.88,262.235,316,0.025236593059936908,1,1
17862,330.9,1,100,2011-01-20 12:23:00,2011-01-20 12:23:00,11,324,1,330.9,330.9,0,1.0,0,0
17863,3160.0,6,2638,2011-10-11 13:45:00,2010-12-05 13:21:00,110,59,6,3160.0,526.6666666666666,310,0.01929260450160772,1,0
17864,554.85,3,706,2011-11-27 11:15:00,2011-03-09 11:44:00,70,13,3,554.85,184.95000000000002,262,0.011406844106463879,1,1
17865,10526.32,20,5757,2011-11-09 12:08:00,2010-12-10 14:53:00,191,31,20,10526.32,526.316,333,0.059880239520958084,1,1
17866,329.65,1,174,2011-07-20 11:07:00,2011-07-20 11:07:00,9,143,1,329.65,329.65,0,1.0,0,0
17867,1157.8700000000001,6,508,2011-11-09 14:15:00,2011-02-24 12:25:00,62,30,6,1157.8700000000001,192.97833333333335,258,0.023166023166023165,1,1
17869,428.18,5,111,2011-08-24 16:16:00,2010-12-06 17:16:00,37,107,5,428.18,85.636,260,0.019157088122605363,0,0
17870,1865.89,12,1351,2011-12-07 15:07:00,2010-12-08 08:12:00,214,2,12,1865.89,155.49083333333334,364,0.03287671232876712,1,1
17871,155.9,1,182,2011-05-19 11:32:00,2011-05-19 11:32:00,10,205,1,155.9,155.9,0,1.0,0,0
17873,1848.96,5,1035,2011-09-20 16:41:00,2010-12-01 14:54:00,24,80,5,1848.96,369.79200000000003,293,0.017006802721088437,1,0
17874,683.46,6,221,2011-06-07 12:54:00,2011-03-29 11:25:00,37,185,6,683.46,113.91000000000001,70,0.08450704225352113,0,0
17877,237.61,1,98,2011-06-22 13:00:00,2011-06-22 13:00:00,12,170,1,237.61,237.61,0,1.0,0,0
17878,379.45,1,401,2011-10-27 11:24:00,2011-10-27 11:24:00,26,44,1,379.45,379.45,0,1.0,0,0
17879,178.51999999999998,1,45,2011-06-19 12:36:00,2011-06-19 12:36:00,6,174,1,178.51999999999998,178.51999999999998,0,1.0,0,0
17880,458.92,1,314,2010-12-10 10:21:00,2010-12-10 10:21:00,26,365,1,458.92,458.92,0,1.0,0,0
17881,133.35000000000002,1,32,2011-02-08 17:16:00,2011-02-08 17:16:00,8,304,1,133.35000000000002,133.35000000000002,0,1.0,0,0
17883,664.34,4,374,2011-12-06 17:49:00,2011-04-07 19:16:00,133,3,4,664.34,166.085,242,0.01646090534979424,1,1
17884,695.0699999999999,4,817,2011-12-06 11:33:00,2010-12-03 12:11:00,107,4,4,695.0699999999999,173.76749999999998,367,0.010869565217391304,1,1
17885,156.34,1,110,2011-11-27 14:40:00,2011-11-27 14:40:00,50,12,1,156.34,156.34,0,1.0,0,0
17886,869.28,3,469,2011-11-08 10:09:00,2011-04-04 12:34:00,93,32,3,869.28,289.76,217,0.013761467889908258,0,0
17887,111.35,1,30,2011-08-02 17:29:00,2011-08-02 17:29:00,10,129,1,111.35,111.35,0,1.0,0,0
17888,716.0,8,973,2011-11-18 13:45:00,2010-12-17 13:56:00,60,21,8,716.0,89.5,335,0.023809523809523808,1,1
17889,201.37,2,77,2011-05-11 16:26:00,2011-01-21 17:14:00,20,212,2,201.37,100.685,109,0.01818181818181818,0,0
17890,586.89,2,402,2011-01-21 11:19:00,2010-12-13 15:12:00,88,323,2,586.89,293.445,38,0.05128205128205128,0,0
17891,203.85999999999999,1,393,2011-06-30 20:08:00,2011-06-30 20:08:00,34,162,1,203.85999999999999,203.85999999999999,0,1.0,0,0
17892,244.1,3,109,2011-10-14 16:49:00,2011-07-07 12:56:00,27,56,3,244.1,81.36666666666666,99,0.03,0,0
17893,107.21,1,149,2011-04-28 13:50:00,2011-04-28 13:50:00,15,225,1,107.21,107.21,0,1.0,0,0
17894,1118.96,8,404,2011-09-29 09:23:00,2010-12-08 14:50:00,127,72,8,1118.96,139.87,294,0.02711864406779661,1,0
17895,95.45,1,127,2011-10-26 17:00:00,2011-10-26 17:00:00,15,44,1,95.45,95.45,0,1.0,0,0
17896,256.32,1,288,2011-11-16 13:59:00,2011-11-16 13:59:00,2,23,1,256.32,256.32,0,1.0,0,0
17897,541.8100000000001,3,222,2011-06-20 11:23:00,2010-12-01 12:31:00,100,173,3,541.8100000000001,180.60333333333335,200,0.014925373134328358,0,0
17898,152.06,2,190,2011-09-15 14:56:00,2011-05-16 17:13:00,27,85,2,152.06,76.03,121,0.01639344262295082,0,0
17899,154.55,1,170,2011-07-03 14:58:00,2011-07-03 14:58:00,29,159,1,154.55,154.55,0,1.0,0,0
17900,112.19999999999999,2,73,2011-06-02 14:38:00,2011-06-02 14:28:00,4,190,2,112.19999999999999,56.099999999999994,0,2.0,0,0
17901,110.38,1,24,2011-11-10 17:29:00,2011-11-10 17:29:00,19,29,1,110.38,110.38,0,1.0,0,0
17904,181.07,1,59,2011-11-18 12:57:00,2011-11-18 12:57:00,33,21,1,181.07,181.07,0,1.0,0,0
17905,798.99,4,406,2011-09-29 17:33:00,2010-12-01 13:21:00,33,71,4,798.99,199.7475,302,0.013201320132013201,0,0
17906,72.9,1,26,2011-04-06 17:25:00,2011-04-06 17:25:00,12,247,1,72.9,72.9,0,1.0,0,0
17908,232.03,1,169,2010-12-01 11:45:00,2010-12-01 11:45:00,51,374,1,232.03,232.03,0,1.0,0,0
17911,366.23,1,223,2011-11-30 14:52:00,2011-11-30 14:52:00,39,9,1,366.23,366.23,0,1.0,0,0
17912,310.06,5,184,2011-02-02 14:25:00,2010-12-10 11:11:00,35,310,5,310.06,62.012,54,0.09090909090909091,0,0
17913,408.65,2,288,2011-10-12 10:45:00,2010-12-19 11:35:00,55,59,2,408.65,204.325,296,0.006734006734006734,0,0
17914,329.36,1,457,2011-12-06 11:58:00,2011-12-06 11:58:00,72,4,1,329.36,329.36,0,1.0,0,1
17917,335.03,3,184,2011-10-25 13:20:00,2010-12-12 12:08:00,77,45,3,335.03,111.67666666666666,317,0.009433962264150943,0,0
17919,1304.04,1,756,2011-09-12 13:41:00,2011-09-12 13:41:00,23,88,1,1304.04,1304.04,0,1.0,0,0
17920,4119.5,17,2473,2011-12-05 14:29:00,2010-12-01 11:49:00,407,4,17,4119.5,242.3235294117647,369,0.04594594594594595,1,1
17921,820.23,4,425,2011-10-06 18:56:00,2011-03-18 13:19:00,114,64,4,820.23,205.0575,202,0.019704433497536946,0,0
17923,207.50000000000003,1,50,2011-03-02 15:15:00,2011-03-02 15:15:00,1,282,1,207.50000000000003,207.50000000000003,0,1.0,0,0
17924,2962.5,7,1160,2011-11-28 09:11:00,2010-12-01 10:51:00,26,12,7,2962.5,423.2142857142857,361,0.019337016574585635,1,1
17925,244.08,1,72,2010-12-02 10:10:00,2010-12-02 10:10:00,1,373,1,244.08,244.08,0,1.0,0,0
17926,397.29,2,306,2011-07-29 14:39:00,2011-05-20 09:24:00,17,133,2,397.29,198.645,70,0.028169014084507043,0,0
17928,212.54,2,140,2011-10-25 13:52:00,2011-04-07 18:03:00,23,45,2,212.54,106.27,200,0.009950248756218905,0,0
17929,843.0,4,108,2011-11-28 16:01:00,2011-02-04 11:40:00,4,11,4,843.0,210.75,297,0.013422818791946308,1,1
17930,1740.48,5,1594,2011-11-04 10:23:00,2011-04-14 15:46:00,26,36,5,1740.48,348.096,203,0.024509803921568627,1,1
17931,408.36,2,249,2011-07-28 18:33:00,2011-03-29 12:31:00,63,134,2,408.36,204.18,121,0.01639344262295082,0,0
17932,1331.57,3,789,2011-11-10 19:49:00,2011-05-12 13:58:00,84,29,3,1331.57,443.8566666666666,182,0.01639344262295082,1,0
17934,704.25,2,478,2011-10-19 11:16:00,2011-10-12 10:50:00,21,52,2,704.25,352.125,7,0.25,0,0
17935,145.79,2,82,2011-07-24 13:18:00,2011-07-21 11:23:00,28,138,2,145.79,72.895,3,0.5,0,0
17936,380.13,1,257,2011-12-04 13:32:00,2011-12-04 13:32:00,68,5,1,380.13,380.13,0,1.0,0,1
17937,4301.22,7,1754,2011-12-01 11:45:00,2010-12-12 14:43:00,19,9,7,4301.22,614.46,353,0.01977401129943503,1,1
17939,99.14,1,40,2011-07-03 12:27:00,2011-07-03 12:27:00,12,160,1,99.14,99.14,0,1.0,0,0
17940,4020.04,10,9323,2011-10-21 13:27:00,2011-02-10 09:29:00,6,49,10,4020.04,402.004,253,0.03937007874015748,1,0
17941,304.56,1,252,2011-08-01 08:30:00,2011-08-01 08:30:00,2,131,1,304.56,304.56,0,1.0,0,0
17942,77.50000000000001,1,38,2011-12-02 10:45:00,2011-12-02 10:45:00,2,8,1,77.50000000000001,77.50000000000001,0,1.0,0,0
17946,149.57999999999998,2,75,2011-04-20 17:00:00,2011-03-25 14:34:00,18,233,2,149.57999999999998,74.78999999999999,26,0.07407407407407407,0,0
17947,176.68,1,168,2011-11-02 13:05:00,2011-11-02 13:05:00,9,37,1,176.68,176.68,0,1.0,0,0
17948,358.56000000000006,1,144,2011-07-15 12:58:00,2011-07-15 12:58:00,1,147,1,358.56000000000006,358.56000000000006,0,1.0,0,0
17949,58510.48,45,30546,2011-12-08 18:46:00,2010-12-03 13:12:00,29,1,45,58510.48,1300.232888888889,370,0.12129380053908356,1,1
17950,482.2,3,366,2011-09-28 15:18:00,2010-12-09 15:16:00,63,72,3,482.2,160.73333333333332,293,0.01020408163265306,0,0
17951,1008.5400000000001,3,616,2011-10-31 12:30:00,2010-12-01 12:40:00,18,40,3,1008.5400000000001,336.18,333,0.008982035928143712,0,0
17954,2314.13,12,2221,2011-12-04 14:15:00,2010-12-03 14:18:00,326,5,12,2314.13,192.84416666666667,365,0.03278688524590164,1,1
17955,557.3,4,273,2011-05-25 12:00:00,2011-05-04 12:29:00,14,199,4,557.3,139.325,20,0.19047619047619047,0,0
17956,12.75,1,1,2011-04-04 13:47:00,2011-04-04 13:47:00,1,249,1,12.75,12.75,0,1.0,0,0
17957,111.68,1,287,2011-10-04 14:58:00,2011-10-04 14:58:00,31,66,1,111.68,111.68,0,1.0,0,0
17958,508.4599999999999,1,84,2011-08-15 12:19:00,2011-08-15 12:19:00,7,117,1,508.4599999999999,508.4599999999999,0,1.0,0,0
17960,73.78,1,41,2011-06-21 14:15:00,2011-06-21 14:15:00,26,171,1,73.78,73.78,0,1.0,0,0
17961,1296.44,39,560,2011-11-18 16:55:00,2010-12-02 19:18:00,211,21,39,1296.44,33.242051282051285,350,0.1111111111111111,1,1
17962,102.41,1,127,2011-07-20 14:16:00,2011-07-20 14:16:00,33,142,1,102.41,102.41,0,1.0,0,0
17964,463.21,2,294,2011-11-08 10:44:00,2010-12-02 13:32:00,84,32,2,463.21,231.605,340,0.005865102639296188,0,0
17965,2599.19,14,1532,2011-11-02 09:31:00,2010-12-05 15:54:00,274,38,14,2599.19,185.65642857142856,331,0.04216867469879518,1,1
17966,1098.43,5,2571,2011-11-02 10:26:00,2011-03-23 17:25:00,53,38,5,1098.43,219.686,223,0.022321428571428572,1,0
17967,112.27,1,73,2010-12-03 11:19:00,2010-12-03 11:19:00,41,372,1,112.27,112.27,0,1.0,0,0
17968,265.1,1,151,2010-12-01 12:23:00,2010-12-01 12:23:00,74,374,1,265.1,265.1,0,1.0,0,0
17969,228.2,2,152,2011-06-26 13:00:00,2010-12-13 15:34:00,14,166,2,228.2,114.1,194,0.010256410256410256,0,0
17970,562.79,1,513,2011-05-12 20:03:00,2011-05-12 20:03:00,27,211,1,562.79,562.79,0,1.0,0,0
17972,135.19,1,36,2011-04-12 12:16:00,2011-04-12 12:16:00,30,242,1,135.19,135.19,0,1.0,0,0
17973,337.04,1,176,2011-10-19 10:34:00,2011-10-19 10:34:00,15,52,1,337.04,337.04,0,1.0,0,0
17974,703.99,3,500,2011-11-15 11:37:00,2011-05-04 11:50:00,143,25,3,703.99,234.66333333333333,194,0.015384615384615385,0,0
17975,4483.26,13,1565,2011-11-24 13:27:00,2010-12-08 11:38:00,189,15,13,4483.26,344.86615384615385,351,0.036931818181818184,1,1
17976,321.79,1,93,2010-12-02 13:49:00,2010-12-02 13:49:00,56,372,1,321.79,321.79,0,1.0,0,0
17977,288.14,1,342,2011-11-10 13:28:00,2011-11-10 13:28:00,19,29,1,288.14,288.14,0,1.0,0,0
17978,300.91999999999996,1,499,2010-12-09 14:05:00,2010-12-09 14:05:00,12,365,1,300.91999999999996,300.91999999999996,0,1.0,0,0
17979,732.41,4,383,2011-11-04 12:05:00,2011-03-25 11:34:00,116,36,4,732.41,183.1025,224,0.017777777777777778,1,0
17980,811.45,3,682,2011-06-27 12:01:00,2010-12-15 15:50:00,23,166,3,811.45,270.48333333333335,193,0.015463917525773196,0,0
17984,152.68,1,98,2011-07-17 15:59:00,2011-07-17 15:59:00,48,145,1,152.68,152.68,0,1.0,0,0
17985,631.35,1,171,2011-11-17 14:24:00,2011-11-17 14:24:00,20,22,1,631.35,631.35,0,1.0,0,0
17986,20.8,1,10,2011-10-14 14:22:00,2011-10-14 14:22:00,1,56,1,20.8,20.8,0,1.0,0,0
17987,198.57,1,261,2011-06-07 14:22:00,2011-06-07 14:22:00,13,185,1,198.57,198.57,0,1.0,0,0
17988,201.12,7,43,2011-11-28 11:00:00,2011-01-17 11:59:00,37,12,7,201.12,28.731428571428573,314,0.022222222222222223,1,1
17990,630.84,3,414,2011-04-17 11:44:00,2010-12-13 12:10:00,27,237,3,630.84,210.28,124,0.024,0,0
17991,93.35,2,25,2011-04-28 15:58:00,2011-04-27 16:39:00,4,225,2,93.35,46.675,0,2.0,0,0
17994,674.89,4,495,2011-08-10 11:41:00,2011-02-22 11:02:00,63,122,4,674.89,168.7225,169,0.023529411764705882,0,0
17995,76.1,1,133,2011-03-03 12:30:00,2011-03-03 12:30:00,2,282,1,76.1,76.1,0,1.0,0,0
17997,1962.46,8,2273,2011-09-26 16:13:00,2011-06-28 17:28:00,133,74,8,1962.46,245.3075,89,0.08888888888888889,1,0
17999,380.39,2,219,2011-11-02 15:56:00,2010-12-08 15:17:00,87,37,2,380.39,190.195,329,0.006060606060606061,0,0
18001,415.13,2,362,2011-11-27 16:02:00,2011-09-14 11:21:00,56,12,2,415.13,207.565,74,0.02666666666666667,0,0
18004,157.92,1,75,2010-12-12 13:47:00,2010-12-12 13:47:00,32,362,1,157.92,157.92,0,1.0,0,0
18005,226.47,2,86,2011-12-06 11:51:00,2011-10-23 14:40:00,52,4,2,226.47,113.235,43,0.045454545454545456,0,1
18006,444.68,1,220,2011-11-16 16:52:00,2011-11-16 16:52:00,21,23,1,444.68,444.68,0,1.0,0,0
18008,2116.19,9,1581,2011-09-30 15:17:00,2011-01-25 12:26:00,24,70,9,2116.19,235.13222222222223,248,0.03614457831325301,1,0
18009,247.39,1,125,2011-04-18 13:36:00,2011-04-18 13:36:00,31,235,1,247.39,247.39,0,1.0,0,0
18010,174.8,1,60,2011-03-28 12:27:00,2011-03-28 12:27:00,14,257,1,174.8,174.8,0,1.0,0,0
18011,102.78999999999999,1,71,2010-12-01 17:35:00,2010-12-01 17:35:00,28,373,1,102.78999999999999,102.78999999999999,0,1.0,0,0
18013,187.29,2,285,2011-07-07 14:11:00,2011-07-07 14:08:00,31,155,2,187.29,93.645,0,2.0,0,0
18014,162.22,1,66,2011-11-11 15:28:00,2011-11-11 15:28:00,29,28,1,162.22,162.22,0,1.0,0,0
18015,120.03,1,157,2011-12-05 14:49:00,2011-12-05 14:49:00,46,4,1,120.03,120.03,0,1.0,0,0
18016,1477.66,5,1027,2011-11-07 13:25:00,2010-12-10 17:14:00,90,32,5,1477.66,295.53200000000004,331,0.015060240963855422,1,1
18017,523.0,3,300,2011-09-19 16:15:00,2011-02-02 13:57:00,1,81,3,523.0,174.33333333333334,229,0.013043478260869565,0,0
18018,122.14,2,55,2011-08-23 17:37:00,2011-05-24 13:22:00,29,108,2,122.14,61.07,91,0.021739130434782608,0,0
18019,38.45,1,7,2011-10-19 12:10:00,2011-10-19 12:10:00,5,52,1,38.45,38.45,0,1.0,0,0
18022,612.72,1,703,2011-11-04 12:45:00,2011-11-04 12:45:00,141,36,1,612.72,612.72,0,1.0,0,0
18024,389.78,2,184,2011-07-10 12:40:00,2011-07-10 12:28:00,21,153,2,389.78,194.89,0,2.0,0,0
18027,115.31,1,78,2011-09-02 10:38:00,2011-09-02 10:38:00,21,99,1,115.31,115.31,0,1.0,0,0
18030,230.64999999999998,2,67,2011-12-05 16:37:00,2011-10-28 13:55:00,8,4,2,230.64999999999998,115.32499999999999,38,0.05128205128205128,0,1
18032,73.5,1,42,2011-01-09 15:32:00,2011-01-09 15:32:00,5,334,1,73.5,73.5,0,1.0,0,0
18033,93.82000000000001,1,252,2011-10-05 17:28:00,2011-10-05 17:28:00,32,65,1,93.82000000000001,93.82000000000001,0,1.0,0,0
18034,418.68,2,559,2011-11-18 12:22:00,2011-11-18 12:08:00,99,22,2,418.68,209.34,0,2.0,0,0
18035,713.89,3,584,2011-11-04 12:39:00,2011-10-27 17:48:00,44,36,3,713.89,237.96333333333334,7,0.375,0,0
18036,403.12,3,232,2011-11-07 14:40:00,2011-04-08 11:26:00,77,32,3,403.12,134.37333333333333,213,0.014018691588785047,0,0
18037,70.02,6,20,2011-07-08 13:39:00,2010-12-12 16:20:00,19,154,6,70.02,11.67,207,0.028846153846153848,0,0
18040,357.20000000000005,2,148,2011-11-20 14:20:00,2011-04-08 08:27:00,18,19,2,357.20000000000005,178.60000000000002,226,0.00881057268722467,0,0
18041,4097.37,21,3758,2011-11-28 11:39:00,2010-12-02 11:21:00,285,12,21,4097.37,195.11285714285714,361,0.058011049723756904,1,1
18042,165.04999999999998,1,33,2011-10-17 11:49:00,2011-10-17 11:49:00,7,54,1,165.04999999999998,165.04999999999998,0,1.0,0,0
18043,529.29,3,265,2011-11-15 12:48:00,2010-12-08 12:35:00,106,25,3,529.29,176.42999999999998,342,0.008746355685131196,0,0
18044,2088.6,10,1033,2011-12-05 14:26:00,2010-12-14 12:25:00,88,4,10,2088.6,208.85999999999999,356,0.028011204481792718,1,1
18045,178.34,1,138,2011-10-25 13:07:00,2011-10-25 13:07:00,43,45,1,178.34,178.34,0,1.0,0,0
18048,172.29000000000002,2,127,2011-05-20 14:58:00,2011-05-20 14:54:00,6,203,2,172.29000000000002,86.14500000000001,0,2.0,0,0
18050,74.4,1,40,2010-12-15 14:25:00,2010-12-15 14:25:00,5,359,1,74.4,74.4,0,1.0,0,0
18053,300.02,1,302,2011-09-30 09:05:00,2011-09-30 09:05:00,20,71,1,300.02,300.02,0,1.0,0,0
18055,6761.34,10,2452,2011-12-02 14:25:00,2010-12-05 10:52:00,223,7,10,6761.34,676.134,362,0.027548209366391185,1,1
18056,363.65,1,211,2011-02-24 14:27:00,2011-02-24 14:27:00,19,288,1,363.65,363.65,0,1.0,0,0
18058,170.16,1,88,2011-11-30 08:38:00,2011-11-30 08:38:00,3,10,1,170.16,170.16,0,1.0,0,0
18059,306.46,3,258,2011-11-16 16:49:00,2011-10-03 09:30:00,17,23,3,306.46,102.15333333333332,44,0.06666666666666667,0,0
18061,2119.41,10,955,2011-11-18 11:20:00,2010-12-08 13:03:00,18,22,10,2119.41,211.94099999999997,344,0.028985507246376812,1,1
18062,720.52,3,396,2011-06-19 14:47:00,2011-01-06 10:03:00,23,173,3,720.52,240.17333333333332,164,0.01818181818181818,0,0
18064,814.0,2,384,2011-07-29 16:39:00,2011-04-18 15:08:00,7,133,2,814.0,407.0,102,0.019417475728155338,0,0
18065,2392.83,14,1027,2011-12-04 10:30:00,2010-12-10 12:44:00,110,6,14,2392.83,170.91642857142855,358,0.03899721448467967,1,1
18066,318.0,1,108,2011-09-25 15:30:00,2011-09-25 15:30:00,10,75,1,318.0,318.0,0,1.0,0,0
18067,396.33,1,189,2011-10-30 15:58:00,2011-10-30 15:58:00,36,40,1,396.33,396.33,0,1.0,0,0
18068,101.69999999999999,1,6,2011-02-23 14:50:00,2011-02-23 14:50:00,1,289,1,101.69999999999999,101.69999999999999,0,1.0,0,0
18069,2009.24,5,1296,2011-11-13 16:03:00,2011-01-16 15:50:00,334,26,5,2009.24,401.848,301,0.016556291390728478,1,0
18071,453.0,2,260,2011-03-27 11:59:00,2010-12-09 10:33:00,23,258,2,453.0,226.5,108,0.01834862385321101,0,0
18072,247.44,1,288,2011-06-07 10:44:00,2011-06-07 10:44:00,18,186,1,247.44,247.44,0,1.0,0,0
18073,3859.82,12,3102,2011-08-17 14:02:00,2011-05-26 19:38:00,23,114,12,3859.82,321.6516666666667,82,0.14457831325301204,1,0
18074,489.6,1,190,2010-12-01 09:53:00,2010-12-01 09:53:00,13,374,1,489.6,489.6,0,1.0,0,0
18075,2611.75,10,1464,2011-11-16 15:21:00,2010-12-14 10:48:00,97,23,10,2611.75,261.175,337,0.029585798816568046,1,1
18077,2584.41,11,1839,2011-12-01 13:32:00,2010-12-08 10:21:00,101,8,11,2584.41,234.94636363636363,358,0.03064066852367688,1,1
18078,336.13,2,145,2011-05-06 14:32:00,2011-03-25 15:08:00,27,217,2,336.13,168.065,41,0.047619047619047616,0,0
18079,3613.15,4,7347,2011-10-25 15:27:00,2011-04-15 12:14:00,99,45,4,3613.15,903.2875,193,0.020618556701030927,1,0
18080,1231.5,2,642,2011-11-21 08:02:00,2011-04-11 10:10:00,2,19,2,1231.5,615.75,223,0.008928571428571428,1,0
18081,343.45,3,195,2011-11-03 16:30:00,2011-07-29 11:56:00,14,36,3,343.45,114.48333333333333,97,0.030612244897959183,0,0
18082,680.84,1,608,2011-11-14 12:45:00,2011-11-14 12:45:00,62,26,1,680.84,680.84,0,1.0,0,0
18084,90.47999999999999,1,312,2011-11-23 13:57:00,2011-11-23 13:57:00,1,16,1,90.47999999999999,90.47999999999999,0,1.0,0,0
18085,689.95,2,265,2011-01-13 15:17:00,2010-12-01 12:08:00,25,330,2,689.95,344.975,43,0.045454545454545456,0,0
18086,101.34,1,106,2011-03-10 13:34:00,2011-03-10 13:34:00,7,274,1,101.34,101.34,0,1.0,0,0
18087,4055.7199999999993,2,3907,2011-09-02 15:12:00,2011-02-22 10:43:00,2,98,2,4055.7199999999993,2027.8599999999997,192,0.010362694300518135,0,0
18088,166.03,1,107,2011-10-09 13:41:00,2011-10-09 13:41:00,35,61,1,166.03,166.03,0,1.0,0,0
18092,9068.26,11,4252,2011-12-07 13:14:00,2010-12-09 10:00:00,28,2,11,9068.26,824.3872727272727,363,0.03021978021978022,1,1
18093,2106.52,4,1392,2011-09-07 15:43:00,2011-02-10 12:15:00,31,93,4,2106.52,526.63,209,0.01904761904761905,1,0
18094,3017.3,7,2518,2011-09-19 09:28:00,2011-02-21 08:50:00,39,82,7,3017.3,431.04285714285714,210,0.03317535545023697,1,0
18095,580.0500000000001,2,419,2011-01-31 12:50:00,2011-01-11 12:37:00,20,313,2,580.0500000000001,290.02500000000003,20,0.09523809523809523,0,0
18096,849.06,3,788,2011-11-28 12:44:00,2011-10-07 11:55:00,157,12,3,849.06,283.02,52,0.05660377358490566,1,1
18097,2662.4,6,1662,2011-12-02 11:16:00,2010-12-20 14:49:00,65,8,6,2662.4,443.73333333333335,346,0.01729106628242075,1,1
18099,168.31,1,149,2011-08-04 15:52:00,2011-08-04 15:52:00,19,127,1,168.31,168.31,0,1.0,0,0
18101,222.4,2,87,2011-11-28 13:37:00,2011-07-19 13:05:00,37,11,2,222.4,111.2,132,0.015037593984962405,0,0
18102,259657.3,60,64124,2011-12-09 11:50:00,2010-12-07 16:42:00,150,1,60,259657.3,4327.621666666667,366,0.16348773841961853,1,1
18104,754.64,1,362,2011-11-02 14:07:00,2011-11-02 14:07:00,38,37,1,754.64,754.64,0,1.0,0,0
18105,113.48000000000002,1,46,2011-11-02 12:04:00,2011-11-02 12:04:00,18,38,1,113.48000000000002,113.48000000000002,0,1.0,0,0
18106,421.9,1,126,2011-01-14 12:23:00,2011-01-14 12:23:00,33,330,1,421.9,421.9,0,1.0,0,0
18108,271.0,1,84,2011-03-30 13:56:00,2011-03-30 13:56:00,17,254,1,271.0,271.0,0,1.0,0,0
18109,8004.92,26,4230,2011-12-08 11:36:00,2010-12-05 10:58:00,119,2,26,8004.92,307.88153846153847,368,0.07046070460704607,1,1
18110,198.8,1,72,2011-11-20 12:34:00,2011-11-20 12:34:00,33,20,1,198.8,198.8,0,1.0,0,0
18112,352.69,2,255,2011-11-27 14:43:00,2011-06-26 13:56:00,26,12,2,352.69,176.345,154,0.012903225806451613,0,0
18113,76.32000000000001,1,72,2010-12-06 12:31:00,2010-12-06 12:31:00,1,369,1,76.32000000000001,76.32000000000001,0,1.0,0,0
18114,220.1,1,55,2011-02-22 13:20:00,2011-02-22 13:20:00,28,290,1,220.1,220.1,0,1.0,0,0
18116,1403.1100000000001,8,837,2011-10-03 11:00:00,2010-12-10 12:14:00,230,68,8,1403.1100000000001,175.38875000000002,296,0.026936026936026935,1,0
18117,315.65,1,605,2011-11-14 12:47:00,2011-11-14 12:47:00,68,26,1,315.65,315.65,0,1.0,0,0
18118,5625.08,26,2865,2011-11-29 11:32:00,2010-12-05 12:13:00,424,11,26,5625.08,216.34923076923076,358,0.07242339832869081,1,1
18119,180.7,1,124,2010-12-07 11:59:00,2010-12-07 11:59:00,29,368,1,180.7,180.7,0,1.0,0,0
18120,111.15,1,31,2011-05-09 13:45:00,2011-05-09 13:45:00,17,214,1,111.15,111.15,0,1.0,0,0
18121,653.3,2,438,2011-07-13 12:53:00,2011-07-08 12:14:00,28,149,2,653.3,326.65,5,0.3333333333333333,0,0
18122,1793.06,6,1225,2011-12-01 13:08:00,2011-07-12 11:37:00,239,8,6,1793.06,298.8433333333333,142,0.04195804195804196,1,1
18123,574.4399999999999,2,582,2011-11-15 14:23:00,2011-11-08 13:31:00,31,24,2,574.4399999999999,287.21999999999997,7,0.25,0,0
18125,1131.75,4,800,2011-11-10 12:29:00,2011-01-27 15:02:00,164,30,4,1131.75,282.9375,286,0.013937282229965157,1,0
18126,200.92000000000002,1,135,2011-10-10 12:19:00,2011-10-10 12:19:00,52,61,1,200.92000000000002,200.92000000000002,0,1.0,0,0
18127,347.08,3,187,2011-11-20 14:05:00,2011-07-29 10:06:00,41,19,3,347.08,115.69333333333333,114,0.02608695652173913,0,0
18129,112.55000000000001,1,48,2011-04-10 14:16:00,2011-04-10 14:16:00,13,243,1,112.55000000000001,112.55000000000001,0,1.0,0,0
18130,1059.39,3,824,2011-11-24 14:40:00,2011-10-13 15:58:00,58,15,3,1059.39,353.13000000000005,41,0.07142857142857142,1,1
18133,931.4999999999999,1,1350,2011-05-11 14:14:00,2011-05-11 14:14:00,1,212,1,931.4999999999999,931.4999999999999,0,1.0,0,0
18135,681.9100000000001,5,349,2011-11-10 19:32:00,2011-06-02 14:04:00,11,29,5,681.9100000000001,136.382,161,0.030864197530864196,1,0
18136,784.33,3,379,2011-10-07 15:40:00,2011-01-24 12:08:00,34,63,3,784.33,261.4433333333333,256,0.011673151750972763,0,0
18138,152.65,1,38,2011-02-17 14:51:00,2011-02-17 14:51:00,8,295,1,152.65,152.65,0,1.0,0,0
18139,8438.34,6,5557,2011-11-22 10:44:00,2011-11-21 14:06:00,35,18,6,8438.34,1406.39,0,6.0,1,1
18142,1019.52,2,1276,2011-07-05 13:19:00,2011-05-08 12:31:00,9,157,2,1019.52,509.76,58,0.03389830508474576,0,0
18143,1000.16,2,570,2011-08-15 12:07:00,2011-07-21 10:44:00,59,117,2,1000.16,500.08,25,0.07692307692307693,0,0
18144,2888.75,12,1343,2011-12-02 12:46:00,2010-12-01 13:45:00,27,8,12,2888.75,240.72916666666666,365,0.03278688524590164,1,1
18145,2861.55,4,2625,2011-11-27 11:22:00,2011-01-31 12:10:00,174,13,4,2861.55,715.3875,299,0.013333333333333334,1,0
18146,160.35000000000002,2,153,2011-07-22 12:08:00,2011-05-03 16:35:00,10,141,2,160.35000000000002,80.17500000000001,79,0.025,0,0
18147,179.33999999999997,2,203,2011-10-25 11:46:00,2011-08-23 12:22:00,7,46,2,179.33999999999997,89.66999999999999,62,0.031746031746031744,0,0
18149,612.0799999999999,3,310,2011-10-20 12:04:00,2011-03-11 12:44:00,11,51,3,612.0799999999999,204.02666666666664,222,0.013452914798206279,0,0
18150,566.58,3,332,2011-11-07 16:49:00,2011-05-22 10:47:00,29,32,3,566.58,188.86,169,0.01764705882352941,0,0
18151,653.35,2,355,2011-07-28 11:35:00,2011-02-23 08:29:00,38,135,2,653.35,326.675,155,0.01282051282051282,0,0
18154,399.19,2,255,2011-12-06 16:41:00,2011-10-27 10:40:00,15,3,2,399.19,199.595,40,0.04878048780487805,1,1
18155,371.62,3,266,2011-09-25 13:32:00,2011-02-21 10:36:00,19,75,3,371.62,123.87333333333333,216,0.013824884792626729,0,0
18156,675.64,2,283,2011-11-27 12:24:00,2010-12-05 12:29:00,100,13,2,675.64,337.82,356,0.0056022408963585435,0,1
18158,453.4,2,354,2011-11-30 16:19:00,2011-09-12 09:03:00,24,9,2,453.4,226.7,79,0.025,0,0
18159,530.15,1,139,2011-02-11 14:26:00,2011-02-11 14:26:00,23,301,1,530.15,530.15,0,1.0,0,0
18160,638.0600000000001,2,294,2011-10-13 15:50:00,2011-05-23 13:41:00,37,57,2,638.0600000000001,319.03000000000003,143,0.013888888888888888,0,0
18161,1618.69,5,812,2011-11-24 16:40:00,2011-01-24 11:56:00,49,15,5,1618.69,323.738,304,0.01639344262295082,1,1
18164,399.65000000000003,1,184,2011-11-02 12:56:00,2011-11-02 12:56:00,24,37,1,399.65000000000003,399.65000000000003,0,1.0,0,0
18165,302.46000000000004,1,254,2011-06-15 13:23:00,2011-06-15 13:23:00,10,177,1,302.46000000000004,302.46000000000004,0,1.0,0,0
18167,1384.8600000000001,3,382,2011-11-16 15:56:00,2011-08-26 11:40:00,24,23,3,1384.8600000000001,461.62000000000006,82,0.03614457831325301,1,0
18168,1160.04,6,592,2011-06-16 19:21:00,2010-12-02 18:08:00,97,176,6,1160.04,193.34,196,0.030456852791878174,0,0
18169,202.65,1,61,2011-10-10 12:18:00,2011-10-10 12:18:00,9,61,1,202.65,202.65,0,1.0,0,0
18170,980.31,3,409,2011-11-06 14:35:00,2011-05-06 15:13:00,29,33,3,980.31,326.77,183,0.016304347826086956,1,0
18171,1231.31,5,481,2011-10-12 09:13:00,2011-01-10 09:55:00,43,59,5,1231.31,246.262,274,0.01818181818181818,1,0
18172,7561.68,20,3184,2011-11-25 11:12:00,2011-02-23 10:44:00,100,15,20,7561.68,378.084,275,0.07246376811594203,1,1
18173,2106.84,4,1220,2011-09-14 11:26:00,2011-03-10 11:56:00,23,87,4,2106.84,526.71,187,0.02127659574468085,1,0
18174,104.0,1,50,2011-12-02 16:56:00,2011-12-02 16:56:00,1,7,1,104.0,104.0,0,1.0,0,0
18176,476.35,1,283,2010-12-16 15:45:00,2010-12-16 15:45:00,30,358,1,476.35,476.35,0,1.0,0,0
18177,1340.8700000000001,6,709,2011-11-08 14:44:00,2011-03-29 08:46:00,53,31,6,1340.8700000000001,223.47833333333335,224,0.02666666666666667,1,1
18178,1590.81,4,983,2011-08-03 09:30:00,2010-12-10 12:42:00,80,129,4,1590.81,397.7025,235,0.01694915254237288,0,0
18179,1793.17,6,1360,2011-11-30 16:23:00,2011-01-07 14:22:00,86,9,6,1793.17,298.8616666666667,327,0.018292682926829267,1,1
18180,1843.75,6,1721,2011-12-05 08:39:00,2011-07-20 08:59:00,108,5,6,1843.75,307.2916666666667,137,0.043478260869565216,1,1
18181,366.85,1,133,2011-11-15 15:08:00,2011-11-15 15:08:00,40,24,1,366.85,366.85,0,1.0,0,0
18183,632.07,2,371,2011-04-26 15:26:00,2011-03-10 10:08:00,36,227,2,632.07,316.035,47,0.041666666666666664,0,0
18184,49.8,1,60,2011-11-24 15:28:00,2011-11-24 15:28:00,1,15,1,49.8,49.8,0,1.0,0,0
18185,304.25,1,183,2011-04-04 13:42:00,2011-04-04 13:42:00,17,249,1,304.25,304.25,0,1.0,0,0
18188,2001.04,3,1168,2011-11-24 16:46:00,2011-02-22 14:43:00,63,15,3,2001.04,667.0133333333333,275,0.010869565217391304,1,0
18189,1090.24,2,566,2011-09-23 12:40:00,2011-03-17 09:49:00,65,78,2,1090.24,545.12,190,0.010471204188481676,0,0
18190,284.46000000000004,2,140,2011-05-31 14:48:00,2011-01-13 10:35:00,14,192,2,284.46000000000004,142.23000000000002,138,0.014388489208633094,0,0
18191,207.79999999999998,1,140,2011-03-23 12:08:00,2011-03-23 12:08:00,7,262,1,207.79999999999998,207.79999999999998,0,1.0,0,0
18192,957.97,1,339,2011-09-29 09:53:00,2011-09-29 09:53:00,45,72,1,957.97,957.97,0,1.0,0,0
18193,243.76,1,124,2011-06-27 13:58:00,2011-06-27 13:58:00,16,165,1,243.76,243.76,0,1.0,0,0
18194,973.8399999999999,1,632,2011-09-18 13:29:00,2011-09-18 13:29:00,7,82,1,973.8399999999999,973.8399999999999,0,1.0,0,0
18196,686.63,2,431,2011-09-05 16:22:00,2011-02-22 16:13:00,131,95,2,686.63,343.315,195,0.01020408163265306,0,0
18198,5425.56,17,4074,2011-12-05 14:49:00,2011-01-07 13:39:00,81,4,17,5425.56,319.15058823529415,332,0.05105105105105105,1,1
18200,150.35,1,104,2011-08-25 18:45:00,2011-08-25 18:45:00,29,106,1,150.35,150.35,0,1.0,0,0
18202,1396.99,3,581,2011-05-24 12:12:00,2011-02-01 13:36:00,55,200,3,1396.99,465.66333333333336,111,0.026785714285714284,0,0
18203,160.42000000000002,1,43,2011-07-05 13:07:00,2011-07-05 13:07:00,19,157,1,160.42000000000002,160.42000000000002,0,1.0,0,0
18204,1975.35,3,1190,2011-09-29 16:44:00,2011-05-31 15:26:00,159,71,3,1975.35,658.4499999999999,121,0.02459016393442623,1,0
18205,517.36,2,192,2011-11-03 13:22:00,2011-09-26 12:02:00,30,36,2,517.36,258.68,38,0.05128205128205128,0,0
18209,139.10000000000002,1,58,2011-11-11 12:07:00,2011-11-11 12:07:00,8,29,1,139.10000000000002,139.10000000000002,0,1.0,0,0
18210,2621.38,6,1398,2011-12-08 11:02:00,2011-03-17 16:58:00,109,2,6,2621.38,436.8966666666667,265,0.022556390977443608,1,1
18211,600.07,5,359,2011-11-14 08:10:00,2011-03-06 12:09:00,37,26,5,600.07,120.01400000000001,252,0.019762845849802372,1,0
18212,216.07,1,92,2011-01-17 16:14:00,2011-01-17 16:14:00,30,326,1,216.07,216.07,0,1.0,0,0
18213,232.48000000000002,1,232,2011-04-17 10:21:00,2011-04-17 10:21:00,15,237,1,232.48000000000002,232.48000000000002,0,1.0,0,0
18215,299.34000000000003,1,118,2011-09-11 16:05:00,2011-09-11 16:05:00,13,89,1,299.34000000000003,299.34000000000003,0,1.0,0,0
18216,481.75,1,200,2011-11-08 16:55:00,2011-11-08 16:55:00,26,31,1,481.75,481.75,0,1.0,0,0
18217,621.75,2,491,2011-11-10 13:18:00,2011-09-30 10:44:00,27,29,2,621.75,310.875,41,0.047619047619047616,0,0
18218,641.92,2,536,2011-05-12 12:53:00,2011-03-03 12:24:00,17,211,2,641.92,320.96,70,0.028169014084507043,0,0
18219,2069.77,10,885,2011-12-07 11:43:00,2010-12-06 10:05:00,58,3,10,2069.77,206.977,366,0.027247956403269755,1,1
18220,305.28000000000003,1,288,2011-04-27 09:03:00,2011-04-27 09:03:00,2,227,1,305.28000000000003,305.28000000000003,0,1.0,0,0
18221,1041.61,5,791,2011-11-17 14:40:00,2011-05-12 14:13:00,59,22,5,1041.61,208.32199999999997,189,0.02631578947368421,1,1
18222,443.0,1,335,2011-09-08 10:45:00,2011-09-08 10:45:00,19,93,1,443.0,443.0,0,1.0,0,0
18223,6484.54,14,2948,2011-12-05 09:11:00,2010-12-16 16:42:00,116,5,14,6484.54,463.18142857142857,353,0.03954802259887006,1,1
18224,158.95000000000002,1,69,2011-03-21 10:30:00,2011-03-21 10:30:00,10,264,1,158.95000000000002,158.95000000000002,0,1.0,0,0
18225,5504.96,12,3242,2011-12-06 13:27:00,2010-12-09 15:46:00,150,3,12,5504.96,458.74666666666667,361,0.03314917127071823,1,1
18226,5228.05,11,3466,2011-10-26 13:36:00,2011-01-06 09:00:00,141,44,11,5228.05,475.27727272727276,293,0.03741496598639456,1,0
18227,93.75,1,21,2011-05-06 12:23:00,2011-05-06 12:23:00,5,218,1,93.75,93.75,0,1.0,0,0
18228,779.9,2,238,2011-10-14 09:21:00,2011-09-21 10:48:00,23,57,2,779.9,389.95,22,0.08695652173913043,0,0
18229,7276.900000000001,20,2488,2011-11-28 09:48:00,2010-12-01 16:25:00,66,12,20,7276.900000000001,363.845,361,0.055248618784530384,1,1
18230,2810.2000000000003,7,1316,2011-11-30 13:22:00,2011-02-10 13:06:00,32,9,7,2810.2000000000003,401.4571428571429,293,0.023809523809523808,1,1
18231,2071.77,5,819,2011-05-31 14:18:00,2011-02-24 09:08:00,106,192,5,2071.77,414.354,96,0.05154639175257732,1,0
18232,592.97,4,302,2011-09-19 11:49:00,2011-05-26 16:30:00,31,82,4,592.97,148.2425,115,0.034482758620689655,0,0
18233,440.0,1,4,2011-01-18 08:44:00,2011-01-18 08:44:00,1,326,1,440.0,440.0,0,1.0,0,0
18235,1796.48,3,1578,2011-09-29 08:27:00,2011-05-06 13:35:00,100,72,3,1796.48,598.8266666666667,145,0.02054794520547945,0,0
18236,882.24,6,403,2011-11-10 08:06:00,2011-04-13 09:52:00,42,30,6,882.24,147.04,210,0.02843601895734597,1,1
18237,987.1,5,622,2011-12-07 12:49:00,2011-07-28 13:05:00,40,3,5,987.1,197.42000000000002,131,0.03787878787878788,1,1
18239,1561.6100000000001,5,795,2011-05-05 12:38:00,2010-12-02 17:48:00,80,219,5,1561.6100000000001,312.322,153,0.032467532467532464,0,0
18240,422.58,1,126,2011-10-24 13:06:00,2011-10-24 13:06:00,6,46,1,422.58,422.58,0,1.0,0,0
18241,2073.09,17,1051,2011-11-30 12:10:00,2011-05-06 09:22:00,60,10,17,2073.09,121.9464705882353,208,0.08133971291866028,1,1
18242,2232.4900000000002,4,1017,2011-09-28 13:43:00,2011-05-10 11:20:00,72,72,4,2232.4900000000002,558.1225000000001,141,0.028169014084507043,1,0
18245,2567.06,7,1788,2011-12-02 14:48:00,2010-12-19 14:58:00,153,7,7,2567.06,366.72285714285715,347,0.020114942528735632,1,1
18246,596.1,2,166,2011-11-16 11:49:00,2011-04-20 13:55:00,3,24,2,596.1,298.05,209,0.009523809523809525,0,0
18248,804.02,2,511,2011-08-09 10:19:00,2011-06-06 13:18:00,39,123,2,804.02,402.01,63,0.03125,0,0
18249,95.34,1,128,2011-11-22 15:07:00,2011-11-22 15:07:00,8,17,1,95.34,95.34,0,1.0,0,0
18250,349.27,1,199,2011-02-02 13:16:00,2011-02-02 13:16:00,21,310,1,349.27,349.27,0,1.0,0,0
18251,4314.72,1,7824,2011-09-13 15:03:00,2011-09-13 15:03:00,16,87,1,4314.72,4314.72,0,1.0,0,0
18252,518.27,2,234,2011-10-20 12:43:00,2011-06-21 11:47:00,90,51,2,518.27,259.135,121,0.01639344262295082,0,0
18255,103.3,1,74,2011-09-11 13:16:00,2011-09-11 13:16:00,6,89,1,103.3,103.3,0,1.0,0,0
18257,2337.63,8,1041,2011-10-31 14:48:00,2011-02-16 15:13:00,97,39,8,2337.63,292.20375,256,0.0311284046692607,1,0
18259,2338.6000000000004,3,714,2011-11-15 12:34:00,2010-12-08 13:38:00,27,25,3,2338.6000000000004,779.5333333333334,341,0.008771929824561403,1,0
18260,2628.35,6,1475,2011-06-20 12:37:00,2010-12-16 18:23:00,86,173,6,2628.35,438.05833333333334,185,0.03225806451612903,1,0
18261,324.24,2,146,2011-10-27 15:36:00,2011-09-05 09:34:00,19,43,2,324.24,162.12,52,0.03773584905660377,0,0
18262,149.48,1,182,2011-07-22 16:04:00,2011-07-22 16:04:00,13,140,1,149.48,149.48,0,1.0,0,0
18263,1213.1599999999999,3,1468,2011-11-14 09:00:00,2011-04-01 11:48:00,59,26,3,1213.1599999999999,404.3866666666666,226,0.013215859030837005,1,0
18265,801.51,2,311,2011-09-28 14:10:00,2011-07-04 15:26:00,44,72,2,801.51,400.755,85,0.023255813953488372,0,0
18268,25.5,1,2,2011-07-28 19:13:00,2011-07-28 19:13:00,1,134,1,25.5,25.5,0,1.0,0,0
18269,168.6,1,76,2010-12-08 13:53:00,2010-12-08 13:53:00,7,366,1,168.6,168.6,0,1.0,0,0
18270,283.15,2,101,2011-11-01 13:57:00,2011-03-18 12:41:00,11,38,2,283.15,141.575,228,0.008733624454148471,0,0
18272,3078.58,6,2050,2011-12-07 12:43:00,2011-04-07 09:35:00,99,3,6,3078.58,513.0966666666667,244,0.024489795918367346,1,1
18273,204.0,3,80,2011-12-07 13:16:00,2011-03-27 11:22:00,1,2,3,204.0,68.0,255,0.01171875,1,1
18274,175.92,1,88,2011-11-09 17:03:00,2011-11-09 17:03:00,11,30,1,175.92,175.92,0,1.0,0,0
18276,335.86,1,186,2011-10-27 10:54:00,2011-10-27 10:54:00,14,44,1,335.86,335.86,0,1.0,0,0
18277,110.38,1,68,2011-10-12 15:22:00,2011-10-12 15:22:00,8,58,1,110.38,110.38,0,1.0,0,0
18278,173.9,1,66,2011-09-27 11:58:00,2011-09-27 11:58:00,9,74,1,173.9,173.9,0,1.0,0,0
18280,180.60000000000002,1,45,2011-03-07 09:52:00,2011-03-07 09:52:00,10,278,1,180.60000000000002,180.60000000000002,0,1.0,0,0
18281,80.82,1,54,2011-06-12 10:53:00,2011-06-12 10:53:00,7,181,1,80.82,80.82,0,1.0,0,0
18282,178.05,2,103,2011-12-02 11:43:00,2011-08-05 13:35:00,12,8,2,178.05,89.025,118,0.01680672268907563,0,0
18283,2045.53,16,1357,2011-12-06 12:02:00,2011-01-06 14:14:00,263,4,16,2045.53,127.845625,333,0.04790419161676647,1,1
18287,1837.28,3,1586,2011-10-28 09:29:00,2011-05-22 10:39:00,59,43,3,1837.28,612.4266666666666,158,0.018867924528301886,1,0
